"노드 ID","정류소번호","정류소명","X좌표","Y좌표","정류소 타입"
"00001","123000689","한강버스.잠실선착장","127.084778","37.518944","한강선착장"
"00002","104000315","한강버스.뚝섬선착장","127.0664722","37.5286945","한강선착장"
"00003","103000517","한강버스.옥수선착장","127.0180556","37.53875","한강선착장"
"00004","122000752","한강버스.압구정선착장","127.0163611","37.5268056","한강선착장"
"00005","118000622","한강버스.여의도선착장","126.9346389","37.529","한강선착장"
"00006","113000513","한강버스.망원선착장","126.8946111","37.5545","한강선착장"
"00007","115000952","한강버스.마곡선착장","126.8441111","37.5751389","한강선착장"
"00008","103000519","한강버스.서울숲선착장","127.0411829013","37.5377576735","한강선착장"
"01001","100000001","종로2가사거리","126.9877522923","37.5698055407","중앙차로"
"01002","100000002","창경궁.서울대학교병원","126.9965206101","37.579432932","중앙차로"
"01003","100000003","명륜3가.성대입구","126.9982508372","37.5825800121","중앙차로"
"01004","100000004","종로2가.삼일교","126.9876130976","37.5685792736","중앙차로"
"01005","100000005","혜화동로터리.여운형활동터","127.001744","37.586243","중앙차로"
"01006","101000305","서대문역사거리","126.966893","37.566137","중앙차로"
"01007","100000380","서울역사박물관.경희궁앞","126.97038","37.569135","중앙차로"
"01008","100000379","서울역사박물관.경희궁앞","126.9707589959","37.5695119837","중앙차로"
"01009","100000384","광화문역","126.9763534416","37.5701416811","중앙차로"
"01010","100000385","광화문역","126.9778802991","37.5702396638","중앙차로"
"01011","100000386","종로1가","126.9810660928","37.5701482455","중앙차로"
"01012","100000387","종로1가","126.9816283242","37.5702710116","중앙차로"
"01013","100000388","종로2가","126.9849902588","37.5701723774","중앙차로"
"01014","100000389","종로2가","126.9865353674","37.5702378859","중앙차로"
"01015","100000390","종로3가.탑골공원","126.9893256464","37.5702088889","중앙차로"
"01016","100000391","종로3가.탑골공원","126.9899877751","37.5703605443","중앙차로"
"01017","100000392","종로4가.종묘","126.9947218896","37.5705069968","중앙차로"
"01018","100000393","종로4가.종묘","126.995395739","37.570635002","중앙차로"
"01019","100000394","종로5가.광장시장","126.9990604685","37.5707860047","중앙차로"
"01020","100000395","종로5가.광장시장","126.9996038113","37.570930167","중앙차로"
"01021","100000396","종로6가.동대문종합시장","127.004462788","37.5710111729","중앙차로"
"01022","100000397","종로6가.동대문종합시장","127.0057137364","37.5711272339","중앙차로"
"01023","100000398","동대문역.흥인지문","127.013815948","37.572447536","중앙차로"
"01037","100000365","동대문역.흥인지문","127.0124191046","37.5721524474","중앙차로"
"01041","100000366","동묘앞.서울혜화경찰서","127.0186102731","37.5738321574","중앙차로"
"01044","100000367","동묘앞.서울혜화경찰서","127.0195527812","37.5742464626","중앙차로"
"01101","100000006","경기상고","126.9693634554","37.5875502159","일반차로"
"01102","100000007","신교동","126.9702626865","37.5832955233","일반차로"
"01103","100000008","경기상고","126.9697701102","37.5871907861","일반차로"
"01104","100000009","경복고교","126.9708802468","37.5851600316","일반차로"
"01105","100000010","청운중학교","126.9726741314","37.587810579","일반차로"
"01106","100000011","자하문고개.윤동주문학관","126.9671261805","37.5921866176","일반차로"
"01107","100000012","자하문고개.윤동주문학관","126.9671906625","37.5923353152","일반차로"
"01108","100000013","청운중학교","126.9722631304","37.5884219586","일반차로"
"01109","100000014","경복고교","126.9714039185","37.5850633028","일반차로"
"01110","100000015","통인시장종로구보건소","126.9710500404","37.5803257033","일반차로"
"01111","100000016","통인시장종로구보건소","126.9713851083","37.5805132118","일반차로"
"01112","100000017","효자동","126.9706209712","37.583091043","일반차로"
"01113","100000018","사직단.어린이도서관","126.9679907155","37.5751355316","일반차로"
"01114","100000019","경복궁역1번출구","126.9714158133","37.5761614873","일반차로"
"01115","100000020","경복궁역2번출구","126.9721994292","37.577040144","일반차로"
"01116","100000021","경복궁역3번출구","126.9722828893","37.5776713863","일반차로"
"01117","100000022","경복궁","126.9787471496","37.5755767894","일반차로"
"01118","100000023","광화문역2번출구.KT광화문지사","126.9774162769","37.5723209262","일반차로"
"01119","100000415","영추문","126.9739817664","37.5789303855","일반차로"
"01120","100000025","광화문역6번출구","126.97640724","37.5700448348","일반차로"
"01123","100000028","서울역사박물관.강북삼성병원","126.971248","37.570023","일반차로"
"01124","100000029","새문안교회","126.9728386477","37.5703368912","일반차로"
"01125","100000030","광화문역7번출구","126.975837","37.570365","일반차로"
"01126","100000031","세종문화회관","126.9769975778","37.5736489318","일반차로"
"01127","100000032","서울경찰청.경복궁역","126.9714842989","37.5757446636","일반차로"
"01128","100000033","사직단","126.968188961","37.5748553458","일반차로"
"01129","100000034","광화문역6번출구.광화문빌딩","126.9768637419","37.5695035518","일반차로"
"01130","100000035","덕성여중고","126.981972246","37.5757693863","일반차로"
"01131","100000036","안국역.서울공예박물관","126.9839957858","37.5760695565","일반차로"
"01132","100000037","국민은행세검정지점","126.9608880061","37.6046629766","일반차로"
"01133","100000038","세검정초등학교","126.9612198463","37.6025022799","일반차로"
"01134","100000039","세검정.상명대","126.9582921267","37.6004770909","일반차로"
"01135","100000040","상명대입구.석파랑","126.958570225","37.5994133537","일반차로"
"01136","100000041","하림각","126.9617068235","37.5981330665","일반차로"
"01137","100000042","자하문터널입구.석파정","126.9636434993","37.5955935123","일반차로"
"01138","100000043","부암동주민센터.무계원","126.9642221989","37.5927670827","일반차로"
"01139","100000044","부암동주민센터.무계원","126.9651419211","37.5927861733","일반차로"
"01140","100000045","자하문터널입구.석파정","126.9639775924","37.5955575712","일반차로"
"01141","100000046","하림각","126.962215308","37.5981476478","일반차로"
"01142","100000047","상명대입구.세검정교회","126.9592405649","37.5996163318","일반차로"
"01143","100000048","세검정.세검정성당","126.959155798","37.6006470965","일반차로"
"01144","100000049","세검정초등학교","126.9614328894","37.6022680671","일반차로"
"01146","100000051","국민은행세검정지점","126.9611926889","37.6048461618","일반차로"
"01148","100000053","승가사입구","126.9563059978","37.6115844138","일반차로"
"01149","100000054","구기동현대빌라","126.9564575503","37.6100355035","일반차로"
"01150","100000055","구기터널.삼성출판박물관","126.9562103294","37.6086098941","일반차로"
"01151","100000056","구기터널.삼성출판박물관","126.9564166508","37.6083054034","일반차로"
"01152","100000057","구기동","126.9585297928","37.6069644475","일반차로"
"01153","100000058","구기동","126.9591017479","37.6070088003","일반차로"
"01154","100000059","승가사입구","126.956482","37.61148","일반차로"
"01155","100000060","갑을씨티텔앞","126.9635350292","37.6043709709","일반차로"
"01156","100000061","평창파출소","126.9660432906","37.6053223656","일반차로"
"01157","100000062","평창동주민센터","126.9695663093","37.6066073749","일반차로"
"01158","100000063","일성아파트","126.9729237379","37.6088723554","일반차로"
"01159","100000064","롯데아파트","126.9763156152","37.6103897208","일반차로"
"01160","100000065","롯데아파트","126.976652","37.610248","일반차로"
"01161","100000066","벽산평창힐스아파트","126.972797","37.60819","일반차로"
"01162","100000067","예능교회","126.97","37.606517","일반차로"
"01163","100000068","서울예술고등학교.평창동주민센터","126.9676276108","37.6057787606","일반차로"
"01164","100000069","화정박물관","126.9648102665","37.6045038178","일반차로"
"01165","100000376","삼성강북병원.경교장","126.9686004828","37.568145927","일반차로"
"01167","100000072","독립문역.서대문형무소역사관","126.959322","37.573395","일반차로"
"01168","100000073","금화초등학교.서울시교육청","126.964705","37.568059","일반차로"
"01169","100000368","서대문역사거리.적십자병원","126.9675878497","37.5671081521","일반차로"
"01171","100000075","독립문","126.9614303112","37.5713430165","일반차로"
"01172","100000076","창덕궁.우리소리박물관","126.9885394479","37.5775405746","일반차로"
"01173","100000077","서린동.SK서린빌딩","126.9800947893","37.5692639006","일반차로"
"01174","100000078","청계1가.장통교","126.9849267193","37.568684389","일반차로"
"01175","100000079","청계2가.수표교","126.9908172161","37.5684453156","일반차로"
"01176","100000080","청계4가.세운교","126.9965617399","37.5689254028","일반차로"
"01177","100000081","청계5가.광장시장","126.9997973605","37.5694512793","일반차로"
"01198","100000102","원남동","126.9973383362","37.5745325055","가로변시간"
"01199","100000103","창덕궁.우리소리박물관","126.9889538872","37.5772726542","일반차로"
"01200","100000104","안국역6번출구.인사동문화의거리","126.9841344381","37.575798979","일반차로"
"01201","100000105","조계사.종로경찰서","126.9831555803","37.5725223095","일반차로"
"01202","100000106","조계사.종로경찰서","126.9828258888","37.5724858087","일반차로"
"01203","100000107","안국동사거리","126.9827201116","37.5746105669","일반차로"
"01204","100000108","효제동.김상옥의거터","127.00223","37.5745","가로변시간"
"01205","100000109","종로5가.효제초등학교","127.0021442279","37.5728790133","가로변시간"
"01209","100000414","창덕궁.돈화문국악당","126.991234977","37.5774327721","일반차로"
"01212","100000116","종로5가역6번출구","127.0021826522","37.5705596025","일반차로"
"01213","100000117","청계5가.마전교","127.0028494203","37.5698351103","일반차로"
"01214","100000118","동대문","127.0084126252","37.5717262368","일반차로"
"01215","100000119","충신동","127.006278812","37.5740223509","일반차로"
"01217","100000121","충신동","127.0063433807","37.5744602778","일반차로"
"01218","100000122","연지공원앞.현대그룹빌딩","127.0008065808","37.5759104142","일반차로"
"01219","100000123","방송통신대.이화장","127.002437","37.578043","가로변전일"
"01220","100000124","혜화역2번출구.마로니에공원","127.0022769364","37.5811194873","가로변전일"
"01221","100000125","혜화역3번출구.서울대병원입구","127.0018481852","37.5809559696","가로변전일"
"01222","100000126","방송통신대.이화장","127.0019782952","37.5777889737","일반차로"
"01223","100000127","연지공원앞.현대그룹빌딩","127.0006951494","37.576119355","일반차로"
"01224","100000128","창경궁.서울대학교병원","126.9968717143","37.5788279947","일반차로"
"01225","100000129","이화동(이화장)","127.0032708172","37.5759372914","일반차로"
"01226","100000130","혜화동로터리","127.0006878052","37.5855803307","일반차로"
"01227","100000131","명륜동2가.성균관대입구","126.9993412723","37.5834170764","일반차로"
"01228","100000132","혜화역.서울연극센터(장면총리가옥)","127.0014608831","37.5840306853","일반차로"
"01229","100000133","혜화역.동성중고(장면총리가옥)","127.0015561579","37.5845329425","가로변시간"
"01231","100000135","종로구민회관.창신동두산아파트","127.0155555279","37.5740926792","일반차로"
"01235","100000139","동묘앞역6번출구","127.0156014431","37.5716849566","일반차로"
"01236","100000140","동묘앞역5번출구","127.0159450485","37.5719221488","일반차로"
"01237","101000307","청계2가교차로","126.9878778705","37.5684809008","일반차로"
"01238","100000142","창신3동주민센터","127.015178","37.578413","일반차로"
"01239","100000143","숭인1동주민센터.창신역4번출구","127.0154557816","37.5786281555","일반차로"
"01240","100000144","동묘앞역.롯데캐슬천지인","127.0158023517","37.5741800523","일반차로"
"01243","100000147","신설동역오거리","127.0228414296","37.5756947252","일반차로"
"01245","100000364","동묘앞역2번출구","127.0175234975","37.5736431148","일반차로"
"01246","100000150","구기동현대빌라","126.956622","37.609682","일반차로"
"01247","100000151","광장시장","126.9977437946","37.5694963125","일반차로"
"01249","100000153","서울특별시재향군인회관","126.9974787875","37.5725807445","가로변시간"
"01250","100000154","서울역사박물관","126.9721318077","37.5699003386","일반차로"
"01251","100000155","청계3가.관수교","126.9937793705","37.5686887917","일반차로"
"01252","100000156","청계6가.버들다리","127.0080377075","37.5699303868","일반차로"
"01253","100000157","청계7가.맑은내다리","127.0130967122","37.5700419608","일반차로"
"01254","100000158","청계8가.영도교","127.0181256262","37.5708949889","일반차로"
"01256","100000159","원남동사거리","126.9981123217","37.5757617378","일반차로"
"01262","100000165","숭인2동주민센터","127.0204373408","37.5742721533","일반차로"
"01267","100000169","조계사","126.9831609226","37.572800338","일반차로"
"01272","100000174","세종문화회관","126.9770167126","37.5733655664","일반차로"
"01277","100000179","이화동(이화장)","127.002955","37.576257","일반차로"
"01278","100000180","상명대정문","126.955143","37.601417","일반차로"
"01279","100000181","이북오도청","126.9559729686","37.6127234824","일반차로"
"01280","100000419","경복궁역(효자로입구)","126.9743023448","37.576709505","일반차로"
"01286","100000188","상명대입구.세검정교회","126.9597921957","37.5994435122","일반차로"
"01287","100000189","상명대입구.석파랑","126.9581941404","37.5995718125","일반차로"
"01288","100000190","종로중부새마을금고","127.0065911394","37.5724174899","일반차로"
"01289","100000191","신설동역오거리.서울풍물시장","127.0231950517","37.5742548131","일반차로"
"01291","100000192","청계2가.삼일교","126.9869890809","37.5683454305","일반차로"
"01292","100000193","청계8가.황학교","127.0227870051","37.5721307298","일반차로"
"01293","100000355","평창동삼성아파트","126.9787981475","37.6111800895","일반차로"
"01294","100000370","안국역5번출구","126.9855365486","37.5763329308","일반차로"
"01295","100000369","안국역.서울공예박물관","126.9848871214","37.5764140065","일반차로"
"01296","100000371","창덕궁","126.9890031166","37.5772280879","일반차로"
"01297","100000413","남인사마당","126.9874286375","37.5713191723","일반차로"
"01500","100900047","평창파출소","126.9668167021","37.605681218","마을버스"
"01501","100900178","삼청공원","126.9816468946","37.5882276807","마을버스"
"01502","100900041","수성동계곡","126.9644678921","37.5820813834","마을버스"
"01503","100900040","명륜3가종점","126.9928636796","37.5909483783","마을버스"
"01504","100900197","명륜새마을금고","126.9967901477","37.5877854691","마을버스"
"01505","100900044","서대문역3번출구","126.9663939394","37.5663370645","마을버스"
"01506","100900039","낙산공원","127.0087215681","37.5804037213","마을버스"
"01507","100900037","인사미술공간.세탁소","126.9893670844","37.5814109836","마을버스"
"01508","100900036","화정박물관","126.9648837454","37.6048011982","마을버스"
"01509","100900035","금융연수원","126.9816582681","37.5866398268","마을버스"
"01510","100900034","박노수미술관","126.966603478","37.5809967425","마을버스"
"01511","100900032","샘미용실.종로구청소년상담복지센터","126.9932227051","37.5903095275","마을버스"
"01512","100900031","서울국제고등학교","126.9972902593","37.5890715947","마을버스"
"01513","100900029","화정박물관","126.9652007897","37.6049806084","마을버스"
"01514","100900188","적십자병원후문앞","126.96544493","37.5673466781","마을버스"
"01515","100900202","서울성곽.성대후문","126.989569366","37.5893663808","마을버스"
"01516","100900026","빨래터.고희동미술관","126.9890634276","37.582987218","마을버스"
"01517","100900025","세검초등학교","126.9614907597","37.6042522792","마을버스"
"01518","100900024","삼청동주민센터","126.9819071619","37.5842638281","마을버스"
"01519","100900020","통인시장","126.9684956941","37.5804417494","마을버스"
"01520","100900021","양현관","126.9936043615","37.5897914226","마을버스"
"01521","100900017","국민생활관","126.9988619666","37.5897456349","마을버스"
"01522","100900016","오거리","126.9622629001","37.6070621164","마을버스"
"01523","100900015","경희궁자이2.3단지","126.9640686009","37.5687871134","마을버스"
"01524","100900013","창신쌍용2단지.한성대후문","127.0127581151","37.5812647965","마을버스"
"01525","100900045","통일부","126.9859476734","37.5875948053","마을버스"
"01526","100900011","원서고개","126.9878088426","37.583080553","마을버스"
"01528","100900009","종로5가입구","126.9976709493","37.5717928476","마을버스"
"01529","100900007","삼청파출소","126.9812510491","37.581813662","마을버스"
"01530","100900005","오거리.한옥마을입구","126.9696088803","37.579404615","마을버스"
"01531","100900046","명륜시장.성대후문","126.9952543092","37.5885110529","마을버스"
"01532","100900003","혜화초등학교","126.9998516643","37.5872532276","마을버스"
"01533","100900072","청련사입구","126.9624312007","37.6079803769","마을버스"
"01534","100900071","영천시장","126.9627388724","37.5700818569","마을버스"
"01535","100900070","명신초.삼선푸르지오.힐스테이트","127.014556281","37.5821062067","마을버스"
"01536","100900069","감사원","126.9852900569","37.5862106518","마을버스"
"01537","100900068","중앙중고","126.986965299","37.583092177","마을버스"
"01538","100900067","인왕빌딩","126.9577443332","37.6079283311","마을버스"
"01539","100900066","종로4가.종묘공원","126.9946203403","37.5706890289","마을버스"
"01540","100900174","국립민속박물관","126.9795533717","37.5792551846","마을버스"
"01541","100900065","광화문새마을금고","126.9711466491","37.5793687689","마을버스"
"01542","100900064","새마을금고","126.996518051","37.5877370613","마을버스"
"01543","100900063","혜화우체국","127.0006137149","37.5860376565","마을버스"
"01544","100900062","언덕앞","126.9637921715","37.6089539753","마을버스"
"01545","100900061","경희궁자이4단지","126.9621148375","37.5707022242","마을버스"
"01546","100900060","종로센트레빌후문.e편한세상보문아파트","127.0161855253","37.5817743934","마을버스"
"01547","100900059","사우디대사관앞.북촌힐스","126.9850311776","37.5841056738","마을버스"
"01548","100900058","안국선원.삼거리","126.984994076","37.5827909789","마을버스"
"01549","100900182","구기터널입구","126.9567768927","37.6082046142","마을버스"
"01550","100900057","종로3가역9번출구","126.9920931881","37.5710875771","마을버스"
"01551","100900056","경복궁","126.9793377561","37.576950157","마을버스"
"01553","100900054","소나무집","126.964110466","37.6112770717","마을버스"
"01554","100900186","독립문역3번출구","126.9597453483","37.5728784775","마을버스"
"01555","100900053","청룡사.보문파크뷰자이아파트","127.01700714","37.5800189539","마을버스"
"01556","100900052","북촌한옥마을입구.정세권활동터","126.9849422317","37.5815997311","마을버스"
"01557","100900217","종로1.2.3.4가동주민센터","126.9911314256","37.5743837122","마을버스"
"01558","100900051","창덕궁","126.9906200153","37.5760892484","마을버스"
"01561","100900050","아름다운실버","126.965463701","37.6120100581","마을버스"
"01562","100900049","독립문초등학교","126.9606775165","37.5738699714","마을버스"
"01563","100900206","종로센트레빌아파트","127.0156926979","37.5803534405","마을버스"
"01564","100900048","가회동주민센터","126.9849543284","37.579972942","마을버스"
"01565","100900097","구기빌라","126.9579797248","37.6062686142","마을버스"
"01566","100900096","원남로터리","126.997511497","37.5762373738","마을버스"
"01567","100900095","보현산신각","126.9657790521","37.6134825236","마을버스"
"01568","100900094","린덴바움숲유치원","126.9618040443","37.5746692802","마을버스"
"01569","100900093","쌍용아파트입구.창신역","127.0149447983","37.5798735304","마을버스"
"01570","100900092","아름다운가게.정독도서관","126.9851271782","37.5789480833","마을버스"
"01571","100900091","산정빌라","126.9574922002","37.6051519935","마을버스"
"01572","100900090","이화사거리","127.0020914666","37.5765095598","마을버스"
"01573","100900089","박종화고택입구","126.9676873462","37.6143102577","마을버스"
"01574","100900088","무악현대아파트후문","126.9619411637","37.5763372261","마을버스"
"01576","100900086","헌법재판소.안국역","126.9858152185","37.5773871956","마을버스"
"01577","100900184","청구빌라","126.9569839726","37.6046102563","마을버스"
"01578","100900085","서울대어린이병원응급실.갑상선센터","126.9995029662","37.5781188768","마을버스"
"01580","100900083","화인빌라","126.9685386165","37.6129345305","마을버스"
"01581","100900082","행촌주차장","126.9628880463","37.5752728058","마을버스"
"01582","100900207","창신초등학교","127.0153885503","37.5769032044","마을버스"
"01583","100900081","수운회관","126.986669266","37.5752189424","마을버스"
"01584","100900080","상명대후문","126.9573354115","37.6040255786","마을버스"
"01586","100900079","힐탑","126.9690205751","37.6116055569","마을버스"
"01587","100900187","성결교신대원총회본부","126.9634445669","37.5739763092","마을버스"
"01589","100900078","낙원상가","126.9874148722","37.5737563689","마을버스"
"01590","100900077","완성빌라","126.9575011241","37.6034020863","마을버스"
"01591","100900076","서울대병원장례식장","126.9974309648","37.5805553988","마을버스"
"01592","100900075","혜화역1번출구","127.0017632862","37.5834729904","마을버스"
"01593","100900074","감나무골공원","126.9699479367","37.6124059606","마을버스"
"01594","100900073","한국사회과학도서관.이회영기념관","126.9641239308","37.5736670147","마을버스"
"01595","100900205","동묘앞역8번출구","127.0142453819","37.5726943506","마을버스"
"01596","100900121","종로2가.탑골공원","126.98746","37.570697","마을버스"
"01597","100900120","경진빌라","126.9578303612","37.6020037175","마을버스"
"01598","100900198","성대입구","126.9992849459","37.5833533096","마을버스"
"01601","100000416","청와대","126.973768082","37.5829712951","일반차로"
"01602","100000417","춘추문","126.9796554436","37.5831276121","일반차로"
"01603","100000418","경복궁.국립민속박물관","126.9795911351","37.5794135204","일반차로"
"01607","100900119","EN갤러리","126.9706087294","37.6134217965","마을버스"
"01612","100000421","유림회관앞","126.9969805237","37.5858955968","마을버스"
"01615","100900218","성균관대정문","126.9966204422","37.5849563466","마을버스"
"01616","100900219","600주년기념관","126.9939426439","37.5873281035","마을버스"
"01617","100900220","성균관대운동장","126.99237","37.587863","마을버스"
"01618","100900221","학생회관","126.9936746328","37.5874203934","마을버스"
"01667","100900118","종로문화체육센터","126.9645321424","37.5746935562","마을버스"
"01682","100900117","동대문역2번출구","127.0117218002","37.5720494465","마을버스"
"01683","100900116","종각역.YMCA","126.98508926","37.5703976388","마을버스"
"01684","100900115","서교빌라","126.9571553655","37.601989057","마을버스"
"01685","100900177","경복궁역","126.9724733176","37.5770722054","마을버스"
"01697","100900199","성대입구","126.998853007","37.5832668015","마을버스"
"01698","100900114","무애사","126.9718458037","37.6139004282","마을버스"
"01699","100900113","단군성전앞","126.9653175119","37.5755600915","마을버스"
"01702","100900192","동대문종합시장","127.004958038","37.5712161296","마을버스"
"01714","100900112","상명초등학교","126.956715418","37.6009238115","마을버스"
"01720","100900179","법련사","126.9796650539","37.5765879752","마을버스"
"01721","100900111","광화문새마을금고","126.9710277184","37.5794930902","마을버스"
"01722","100900110","성균관대학교","126.996646","37.584886","마을버스"
"01723","100900109","참샘골공원","126.9742524976","37.6146097003","마을버스"
"01724","100900108","황학정앞","126.9653293849","37.5768126115","마을버스"
"01725","100900107","종로5가역.중부교육지원청","127.0020898456","37.5714192458","마을버스"
"01727","100900106","인사동들머리.3.1독립선언터","126.983296967","37.5719470235","마을버스"
"01728","100900105","정독도서관","126.980080541","37.5802605382","마을버스"
"01729","100900104","오거리.한옥마을입구","126.9697392663","37.5794684375","마을버스"
"01732","100900103","평창공원지킴터입구","126.9757438761","37.6163963984","마을버스"
"01733","100000360","창경궁.고궁호텔.메이플레이스호텔","126.9974492169","37.5765581609","일반차로"
"01762","100000329","광화문","126.9755694982","37.5703374879","일반차로"
"01763","100000330","종로1가","126.980129","37.57037","일반차로"
"01766","100000333","종로2가","126.9864618183","37.5700824558","일반차로"
"01767","100000334","종로3가역11번출구","126.9932082199","37.5706348964","일반차로"
"01768","100000335","종로3가","126.9909932186","37.5701024255","일반차로"
"01769","100000336","종로4가","126.9962507486","37.5704692645","일반차로"
"01771","100000338","동대문종합시장.종로6가","127.0032911936","37.5708647997","일반차로"
"01776","100900102","종로도서관","126.9671251598","37.5764842271","마을버스"
"01777","100000343","경복궁역","126.9715056448","37.5761780936","일반차로"
"01778","100000344","경복궁역7번출구","126.971681974","37.5758191735","일반차로"
"01779","100000345","안국역","126.985229602","37.5766137515","일반차로"
"01780","100000346","안국역","126.9855059829","37.5763185096","일반차로"
"01781","100000347","창덕궁","126.9889000774","37.5775204226","일반차로"
"01782","100000348","성대입구","126.9992357955","37.5832827975","일반차로"
"01790","100900101","종로사우나","126.9877503526","37.5738011149","마을버스"
"01791","100900180","홍지파크","126.9557163281","37.6012424257","마을버스"
"01792","100900100","삼청파출소","126.9813258198","37.58164517","마을버스"
"01793","100900099","통인시장.종로구보건소","126.9687504797","37.5803350289","마을버스"
"01794","100900191","종로5가역.광장시장","127.000038992","37.5707724724","마을버스"
"01795","100900098","평창동산림제3초소","126.9771030504","37.6173560499","마을버스"
"01796","100900145","배화여중고","126.9676986337","37.5767787564","마을버스"
"01797","100900143","대학로입구.이화사거리","127.0025801998","37.5759841652","마을버스"
"01798","100900144","운현궁","126.9869813803","37.5752716136","마을버스"
"01799","100900142","상명대입구","126.9569583018","37.6000210109","마을버스"
"01800","100900141","삼청동주민센터","126.9822105151","37.5846846831","마을버스"
"01801","100900140","박노수미술관","126.9668944502","37.5810265604","마을버스"
"01802","100900139","김창열.윤명로화실","126.9783685436","37.616304998","마을버스"
"01803","100900138","사직공원.경복궁역입구","126.9689039095","37.5762206893","마을버스"
"01804","100900137","충신시장","127.005404874","37.5749766498","마을버스"
"01805","100900189","안국역2번출구앞","126.9861183272","37.5771728174","마을버스"
"01807","100900135","금융연수원","126.981847891","37.5858776706","마을버스"
"01809","100900134","감람산기도원","126.9798729651","37.6159439291","마을버스"
"01810","100900133","카센터.사직터널앞","126.9658895166","37.57409862","마을버스"
"01812","100900131","재동초등학교","126.9853617134","37.578791085","마을버스"
"01814","100900129","삼청공원삼거리.옥호정터","126.9817444742","37.5874185176","마을버스"
"01815","100900128","이화사거리","127.0022812884","37.5753200672","마을버스"
"01816","100900127","연화정사","126.9794938432","37.6146490046","마을버스"
"01817","100900126","대신중고","126.9616893251","37.5726178078","마을버스"
"01819","100900125","현대사거리","126.9866353642","37.5792417814","마을버스"
"01820","100900215","교남동주민센터","126.9613278115","37.5721819807","마을버스"
"01821","100900181","부암동주민센터.무계원","126.9637682263","37.5929353403","마을버스"
"01823","100900124","형제봉입구","126.9816861503","37.6128643152","마을버스"
"01824","100900123","교남동새마을금고","126.962337459","37.5714943551","마을버스"
"01825","100900122","창신초교","127.0157200961","37.5760372123","마을버스"
"01826","100900168","가회동주민센터","126.9851293823","37.5799426497","마을버스"
"01827","100900167","볼링장","126.9879589184","37.5792554401","마을버스"
"01829","100900166","석파정.서울미술관","126.9637824182","37.5947643228","마을버스"
"01830","100900165","지구촌교회","126.9792421489","37.6131060324","마을버스"
"01831","100900164","월암공원","126.9646918774","37.5712260916","마을버스"
"01832","100900163","숭인1동주민센터","127.0155607478","37.5774150014","마을버스"
"01833","100900162","북촌한옥마을입구.정세권활동터","126.9851687446","37.5812807738","마을버스"
"01835","100900161","하림각","126.9629663842","37.5976847268","마을버스"
"01836","100900160","보현빌라","126.9784205906","37.6153822583","마을버스"
"01837","100900159","스위스대사관","126.9656960774","37.5701413179","마을버스"
"01839","100900157","안국선원.삼거리","126.9852205387","37.5827432497","마을버스"
"01840","100900156","세검정교회","126.9600291533","37.5993880238","마을버스"
"01841","100900200","혜화동로터리","127.0010032298","37.5859196111","마을버스"
"01842","100900155","김종영미술관","126.9781122953","37.6132637884","마을버스"
"01843","100900154","서울시교육청","126.9666998924","37.569381682","마을버스"
"01844","100900210","창신쌍용1단지.종로센트레빌아파트","127.0155692785","37.5803228198","마을버스"
"01845","100900153","사우디대사관.북촌힐스","126.9852486243","37.583863308","마을버스"
"01846","100900152","상명대입구","126.9574023475","37.5998544708","마을버스"
"01847","100900151","혜화초등학교","126.9999909413","37.5873892922","마을버스"
"01849","100900149","강북삼성병원","126.9683376852","37.5685315243","마을버스"
"01850","100900148","청룡사.보문파크뷰자이아파트","127.0171508787","37.5797846496","마을버스"
"01851","100900147","감사원","126.9855618026","37.5862656518","마을버스"
"01852","100900201","국민생활관","126.9993137839","37.5896275957","마을버스"
"01855","100900173","종로센트레빌후문.e편한세상보문아파트","127.0162353711","37.5818978359","마을버스"
"01856","100900172","통일부","126.9861073451","37.5875308468","마을버스"
"01858","100900171","서울국제고등학교","126.9971407875","37.5890742944","마을버스"
"01860","100900203","성대후문.와룡공원","126.989734001","37.5891522774","마을버스"
"01861","100900170","상명초등학교","126.9568173576","37.600904926","마을버스"
"01862","100900169","새마을금고","126.9965690016","37.5878406881","마을버스"
"01863","100900002","경진빌라","126.9579482257","37.6018640911","마을버스"
"01864","100900004","명륜시장.성대후문","126.9952305162","37.5887246101","마을버스"
"01865","100900006","완성빌라","126.9576665157","37.6033399708","마을버스"
"01866","100900008","양현관","126.9937685575","37.5897680031","마을버스"
"01868","100900010","상명대후문","126.9574633677","37.6040715802","마을버스"
"01869","100900012","샘미용실.종로구청소년상담복지센터","126.9934084203","37.5902545716","마을버스"
"01870","100900014","산정빌라","126.9575782035","37.6052835831","마을버스"
"01872","100900018","구기빌라","126.9579809335","37.6061334517","마을버스"
"01873","100900019","마트앞","126.958756466","37.6066987064","마을버스"
"01874","100900022","국민은행.세검정지점","126.9608727063","37.6049541749","마을버스"
"01876","100900027","혜화역4번출구","127.0015538872","37.5835080381","마을버스"
"01877","100900028","방송통신대앞","127.0019926794","37.5786973612","마을버스"
"01878","100900030","서울대치과대학","126.997800962","37.5774082997","마을버스"
"01879","100900033","효제초교.연동교회.김마리아활동터","127.0022087811","37.5736413355","마을버스"
"01881","100900204","성균관대학교","126.9900035953","37.5884638684","마을버스"
"01883","100900038","서울대치과대학","126.9978632209","37.5775727323","마을버스"
"01886","100900043","이화사거리","127.0020084833","37.5769483437","마을버스"
"01887","100900042","서울대학교병원현관.암병원현관","126.9981631637","37.5790872846","마을버스"
"01888","100900211","종각.공평유적전시관","126.98319","37.57164","마을버스"
"01889","100900213","조계사","126.9831364101","37.5736021088","마을버스"
"01901","100000399","동대문역JW메리어트동대문호텔","127.0092820998","37.5706369793","일반차로"
"01902","100000407","대학로","127.0021204164","37.58189612","일반차로"
"01903","100000408","창경궁","126.9964163097","37.5791596347","일반차로"
"01904","100000409","창덕궁","126.9901776043","37.5775301708","일반차로"
"01905","100000410","인사동.북촌","126.9837977873","37.5758950223","일반차로"
"01906","100000411","경복궁.국립민속박물관","126.9795487018","37.579339181","일반차로"
"01907","100000412","세종문화회관","126.9769120216","37.5731388499","일반차로"
"01910","100000401","통인시장","126.9713315727","37.5791187605","일반차로"
"01911","100000402","세종문화회관","126.9770139456","37.5731558567","일반차로"
"01912","101000313","종각역","126.9828944171","37.5693799579","일반차로"
"01913","100000403","인사동.탑골공원","126.9888006413","37.5701155367","일반차로"
"01914","100000404","종묘.세운상가","126.9934997231","37.5703736241","일반차로"
"01915","100000405","광장시장","126.9996789008","37.5707521431","일반차로"
"01916","100000406","동묘.숭인동도깨비시장","127.0180439092","37.5734766013","일반차로"
"01917","105000553","서울풍물시장","127.0231780999","37.5733400255","일반차로"
"01918","100000400","청와대","126.9737600308","37.582684814","일반차로"
"01919","100000422","서울역사박물관.경희궁","126.971956","37.569902","일반차로"
"02001","101000001","명동성당.남대문세무서","126.9875299251","37.5649848069","중앙차로"
"02002","101000002","국가인권위.안중근활동터","126.9878515151","37.5643504711","중앙차로"
"02003","101000003","서울역버스환승센터","126.9722570849","37.5551460158","중앙차로"
"02004","101000004","서울역버스환승센터","126.9725924801","37.5554029828","중앙차로"
"02005","101000005","서울역버스환승센터","126.9727238221","37.555388989","중앙차로"
"02006","101000006","서울역버스환승센터","126.9728547738","37.5554794133","중앙차로"
"02007","101000007","서울역버스환승센터.강우규의거터","126.9729402621","37.5554141603","중앙차로"
"02008","101000008","숭례문","126.9737783904","37.5586388574","중앙차로"
"02100","101000303","서울시청","126.9806320857","37.5661382638","일반차로"
"02101","101000009","만리동고개","126.9626582054","37.551787064","일반차로"
"02102","101000010","손기정체육공원입구","126.9662339013","37.5544459527","일반차로"
"02103","101000011","서울의료보건고등학교.서울역서부","126.9689026242","37.5558478973","일반차로"
"02104","101000012","서울역서부","126.9691514463","37.556237644","일반차로"
"02105","101000013","서울역서부","126.969293","37.555855","일반차로"
"02106","101000014","중림동교차로","126.9691354395","37.5583836266","일반차로"
"02107","101000015","중림동.충정로역2호선","126.964879","37.559839","일반차로"
"02108","101000016","한국경제신문사.서소문역사공원","126.9678680149","37.5602111497","일반차로"
"02109","101000017","한국경제신문사.서소문역사공원","126.9681135141","37.5606234736","일반차로"
"02110","101000018","경찰청.동북아역사재단","126.9691267228","37.5630494858","일반차로"
"02111","101000300","장충동써미트호텔","127.0066750078","37.5622736605","일반차로"
"02113","101000020","농협은행.유관순활동터","126.9677868059","37.5649062803","일반차로"
"02116","101000021","염천교","126.97311408","37.5598696316","일반차로"
"02117","101000022","숭례문","126.97335794","37.5584010617","일반차로"
"02118","101000023","숭례문.한국일보","126.9737375955","37.5587713091","일반차로"
"02120","101000025","후암삼거리","126.9759937564","37.5534055956","일반차로"
"02121","101000026","숭례문","126.974362745","37.5587633765","일반차로"
"02122","101000027","숭례문","126.9740436876","37.5584195299","일반차로"
"02123","101000028","숭례문.서울역4번출구","126.9736279452","37.5580006528","일반차로"
"02124","101000029","숭례문.남대문시장8번출입구","126.9759976615","37.5588723988","일반차로"
"02125","101000030","숭례문남산방향","126.9756720863","37.5585581643","일반차로"
"02126","101000031","남대문시장.신세계앞","126.9800597585","37.561191081","일반차로"
"02127","101000032","북창동.남대문시장","126.978555","37.561273","가로변시간"
"02128","101000033","소공동주민센터","126.97644367","37.562197167","일반차로"
"02131","101000034","삼성본관앞","126.9759075283","37.5620517519","일반차로"
"02132","101000035","시청역8번출구","126.976148714","37.562764205","일반차로"
"02133","101000036","시청역9번출구.시청서소문2청사","126.9746522037","37.5631901447","일반차로"
"02134","101000037","시청역11번출구","126.975314","37.563722","일반차로"
"02135","101000038","시청.서소문청사","126.9749539314","37.5635248407","일반차로"
"02136","101000333","광교","126.9828444051","37.5681069154","가로변시간"
"02137","101000039","서울신문사","126.9773647051","37.5683632936","일반차로"
"02138","101000337","명동성당","126.9874193795","37.564974163","일반차로"
"02139","101000040","우리은행종로지점","126.9828658628","37.5678390393","가로변시간"
"02140","101000041","롯데백화점","126.9822069938","37.5645069796","가로변전일"
"02141","101000042","소공동.롯데영플라자","126.9815478394","37.5628907847","가로변시간"
"02142","101000043","명동.롯데영플라자","126.982008","37.562885","가로변전일"
"02143","101000334","명동입구B","126.9823981134","37.5644247651","가로변전일"
"02144","101000045","신세계백화점","126.9814315438","37.561127344","일반차로"
"02145","101000046","남대문시장.회현역","126.9777650546","37.5582675237","일반차로"
"02146","101000047","남대문시장.회현역","126.9784645011","37.5584920257","일반차로"
"02147","101000048","남산3호터널","126.9827404025","37.5583104538","일반차로"
"02148","101000049","남산3호터널.정화예술대학교","126.9826359346","37.5595260891","일반차로"
"02149","101000050","명동역4번출구","126.9849157703","37.560657849","일반차로"
"02150","101000051","퇴계로2가.명동역5번출구","126.9843582953","37.5609325805","일반차로"
"02151","101000052","충무로역.한옥마을.한국의집","126.9917771969","37.5612508237","일반차로"
"02152","101000053","충무로역.한옥마을.한국의집","126.9924098253","37.5609019668","일반차로"
"02153","101000054","충무로역2번출구","126.9947285429","37.5612375854","일반차로"
"02154","101000055","충무로역8번출구","126.9964921507","37.5620371603","일반차로"
"02155","101000056","초동","126.9931119513","37.5633461766","일반차로"
"02156","101000057","을지로입구.로얄호텔","126.9853902774","37.5658757422","일반차로"
"02157","101000058","을지로입구.시청입구","126.9811712097","37.5661382638","일반차로"
"02158","101000059","을지로2가.기업은행본점.서울노동청","126.9865233528","37.566246226","일반차로"
"02159","101000060","을지로2가.파인에비뉴","126.988670826","37.5660727123","일반차로"
"02160","101000061","을지로3가","126.9902600103","37.5663729806","일반차로"
"02161","101000062","을지로3가","126.9914237666","37.5661389597","일반차로"
"02162","101000063","을지로4가","126.9959336364","37.5666841559","일반차로"
"02163","101000064","을지로4가.베스트웨스턴국도","126.9968473297","37.5664010399","일반차로"
"02164","101000065","중구청앞.덕수중학교","126.9981484996","37.564717315","일반차로"
"02165","101000066","방산시장.을지로4가역6번출구","126.999258524","37.5668182855","일반차로"
"02166","101000067","을지로5가.중부시장","127.0011150411","37.5666200422","일반차로"
"02167","101000068","방산시장.훈련원종합체육관","127.0024044565","37.5679608485","일반차로"
"02168","101000069","을지로5가","127.0025945654","37.5658243542","일반차로"
"02169","101000070","을지로6가.국립중앙의료원","127.0062316194","37.5661698346","일반차로"
"02170","101000071","동대문역사문화공원역8번출구","127.0072096931","37.5650528273","일반차로"
"02171","101000072","동대문역사문화공원역9번출구","127.0077222561","37.5651725525","일반차로"
"02172","101000073","을지로6가.국립중앙의료원","127.0058434821","37.5664631128","일반차로"
"02173","101000074","동대문역사문화공원","127.0083555318","37.5673541422","일반차로"
"02174","101000075","동대문역사문화공원","127.0091685169","37.5674835037","일반차로"
"02177","101000077","중구보건소.충무아트센터","127.0135231437","37.5651675256","가로변전일"
"02178","101000078","중구보건소.충무아트센터","127.0147408667","37.5650178857","일반차로"
"02179","101000079","성동공업고등학교(무궁화회관)","127.0157558376","37.5683481924","일반차로"
"02180","101000080","성동공업고등학교앞","127.0161294881","37.5686950625","일반차로"
"02181","101000081","신당역1번출구.서울중앙시장","127.0187426545","37.5657282804","일반차로"
"02182","101000082","신당역4번출구.서울중앙시장","127.0194795301","37.5654920748","일반차로"
"02183","101000083","성동고등학교건너","127.0221821569","37.5655941894","일반차로"
"02184","101000084","신당5동주민센터.성동고등학교","127.0223979004","37.5652410933","일반차로"
"02187","101000085","신당누리센터.신당동떡볶이타운","127.0150959791","37.5627954621","일반차로"
"02188","101000086","신당동떡볶이타운.중구여성플라자","127.0151908517","37.5623100443","일반차로"
"02189","101000087","청구초등학교.청구역","127.0132161263","37.5589483023","일반차로"
"02190","101000088","장충초등학교.청구역","127.0130316796","37.559257398","일반차로"
"02191","101000089","약수역2번출구.가온도서관","127.0110429415","37.5557929112","일반차로"
"02192","101000090","약수역3번출구.약수하이츠","127.0113796895","37.5557496102","일반차로"
"02193","101000091","약수역4번출구.금호터널입구","127.012012","37.553399","일반차로"
"02194","101000092","약수역5번출구.금호터널입구","127.0118693353","37.55292373","일반차로"
"02195","101000093","약수역8번출구.신당사회복지관","127.0099566945","37.5538646495","일반차로"
"02196","101000094","약수역7번출구.약수동주민센터","127.0092978444","37.5528509718","일반차로"
"02197","101000095","송도병원","127.0077186988","37.5502676468","일반차로"
"02198","101000096","송도병원건너","127.0073984027","37.550227118","일반차로"
"02199","101000294","약수역1번출구","127.009755648","37.556252533","일반차로"
"02201","101000097","장충체육관앞","127.0080610837","37.5583362176","일반차로"
"02202","101000098","장충체육관앞","127.0078281581","37.5580017329","일반차로"
"02203","101000099","장충동.동국대입구","127.00590981","37.560621324","일반차로"
"02204","101000100","장충동.동국대입구","127.0056290943","37.5606663921","일반차로"
"02205","101000101","퇴계로6가","127.0039011095","37.5634011312","일반차로"
"02206","101000102","퇴계로6가.광희동주민센터","127.00337576","37.5635284386","일반차로"
"02207","101000103","퇴계로5가.충무초등학교","126.9999660413","37.5623804057","일반차로"
"02208","101000104","퇴계로5가.중구청","126.9997252277","37.5627804223","일반차로"
"02209","101000105","국립극장.반얀트리호텔","127.001094708","37.551481823","일반차로"
"02210","101000106","국립극장.반얀트리호텔","127.0007525635","37.5515339575","일반차로"
"02211","101000107","청구역2번출구.흥인초등학교","127.014656108","37.5599600605","일반차로"
"02212","101000108","청구역3번출구","127.014219181","37.5599303778","일반차로"
"02213","101000109","동화동.청구이편한세상","127.018125822","37.5600244709","일반차로"
"02214","101000110","청구동.신당동삼성아파트","127.0182736903","37.5598126778","일반차로"
"02215","101000111","백범광장","126.980093","37.555737","일반차로"
"02218","101000113","남대문경찰서.서울역10번출구","126.9738404394","37.554128189","일반차로"
"02219","101000114","남대문시장앞.이회영활동터","126.978580386","37.5609394169","가로변시간"
"02220","101000115","남산케이블카.남산산책로입구","126.9839798009","37.5552651842","일반차로"
"02222","101000117","동대입구역.장충동","127.005445","37.558362","일반차로"
"02223","101000295","약수역10번출구","127.009322","37.556256","일반차로"
"02224","101000119","청계1가.광교","126.9833922386","37.5685707852","일반차로"
"02225","101000120","청계2가.삼일교","126.9885301722","37.5678404706","일반차로"
"02226","101000121","청계4가.배오개다리","126.9971755363","37.5684843738","일반차로"
"02227","101000122","청계5가.방산시장","127.0008265972","37.5692149555","일반차로"
"02228","101000123","청계6가.평화시장","127.0043806283","37.5694411915","일반차로"
"02229","101000124","청계7가.동평화.청평화시장","127.0138508174","37.5695135434","일반차로"
"02230","101000125","청계8가.영도교","127.0189971981","37.5707259153","일반차로"
"02233","101000128","신한은행본점","126.975585201","37.5611965482","일반차로"
"02234","101000335","퇴계로2가.명동역7번출구","126.985336","37.560988","일반차로"
"02235","101000130","광희동.동대문역사문화공원역","127.0091092289","37.5654113309","일반차로"
"02236","101000131","다산동.버티고개역1번출구","127.0060242348","37.5478041512","일반차로"
"02237","101000132","버티고개역.남산타운아파트","127.0061899379","37.547650494","일반차로"
"02240","101000135","청계3가.관수교","126.9929650755","37.5682134567","일반차로"
"02241","101000136","청계6가.오간수교","127.0090361408","37.5694851752","일반차로"
"02242","101000137","충무로역7번출구","126.9933889105","37.561690572","일반차로"
"02246","101000141","을지로입구역.광교","126.9825656304","37.5676492567","가로변시간"
"02247","101000338","청계광장","126.978207","37.569011","일반차로"
"02252","101000147","신당파인힐하나유보라","127.0248560363","37.5649809794","일반차로"
"02253","101000148","명동입구","126.982474445","37.5647227393","가로변전일"
"02254","101000149","남산북측순환로입구","126.9988218165","37.5506986166","일반차로"
"02255","101000150","금호중학교.신당동삼성아파트","127.0187298806","37.5585545048","일반차로"
"02256","101000151","금호중학교.신당푸르지오아파트","127.019288178","37.5578078339","일반차로"
"02257","101000152","황학동주민센터","127.0234023516","37.5668556166","일반차로"
"02258","101000153","신당초등학교앞","127.0239172657","37.5644813411","일반차로"
"02259","101000154","신당래미안하이베르.금호베스트빌","127.0240513307","37.5616452068","일반차로"
"02260","101000155","금호베스트빌.신당래미안하이베르","127.0243472269","37.5622544456","일반차로"
"02261","101000156","신당초등학교","127.024240415","37.5645028357","일반차로"
"02272","101000163","방산종합시장","127.0019301271","37.5678058693","일반차로"
"02273","101000164","황학동롯데캐슬","127.0220339686","37.5716601701","일반차로"
"02274","101000165","광희문.광희동사거리","127.0086110484","37.5645499236","일반차로"
"02275","101000166","광희문.광희동사거리","127.009677887","37.5644016142","일반차로"
"02277","101000168","황학동롯데캐슬","127.0232958633","37.5708197498","일반차로"
"02278","101000254","한국은행앞","126.9792899798","37.561408112","가로변시간"
"02279","101000258","서울기동대.광희초등학교","127.0144829458","37.5679222068","일반차로"
"02280","101000261","동대문역사문화공원동문","127.0119962039","37.567700749","일반차로"
"02281","101000262","서대문역사거리.농협중앙회","126.9679802656","37.5668848609","일반차로"
"02282","101000263","서울역9번출구.서울스퀘어빌딩앞","126.97323173","37.555341632","일반차로"
"02283","101000264","북창동.남대문시장","126.9769187336","37.5608462911","일반차로"
"02284","101000266","남산공원.구힐튼호텔","126.976567168","37.5563677408","일반차로"
"02285","101000265","남산공원.구힐튼호텔","126.9767113404","37.5566267411","일반차로"
"02286","101000290","시청앞.덕수궁","126.9768355729","37.5662122834","일반차로"
"02287","101000292","남대문세무서.국가인권위원회","126.987866112","37.5650839621","일반차로"
"02288","101000293","장충문화체육센터.권기옥활동터","127.0025921056","37.5601745008","일반차로"
"02289","101000328","남산1호터널","126.9921666231","37.5574051765","일반차로"
"02291","101000331","남산예장버스환승주차장","126.989289","37.55974","일반차로"
"02501","101900010","약수역.3.6호선","127.011705637","37.5533046573","마을버스"
"02502","101900009","조선일보","126.976883066","37.5687339805","마을버스"
"02503","101900011","시청역","126.97701","37.566031","마을버스"
"02505","101900012","서울역","126.971278","37.55885","마을버스"
"02506","101900007","숭례문앞","126.976236105","37.5615164368","마을버스"
"02507","101900006","시청역1호선.서울시청","126.977339075","37.5673960903","마을버스"
"02510","101900005","신당역하나은행","127.0215878668","37.5654231103","마을버스"
"02513","101900004","염천교","126.9711136524","37.5597925744","마을버스"
"02516","101900003","한국경제신문사","126.9679526472","37.5609334062","마을버스"
"02518","101900001","응봉근린공원.금호산","127.0169189818","37.5535217011","마을버스"
"02519","101900023","서울방송고등학교.남산타운아파트","127.012409789","37.5495860191","마을버스"
"02520","101900022","서울방송고등학교.남산타운아파트","127.0122783521","37.5496119425","마을버스"
"02521","101900021","중구청소년센터.남산타운2상가","127.012751162","37.5516549062","마을버스"
"02522","101900020","중구청소년센터.남산타운2상가","127.0121655599","37.5519027425","마을버스"
"02523","101900019","약수시장.남산타운동문","127.0108500123","37.5517332168","마을버스"
"02524","101900018","약수지구대","127.0119577646","37.5528410964","마을버스"
"02605","101000173","남대문시장","126.979397311","37.5614284556","가로변시간"
"02639","101000277","을지로입구역.더그랜드롯데서울호텔","126.9803053067","37.5658047183","일반차로"
"02640","101000298","소공동웨스틴조선호텔","126.9796461336","37.5645178283","일반차로"
"02641","101000301","서울광장","126.978885","37.565352","일반차로"
"02643","101000275","광화문코리아나호텔","126.97690745","37.5684013914","일반차로"
"02649","101000276","서소문KAL빌딩","126.9743182567","37.5633387369","일반차로"
"02652","101000273","동국대입구.앰배서더호텔","127.0026102024","37.5597717116","일반차로"
"02661","101000226","광화문","126.9769067873","37.5687990002","일반차로"
"02662","101000227","시청.덕수궁","126.976921","37.566254","일반차로"
"02664","101000229","바비엥스위트","126.9676372948","37.5651089852","일반차로"
"02665","101000230","서울역","126.9728595843","37.5578195556","일반차로"
"02669","101000234","명동역.세종호텔","126.9864492986","37.5610860085","일반차로"
"02679","101000244","충무로역.호텔피제이","126.9955605031","37.5617180187","일반차로"
"02680","101000245","남대문시장","126.9787309255","37.560967378","가로변시간"
"02681","101000246","이비스엠버서더호텔","126.9823877131","37.5643534324","가로변전일"
"02682","101000247","프레이저플레이스","126.9692683016","37.5628476779","일반차로"
"02686","101000257","아카시아호텔.웨스턴코업레지던스","127.0034786985","37.5665506121","일반차로"
"02687","101000256","을지로코업레지던스","127.0053974501","37.5662333554","일반차로"
"02688","101000255","토요코인호텔.이비스버젯호텔","127.0089472544","37.5645913489","일반차로"
"02692","101000271","약수역","127.0098978294","37.5537889625","일반차로"
"02693","101000270","남산밀레니엄힐튼호텔","126.9759752961","37.5554665731","일반차로"
"02694","101000269","서울역","126.9720456834","37.5580158041","일반차로"
"02695","101000268","숭례문라마다&스위트호텔","126.9720684843","37.5606109591","일반차로"
"02699","101000279","시청역더플라자호텔","126.978066","37.564836","일반차로"
"02706","101000286","시청.서울신문사","126.9773647244","37.568299316","일반차로"
"02707","101000288","프레이저플레이스남대문","126.9762665716","37.5613760047","일반차로"
"02708","101000287","프레이저플레이스남대문","126.9755365701","37.5610667807","일반차로"
"02709","101000289","동대문역사문화공원","127.009245066","37.5653851887","일반차로"
"02710","101000297","광희동더스프라지르서울동대문","127.0075552593","37.5647333277","일반차로"
"02711","101000296","동대문디자인플라자DDP","127.009213839","37.5678529085","일반차로"
"02712","101000299","베이튼호텔","127.0026364414","37.5649993215","일반차로"
"02901","101000316","광화문","126.9768853297","37.5689435666","일반차로"
"02902","101000317","덕수궁","126.976925","37.566106","일반차로"
"02903","101000318","남대문시장","126.9753967375","37.5609231539","일반차로"
"02904","101000319","명동","126.9856194882","37.5607583289","일반차로"
"02905","101000320","남산골한옥마을","126.9924383581","37.5609950561","일반차로"
"02906","101000321","앰버서더호텔","127.0026253879","37.5604635042","일반차로"
"02907","101000322","신라호텔","127.0054272005","37.5583034007","일반차로"
"02908","101000324","동대문디자인플라자.동대문시장","127.0085549376","37.5668754028","일반차로"
"02919","102000322","서울역","126.972535","37.553928","일반차로"
"02920","101000308","동대문디자인프라자","127.0091304267","37.5677625606","일반차로"
"02921","101000309","방산.중부시장","126.9994422877","37.5668568761","일반차로"
"02922","101000310","을지로3가","126.9923255915","37.5665349097","일반차로"
"02923","101000311","을지로입구","126.981001305","37.5661309607","일반차로"
"02925","101000312","명동입구","126.9823015539","37.5641526235","가로변전일"
"02926","101000314","신당동중앙시장","127.0194166277","37.5657553187","일반차로"
"02927","101000315","남산오르미","126.9831348601","37.5581940477","일반차로"
"03001","102000001","한강대교북단.LG유플러스","126.9631209528","37.5240499441","중앙차로"
"03002","102000002","한강대교북단.LG유플러스","126.9631848403","37.5243060629","중앙차로"
"03003","102000003","신용산역","126.966207","37.527293","중앙차로"
"03004","102000004","신용산역","126.9666192358","37.527920489","중앙차로"
"03005","102000005","용산우체국","126.9702350163","37.5314970129","중앙차로"
"03006","102000006","용산우체국","126.9705640624","37.5320503694","중앙차로"
"03007","102000007","삼각지역.전쟁기념관","126.9736858311","37.5351801399","중앙차로"
"03008","102000008","삼각지역.전쟁기념관","126.9741608708","37.5359845015","중앙차로"
"03009","102000009","숙대입구역","126.9725377982","37.543295633","중앙차로"
"03010","102000010","숙대입구역","126.9722320769","37.5437560216","중앙차로"
"03011","102000011","갈월동","126.9722373211","37.5509755993","중앙차로"
"03012","102000012","갈월동","126.9717081909","37.5495337218","중앙차로"
"03110","102000018","남영역.민주화운동기념관","126.9719271804","37.542006922","일반차로"
"03111","102000019","남영역.민주화운동기념관","126.972069","37.541823","일반차로"
"03119","102000026","신용산역3번출구","126.9673497525","37.5288895698","일반차로"
"03120","102000317","서울드래곤시티","126.9630603924","37.5321566887","일반차로"
"03121","102000318","용산역3번출구.용산차고지","126.9642145682","37.5318079061","일반차로"
"03122","102000029","한강대교북단","126.963570714","37.5249689864","일반차로"
"03124","102000030","서계동.서울역공항철도15번출구","126.9693404702","37.5524743044","일반차로"
"03125","102000031","서계동","126.969221961","37.5516704971","일반차로"
"03126","102000032","청파동","126.9701219815","37.5489916168","일반차로"
"03127","102000033","청파시장","126.9698626298","37.548679027","일반차로"
"03128","102000034","숙대입구역.청파동주민센터","126.9707772395","37.5453812474","일반차로"
"04146","103000047","신금호역","127.0199214015","37.5556768698","일반차로"
"03129","102000035","숙대입구역.청파동주민센터","126.9704188578","37.5454861572","일반차로"
"03130","102000036","남영역.민주화운동기념관","126.971032","37.540813","일반차로"
"03131","102000037","남영역.민주화운동기념관","126.9706761392","37.5405702704","일반차로"
"03132","102000038","용산전자상가17동","126.9660271002","37.5337792589","일반차로"
"03133","102000039","용산전자상가19동","126.9657072039","37.5335134935","일반차로"
"03134","102000040","용산전자상가10동","126.9619640523","37.5332725045","일반차로"
"03135","102000041","용산전자상가12동","126.9621689745","37.5330574076","일반차로"
"03136","102000042","용산전자상가.전자랜드","126.9583252146","37.5327790559","일반차로"
"03137","102000043","용산전자상가.전자랜드","126.9583363743","37.5330561177","일반차로"
"03138","102000044","원효대교북단","126.956110982","37.5319853728","일반차로"
"03139","102000045","용산경찰서","126.9691858135","37.5405032098","가로변시간"
"03140","102000046","용산경찰서","126.9690615428","37.5399994643","가로변시간"
"03141","102000047","용산꿈나무종합타운.원효로우체국","126.9669290534","37.5386139009","가로변시간"
"03142","102000048","용산e편한세상","126.9654677888","37.5374620591","가로변전일"
"03143","102000049","남정초등학교","126.9636632444","37.5363187485","가로변시간"
"03144","102000050","원효로2가","126.9629911361","37.536237441","가로변전일"
"03145","102000051","원효로2가사거리","126.9610704217","37.5349338369","가로변시간"
"03146","102000052","원효로3가","126.9581798302","37.5340407624","가로변시간"
"03147","102000053","원효로3가","126.9583248022","37.5337957151","일반차로"
"03148","102000054","용암초등학교입구.이태원주공아파트","126.9886645749","37.5441159432","일반차로"
"03149","102000055","이태원동남산대림아파트.용산동아파트","126.9874799728","37.5398743674","가로변시간"
"03150","102000056","용산한신아파트","126.9871086322","37.5398054732","일반차로"
"03151","102000057","해방촌","126.986609087","37.537817739","일반차로"
"03152","102000058","국군재정관리단","126.9868496115","37.5373177108","일반차로"
"03153","102000059","용산구청","126.991163","37.530303","일반차로"
"03154","102000060","용산구청","126.9911698907","37.5294095764","일반차로"
"03155","102000061","한강중학교","126.9921715396","37.5254587536","일반차로"
"03156","102000062","한강중학교","126.9924287738","37.5245025908","일반차로"
"03157","102000063","서빙고역1번출구","126.9899502397","37.5200464191","일반차로"
"03158","102000064","장충단로입구","127.002202","37.545795","일반차로"
"03159","102000065","남산맨션아파트.남산예술원","127.00204","37.544437","일반차로"
"03160","102000066","서울시기술교육원중부.블루스퀘어","127.0033851827","37.5416918639","일반차로"
"03161","102000067","서울시기술교육원중부.블루스퀘어","127.0031508133","37.5411791533","일반차로"
"03162","102000068","순천향대학병원","127.0057302453","37.5364422432","가로변시간"
"03163","102000069","순천향대학병원","127.0062993526","37.5356114027","가로변전일"
"03164","102000070","순천향대학병원","127.0054993584","37.5357934643","일반차로"
"03165","102000071","순천향대학병원.한남오거리","127.0057290409","37.5354906847","일반차로"
"03166","102000072","한남오거리","127.0083126426","37.5328478217","일반차로"
"03167","102000073","남산도서관.용산도서관","126.980835","37.552282","일반차로"
"03168","102000074","남산도서관.용산도서관","126.9811340112","37.5520442521","일반차로"
"03169","102000075","후암약수터","126.98432","37.54869","일반차로"
"03170","102000076","후암약수터","126.9841668777","37.548395263","일반차로"
"03171","102000077","용산2가동주민센터.보성여중고","126.9858399758","37.5463968458","일반차로"
"03172","102000078","용산2가동주민센터.보성여중고","126.9857643613","37.5462454364","일반차로"
"03173","102000079","남산야외식물원입구","126.9927901963","37.5427038827","일반차로"
"03174","102000080","남산야외식물원입구","126.992916961","37.5425047481","일반차로"
"03175","102000081","하얏트호텔","126.9961358368","37.5417535527","일반차로"
"03176","102000082","하얏트호텔","126.9974258076","37.540866103","일반차로"
"03177","102000083","용마루고개(서울자동차고등학교)","126.9584647114","37.5406368923","일반차로"
"03178","102000084","용마루고개.효창파크푸르지오아파트","126.9585520334","37.5402999129","일반차로"
"03179","102000085","효창공원앞역.이봉창역사울림관","126.9618971064","37.5392719714","일반차로"
"03180","102000086","효창공원앞역.이봉창역사울림관","126.9626978558","37.5388284845","일반차로"
"03181","102000087","용산꿈나무종합타운.보건분소","126.9649997667","37.5384268178","일반차로"
"03182","102000088","용산꿈나무종합타운.보건분소","126.964648","37.538295","일반차로"
"03183","102000089","원효로제1동주민센터","126.9669923459","37.5376607152","일반차로"
"03184","102000090","전쟁기념관","126.9768577525","37.5347586674","일반차로"
"03185","102000091","전쟁기념관","126.9753831458","37.534651168","일반차로"
"03186","102000092","녹사평역","126.9851183494","37.5351069553","일반차로"
"03187","102000093","녹사평역","126.9853046955","37.5347582183","일반차로"
"03188","102000094","용산구청.이태원시장","126.9904706555","37.5343830489","일반차로"
"03189","102000095","용산구청.이태원시장","126.9900096398","37.5341127106","일반차로"
"03190","102000096","이태원역1번출구.해밀턴호텔","126.993043","37.534552","일반차로"
"03191","102000097","이태원역4번출구.해밀턴호텔","126.9934293088","37.5343539681","일반차로"
"03192","102000098","이태원119안전센터","126.996387","37.53479","일반차로"
"03193","102000099","이태원119안전센터","126.996812","37.534582","일반차로"
"03194","102000100","한남동주민센터","127.0004667254","37.5370458894","일반차로"
"03195","102000101","한남동주민센터","127.0006042579","37.5367073033","일반차로"
"03196","102000102","한강진역.블루스퀘어","127.001695","37.540805","일반차로"
"03197","102000103","한강진역.블루스퀘어","127.0020254103","37.5409291837","일반차로"
"03198","102000104","서울역11번출구","126.9738943742","37.5536168846","일반차로"
"03199","102000105","후암삼거리","126.9765772255","37.5525408404","일반차로"
"03200","102000106","후암시장","126.9770644706","37.5506891863","일반차로"
"03201","102000107","후암시장","126.9775446282","37.5497467332","일반차로"
"03202","102000108","용산중고","126.9781855672","37.5466597949","일반차로"
"03203","102000109","용산중고","126.978225","37.547205","일반차로"
"03204","102000110","후암동종점.용산중학교","126.9809588102","37.5466989277","일반차로"
"03205","102000111","용산고등학교","126.977563","37.54574","일반차로"
"03206","102000112","서울시교육청.남영동주민센터","126.976572","37.545772","일반차로"
"03207","102000113","서울시교육청.남영동주민센터","126.975732","37.545505","일반차로"
"03208","102000114","남영우체국","126.973235384","37.5451241168","일반차로"
"03209","102000115","갈월동사회복지관.남영우체국","126.973962","37.545409","일반차로"
"03210","102000116","한남시범아파트","127.0122607528","37.5379429734","일반차로"
"03211","102000117","한남시범아파트","127.0126714787","37.5377041394","일반차로"
"03212","102000118","한남동","127.0084445845","37.5339127002","일반차로"
"03213","102000119","한남동","127.0087002913","37.5337549896","일반차로"
"03214","102000120","이촌동동부센트레빌","126.9660096214","37.5215595386","일반차로"
"03215","102000121","이촌동두산위브트레지움.한강대우아파트","126.9675282802","37.5215734809","일반차로"
"03216","102000122","이촌1동충신교회앞","126.968480845","37.5212831472","일반차로"
"03217","102000123","이촌동한가람아파트.이촌역","126.9718842721","37.520656299","일반차로"
"03218","102000124","이촌동한강맨션.이촌역","126.972709783","37.5201804898","일반차로"
"03219","102000125","신용산초등학교","126.9745085046","37.5198497731","일반차로"
"03220","102000126","신용산초등학교.중경고등학교","126.9762479627","37.5190775256","일반차로"
"03221","102000127","중경고등학교.이촌동강촌아파트","126.9775234206","37.5189178471","일반차로"
"03222","102000128","이촌동점보아파트","126.9784408808","37.5183827987","일반차로"
"03223","102000129","이촌동현대아파트","126.9787120007","37.5185336834","일반차로"
"03224","102000130","금강병원.반도아파트","126.9811234284","37.517704332","일반차로"
"03225","102000131","서빙고신동아아파트","126.9851053606","37.517936953","일반차로"
"03226","102000132","서빙고신동아아파트","126.985203","37.517749","일반차로"
"03227","102000133","만리동고개","126.9628215994","37.551670014","일반차로"
"03228","102000134","손기정체육공원","126.9664230215","37.5542153265","일반차로"
"03229","102000135","숙대입구역","126.970799","37.544479","일반차로"
"03230","102000136","남영역.민주화운동기념관","126.9709244565","37.5422202391","일반차로"
"03231","102000137","숙명여대도서관앞","126.9672216718","37.5448468654","일반차로"
"03232","102000138","숙명여대도서관앞","126.9664464653","37.5448412411","일반차로"
"03233","102000139","숙명여대정문","126.9641094647","37.5449594985","일반차로"
"03234","102000140","숙명여대정문","126.9643096929","37.5451307674","일반차로"
"03235","102000141","숙명여대후문.이봉창활동터","126.9632996424","37.5460839723","일반차로"
"03236","102000142","효창공원후문","126.9625778991","37.5467910299","일반차로"
"03237","102000143","한겨레신문사입구","126.9591928852","37.5458806239","일반차로"
"03238","102000144","대한노인회중앙회","126.9576684412","37.5437890449","일반차로"
"03239","102000145","효창운동장.효창동주민센터","126.9617671315","37.5422095196","일반차로"
"03240","102000146","효창동주민센터.금양초등학교","126.9622336676","37.5416239572","일반차로"
"03241","102000147","금양초등학교","126.9620007403","37.5412992546","일반차로"
"03242","102000148","효창공원역","126.9610378658","37.5387860159","일반차로"
"03243","102000149","도원삼성래미안아파트","126.9574338661","37.539776803","일반차로"
"03244","102000150","도원삼성래미안아파트","126.9572103137","37.5396254142","일반차로"
"03245","102000151","중앙하이츠빌라앞","126.9600336494","37.5380144603","일반차로"
"03246","102000152","중앙하이츠빌라앞","126.9598809227","37.5379738635","일반차로"
"03247","102000153","용문시장","126.9609679808","37.5363479221","일반차로"
"03248","102000154","용문시장","126.960921","37.536726","일반차로"
"03249","102000155","용산전자상가입구","126.9622225151","37.5345701678","일반차로"
"03250","102000156","용산전자상가입구","126.9619447091","37.5346611171","일반차로"
"03251","102000157","신용산지하차도","126.963668181","37.5328348806","일반차로"
"03252","102000158","신용산지하차도","126.963882","37.53259","일반차로"
"03253","102000159","신용산역5번출구","126.9676784797","37.5300338589","일반차로"
"03255","102000161","용산역","126.9658224646","37.5288666127","일반차로"
"03256","102000162","용산푸르지오써밋","126.96475962","37.5275756153","일반차로"
"03257","102000163","용산푸르지오써밋","126.964578773","37.527230928","일반차로"
"03258","102000164","용산역광장앞","126.965617","37.528333","일반차로"
"03259","102000165","용산역사박물관.용산철도고등학교","126.9660149714","37.5255972846","일반차로"
"03260","102000166","용산역사박물관.용산철도고등학교","126.9671194025","37.5253057707","일반차로"
"03261","102000167","용산세무서","126.9692440232","37.5237318415","일반차로"
"03262","102000168","용산세무서","126.970154424","37.5236213922","일반차로"
"03263","102000169","이촌역","126.9739086458","37.5226689183","일반차로"
"03264","102000170","이촌역","126.9740268751","37.5223634662","일반차로"
"03265","102000171","국립중앙박물관.용산가족공원","126.9786512102","37.5208980106","일반차로"
"03266","102000172","국립중앙박물관.용산가족공원","126.9799562027","37.5208754875","일반차로"
"03267","102000173","서빙고역교차로","126.9899","37.520427","일반차로"
"03268","102000174","서빙고초등학교","126.9908893645","37.5211711184","일반차로"
"03269","102000175","한강중학교","126.9913627138","37.5251140639","일반차로"
"03270","102000176","서빙고동금호베스트빌","126.9907181939","37.5226362582","일반차로"
"03272","102000178","서빙고동","126.992986","37.519851","일반차로"
"03273","102000179","서빙고동주민센터","126.9948813029","37.5203840049","일반차로"
"03274","102000180","동빙고동","126.996690677","37.5208183604","일반차로"
"03275","102000181","동빙고동","126.9970390394","37.5212625565","일반차로"
"03276","102000182","보광신동아아파트.삼성리버빌아파트","127.0020297105","37.5247380028","일반차로"
"03277","102000183","보광동신동아아파트","127.0015149467","37.5256237907","일반차로"
"03278","102000184","보광동주민센터","127.0005046107","37.5264591178","일반차로"
"03279","102000185","보광동","126.999026","37.528342","일반차로"
"03280","102000186","보광동","126.998896846","37.528182014","일반차로"
"03281","102000187","한국폴리텍1대학","126.9967926172","37.5301959868","일반차로"
"03282","102000188","한국폴리텍1대학","126.9965748167","37.5305293513","일반차로"
"03283","102000189","이태원역.보광동입구","126.994213","37.5334","일반차로"
"03284","102000190","이태원역.보광동입구","126.9942269972","37.5338224192","일반차로"
"03285","102000191","한남역.용산노인종합복지관","127.006795706","37.5312239311","일반차로"
"03286","102000192","한남역.용산노인종합복지관","127.007769858","37.5306687947","일반차로"
"03287","102000193","이촌119안전센터.성촌공원","126.9529474778","37.5300799765","일반차로"
"03288","102000194","이촌로입구.성촌공원앞","126.9546065451","37.5301710306","일반차로"
"03289","102000195","이촌로입구.성촌공원앞","126.954351091","37.529747416","일반차로"
"03290","102000196","이촌2동주민센터","126.9550639882","37.5277364382","일반차로"
"03291","102000197","이촌2동주민센터","126.9548605606","37.5277028919","일반차로"
"03292","102000198","이촌2동대림아파트.새남터성지","126.9563230524","37.5261753068","일반차로"
"03293","102000199","이촌2동대림아파트.새남터성지","126.9561658719","37.5260292706","일반차로"
"03294","102000200","서부이촌동입구","126.959495368","37.5238640509","일반차로"
"03295","102000201","이촌2동강변아파트","126.9597809746","37.5234462055","일반차로"
"03296","102000202","원효2동산호아파트후문","126.9500126665","37.5322600069","일반차로"
"03297","102000203","청암동강변삼성아파트","126.9482434807","37.5346144292","일반차로"
"03298","102000204","청암동강변삼성아파트","126.949323","37.534015","일반차로"
"03299","102000205","원효2동산호아파트","126.9505415559","37.5330177683","일반차로"
"03300","102000206","원효2동산호아파트","126.9508277689","37.5331088986","일반차로"
"03301","102000207","원효로풍전아파트","126.9535225314","37.5321286462","일반차로"
"03302","102000208","원효로풍전아파트","126.9545135613","37.5323687724","일반차로"
"03303","102000209","원효풍전아파트","126.9559182022","37.532742142","일반차로"
"03304","102000210","원효2동주민센터","126.9513961673","37.5344941039","일반차로"
"03305","102000211","산천동리버힐삼성아파트","126.9511923413","37.5345003443","일반차로"
"03306","102000212","산천동.성심여중고후문","126.9536425118","37.5353203855","일반차로"
"03307","102000213","산천동.성심여중고후문","126.9533822284","37.5354081306","일반차로"
"03308","102000214","신창동세방아파트","126.954957565","37.5357083247","일반차로"
"03309","102000215","신창동세방아파트","126.9549471079","37.5358300537","일반차로"
"03310","102000216","남이장군사당","126.95777","37.536622","일반차로"
"03311","102000217","남이장군사당","126.9575932164","37.5367544611","일반차로"
"03312","102000218","용문시장.용문동새마을금고","126.9595337638","37.5370716239","일반차로"
"03313","102000219","용문시장.용문동새마을금고","126.9591968331","37.5371492138","일반차로"
"03319","102000225","순천향병원입구","127.0067505734","37.5326305473","일반차로"
"03320","102000226","남산서울타워","126.9911947846","37.5510144684","일반차로"
"03321","102000227","청심경로당","126.9506907463","37.5338879189","일반차로"
"03322","102000228","삼성테마트","126.9503849242","37.5337466904","일반차로"
"03323","102000229","서빙고동금호베스트빌","126.9909910111","37.5226137862","일반차로"
"03324","102000230","한남동하이페리온","127.0055474264","37.5278439771","일반차로"
"03325","102000231","서빙고역1번출구","126.9894855098","37.5200345091","일반차로"
"03326","102000232","문배동이안아파트앞","126.971060418","37.5388699959","일반차로"
"03327","102000233","갈월동.숙대입구역10번출구","126.9716591639","37.5463858567","일반차로"
"03328","102000234","삼각지역11번출구.전쟁기념관","126.974548","37.536204","일반차로"
"03330","102000236","숙대입구","126.9705229419","37.5445305498","일반차로"
"03331","102000237","원효대교북단","126.9556102561","37.5321383559","일반차로"
"03332","102000238","문배동이안아파트앞","126.9707994501","37.5383644982","일반차로"
"03334","102000240","순천향병원입구","127.0069961164","37.532694511","일반차로"
"03335","102000241","숙명여대입구","126.9696434774","37.5448844577","일반차로"
"03336","102000243","서빙고초등학교","126.9906099662","37.5208412941","일반차로"
"03338","102000245","한강대교스카이스위트","126.9608161519","37.5213307725","일반차로"
"03339","102000246","한강대교전망카페","126.9613434997","37.5212359951","일반차로"
"03340","102000247","노들섬","126.9586051825","37.5175161768","일반차로"
"03341","102000248","노들섬","126.959037665","37.5173638437","일반차로"
"03342","102000249","용암초등학교.이태원2동주민센터","126.990733","37.544673","일반차로"
"03343","102000250","용암초등학교.이태원2동주민센터","126.9909320571","37.5448496669","일반차로"
"03344","102000266","효창공원삼거리.윤봉길의사등묘역","126.9638368968","37.5446070869","일반차로"
"03345","102000286","서울역공항철도15번출구","126.9688467509","37.5530779085","일반차로"
"03346","102000297","용산꿈나무종합타운","126.9672402984","37.538486933","일반차로"
"03347","102000316","남산도서관.용산도서관","126.9818461928","37.552343667","일반차로"
"03500","102900010","하얏트호텔","126.9969932623","37.5406603781","마을버스"
"03501","102900065","한신아파트","126.9866957386","37.5389827262","마을버스"
"03502","102900009","순천향병원","127.0048157354","37.5332487951","마을버스"
"03503","102900066","용암경로당입구","126.9869183825","37.540596615","마을버스"
"03504","102900083","한남오거리","127.0066566991","37.5330901125","마을버스"
"03505","102900079","가야랑앞","126.9936040739","37.5401952774","마을버스"
"03506","102900008","용암한신아파트","126.987435288","37.5420771725","마을버스"
"03508","102900070","효창공원후문","126.9608920893","37.5470688427","마을버스"
"03509","102900007","디지텍고등학교앞","126.9916260429","37.5398031767","마을버스"
"03510","102900006","우리들가정의원","126.9877949646","37.5432315144","마을버스"
"03511","102900097","도원삼성래미안아파트101동앞","126.9562320809","37.5390685906","마을버스"
"03512","102900080","성도약국","126.9895541036","37.5394506828","마을버스"
"03513","102900005","남산교회입구","126.9866471968","37.5446713415","마을버스"
"03515","102900003","신애교회","126.9584869002","37.5455190385","마을버스"
"03516","102900002","시장","126.9885515774","37.5389225472","마을버스"
"03517","102900001","해방촌오거리","126.9851474983","37.54572995","마을버스"
"03518","102900085","보광동주민센터","127.0000973012","37.5261473387","마을버스"
"03519","102900035","대한노인회중앙회","126.9576286965","37.5440368054","마을버스"
"03520","102900096","도원삼성래미안아파트101동앞","126.9562965631","37.5390222559","마을버스"
"03521","102900034","신흥교회앞","126.9833867831","37.5447457188","마을버스"
"03522","102900033","군인아파트","126.9963176555","37.526004062","마을버스"
"03523","102900032","원효사.백범김구기념관","126.9585663043","37.5431401733","마을버스"
"03524","102900064","녹사평역","126.9858713342","37.5350110363","마을버스"
"03525","102900031","큰빛의집앞","126.9819982464","37.5445481753","마을버스"
"03526","102900075","몬드리안서울이태원","126.992589","37.528596","마을버스"
"03527","102900098","도원삼성래미안아파트","126.9576859474","37.5396879497","마을버스"
"03529","102900063","후암동종점","126.9813662289","37.5467007949","마을버스"
"03530","102900076","용산구청","126.991477","37.530573","마을버스"
"03532","102900030","용산고등학교","126.9795092308","37.5461364014","마을버스"
"03533","102900077","외빈차고","126.992242","37.531832","마을버스"
"03534","102900029","효창공원앞역.이봉창역사울림관","126.9614323385","37.5396710223","마을버스"
"03537","102900078","청화아파트","126.995387","37.531157","마을버스"
"03540","102900027","용산경찰서","126.969805735","37.5410233025","마을버스"
"03541","102900026","숙대역7번출구","126.9722967638","37.5434757805","마을버스"
"03542","102900025","보광동삼거리","126.996811","37.530752","마을버스"
"03543","102900072","중앙하이츠빌라","126.9594786383","37.5385683269","마을버스"
"03544","102900024","원효우체국","126.967353845","37.538967266","마을버스"
"03545","102900023","보광초등학교","126.99673","37.531373","마을버스"
"03546","102900022","용문동시장.새마을금고","126.9596343248","37.5373482951","마을버스"
"03550","102900073","용문동주민센터","126.9591190202","37.5381473907","마을버스"
"03551","102900020","문배어린이공원","126.9697251251","37.5369383946","마을버스"
"03552","102900019","문배어린이공원","126.9695900372","37.5371431249","마을버스"
"03561","102900015","신용산역","126.9674544999","37.5299166547","마을버스"
"03564","102900012","용산우체국","126.9703153999","37.531376286","마을버스"
"03565","102900011","숙대역5번출구","126.9725114972","37.54403813","마을버스"
"03567","102900058","삼각지역","126.9732731006","37.5345065492","마을버스"
"03568","102900068","갈월동","126.9720930552","37.5463241118","마을버스"
"03569","102900057","보광초등학교후문앞","126.995635","37.533162","마을버스"
"03571","102900056","동자경로당","126.9741955461","37.5502867059","마을버스"
"03572","102900055","이태원역앞","126.9957","37.534339","마을버스"
"03573","102900054","녹사평역.용산구청","126.9871837649","37.5351395786","마을버스"
"03574","102900053","후암시장","126.9768043541","37.5500664789","마을버스"
"03577","102900051","후암동주민센터앞","126.9777057507","37.5483644838","마을버스"
"03578","102900084","제일기획","126.998418","37.53495","마을버스"
"03579","102900081","대성교회","126.9884520307","37.5386999666","마을버스"
"03580","102900050","용산고등학교","126.9789524928","37.5459083263","마을버스"
"03581","102900049","성도약국","126.9894307824","37.5392776612","마을버스"
"03582","102900048","후암동종점","126.9813594882","37.5465016517","마을버스"
"03583","102900047","디지텍고등학교앞","126.9918569023","37.5397139842","마을버스"
"03584","102900046","큰빛의집앞","126.9819077271","37.5444832826","마을버스"
"03585","102900082","가야랑앞","126.9937523252","37.5400889559","마을버스"
"03586","102900045","신흥교회앞","126.983387942","37.5446231699","마을버스"
"03588","102900044","해방촌오거리","126.9853964787","37.5457029481","마을버스"
"03589","102900043","남산교회입구","126.9866223212","37.5445505919","마을버스"
"03590","102900042","우리들가정의원","126.9876591627","37.5432423134","마을버스"
"03591","102900041","용암한신아파트","126.9874137344","37.5423880484","마을버스"
"03592","102900040","용암경로당입구","126.9869601654","37.5410985304","마을버스"
"03593","102900039","한신아파트","126.986557682","37.5389881171","마을버스"
"03594","102900089","갑을빌딩","126.9720388292","37.5490958683","마을버스"
"03595","102900091","리버힐삼성아파트후문","126.9487207623","37.5349462412","마을버스"
"03596","102900038","만리시장입구","126.9630412782","37.5515678017","마을버스"
"03597","102900037","배문중고등학교","126.9636168092","37.5503749309","마을버스"
"03598","102900036","청파초등학교","126.9633754859","37.5485834792","마을버스"
"03648","102000263","동부이촌동","126.9726729953","37.520139253","일반차로"
"03649","102000262","강촌APT","126.9761942244","37.5191000398","일반차로"
"03680","102000272","남산그랜드하얏트호텔","126.9973678608","37.5398259716","일반차로"
"03688","102900062","청파초등학교","126.9635056923","37.5484699816","마을버스"
"03699","102900061","배문중고교","126.963728852","37.550381273","마을버스"
"03700","102900060","만리시장입구","126.9631453007","37.5517759871","마을버스"
"03709","102900090","청암자이아파트","126.9485683053","37.5348672272","마을버스"
"03710","102000273","신동아APT","126.985188","37.517749","일반차로"
"03728","102000257","신동아APT","126.9853034727","37.5179220911","일반차로"
"03729","102000256","강촌APT","126.9773129069","37.5189057287","일반차로"
"03730","102000255","동부이촌동","126.9718175157","37.5206779095","일반차로"
"03732","102000274","이촌동두산위브트레지움","126.9659919434","37.521493673","일반차로"
"03733","102000275","이촌동두산위브트레지움","126.9675735406","37.5215283595","일반차로"
"03734","102000276","이촌현대아파트.금강병원","126.9810408412","37.5177187363","일반차로"
"03735","102000277","이촌현대아파트.금강병원","126.978748041","37.5185081173","일반차로"
"03736","102000278","한남역","127.0067323413","37.5312068138","일반차로"
"03737","102900092","도원삼성래미안아파트단지내","126.9553881353","37.5381983039","마을버스"
"03742","102900086","한남동주민센터","127.000603","37.534102","마을버스"
"03743","102900088","용산CJ나인파크","126.9695530125","37.5358706647","마을버스"
"03744","102900087","용산e편한세상","126.9672212005","37.5344621995","마을버스"
"03748","102000282","이집트대사관.한남더힐아파트","127.011274684","37.535256866","일반차로"
"03749","102000281","이집트대사관.한남더힐아파트","127.0114310392","37.5362408844","일반차로"
"03750","102000283","한남역","127.0077438254","37.5305849943","일반차로"
"03751","102000285","한남동","127.008573227","37.5337569266","일반차로"
"03752","102000284","한남동","127.0085656637","37.533963153","일반차로"
"03753","102900095","필리핀대사관","126.995093255","37.5406999627","마을버스"
"03754","102900094","필리핀대사관","126.9951600296","37.5405702075","마을버스"
"03900","102000310","전쟁기념관","126.9734851953","37.5384014653","일반차로"
"03901","102000311","용산역","126.964794","37.527598","일반차로"
"03902","102000312","국립중앙박물관","126.9785496415","37.5208476177","일반차로"
"03904","101000323","남산서울타워","126.9909861872","37.5511419911","일반차로"
"03905","102000314","하얏트호텔","126.9972013482","37.5408918783","일반차로"
"04001","103000001","답십리역사거리","127.0543961703","37.5654496127","중앙차로"
"04002","103000002","청년회의소.서울새활용플라자","127.0604823356","37.5620353607","중앙차로"
"04003","103000003","장한평역","127.0660926512","37.5611899215","중앙차로"
"04101","103000004","상왕십리역","127.0290748599","37.5643358035","일반차로"
"04102","103000005","상왕십리역","127.0286812869","37.5646936321","일반차로"
"04103","103000006","왕십리센트라스아파트","127.0248051787","37.5652129966","일반차로"
"04104","103000007","왕십리교회","127.0236794054","37.566630044","일반차로"
"04105","103000509","뉴타운아파트","127.0269697789","37.5648723959","일반차로"
"04106","103000008","청계벽산아파트.텐즈힐아파트","127.0303755149","37.5688584755","일반차로"
"04107","103000009","청계벽산아파트.텐즈힐아파트","127.0300384029","37.5679598186","일반차로"
"04108","103000010","왕십리도선동주민센터","127.0246446774","37.5676164369","일반차로"
"04109","103000011","왕십리2동주민센터","127.0332625935","37.56244961","일반차로"
"04110","103000012","코스모타워.서울신용보증재단성동지점","127.032902865","37.5629822568","일반차로"
"04112","103000014","성동구청","127.0359164214","37.5631265853","가로변시간"
"04113","103000015","상왕십리역","127.030223","37.56493","일반차로"
"04114","103000016","상왕십리역.센트라스아파트","127.0299768448","37.5658601065","일반차로"
"04115","103000515","신금호역4번출구","127.0205310813","37.5541428107","일반차로"
"04116","103000017","마장동주민센터","127.04457376","37.5673234964","일반차로"
"04117","103000018","마장역","127.0422829487","37.5655987334","일반차로"
"04118","103000019","성동노인복지관","127.0415861333","37.5649375925","일반차로"
"04119","103000020","마장축산물시장","127.0380207293","37.5709505267","가로변전일"
"04120","103000021","마장축산물시장","127.0375113528","37.5702590064","가로변전일"
"04121","103000022","도선사거리","127.0369539875","37.5670208209","일반차로"
"04122","103000023","도선사거리","127.0364845717","37.5666487791","일반차로"
"04123","103000024","마장동금호아파트","127.041859032","37.5630713327","일반차로"
"04124","103000025","마장동금호아파트","127.0415811922","37.5621577226","일반차로"
"04125","103000026","한양대부속고등학교","127.0414131621","37.5609241011","일반차로"
"04126","103000027","한양대부속고등학교","127.0411546041","37.5603881249","일반차로"
"04127","103000028","한양대앞.한양시장","127.0409668475","37.5585823987","일반차로"
"04128","103000029","한양대앞","127.0406535419","37.5585254607","일반차로"
"04129","103000030","한양대정문","127.0431286432","37.5563883665","일반차로"
"04130","103000031","한양대정문앞","127.0431384444","37.5569939038","가로변전일"
"04131","103000032","무학여고앞","127.0342332122","37.5578540014","일반차로"
"04132","103000033","무학여고","127.0338672615","37.5578953118","일반차로"
"04133","103000034","왕십리역","127.0361920228","37.5599473134","일반차로"
"04134","103000035","왕십리역","127.0362669183","37.5603365628","가로변시간"
"04135","103000036","왕십리역10번출구","127.0346872504","37.5607235444","일반차로"
"04136","103000037","행당1동주민센터","127.0384039964","37.5582671772","일반차로"
"04137","103000038","서울숲삼부아파트","127.0379492742","37.5587230766","일반차로"
"04138","103000039","응봉동주민센터","127.0335007802","37.5533989566","일반차로"
"04139","103000040","응봉동주민센터","127.0334386918","37.5537612141","일반차로"
"04140","103000041","응봉사거리","127.0344580408","37.5552918803","일반차로"
"04141","103000042","응봉동현대아파트","127.0305745164","37.5497324573","일반차로"
"04142","103000043","응봉동현대아파트","127.0309","37.550222","일반차로"
"04143","103000044","대현산배수지공원입구","127.0200356974","37.5564740008","일반차로"
"04145","103000046","신금호역","127.020117586","37.5556051708","일반차로"
"04147","103000048","금호고등학교","127.0219550538","37.5534780746","일반차로"
"04148","103000049","금호고등학교.금호자이1차아파트입구","127.0229328751","37.5531077251","일반차로"
"04149","103000050","금호동벽산아파트","127.0256791281","37.5511643996","일반차로"
"04150","103000051","래미안하이리버아파트","127.0254234439","37.5514582119","일반차로"
"04151","103000052","금호사거리","127.02606314","37.5488791385","일반차로"
"04152","103000053","금호사거리","127.0259773298","37.5494639682","일반차로"
"04153","103000054","금남시장앞.백범학원터","127.0218686315","37.5480852238","일반차로"
"04154","103000055","금남시장앞.백범학원터","127.022487755","37.5482887551","일반차로"
"04155","103000056","금호역","127.0162669926","37.5477283731","일반차로"
"04156","103000057","금호역","127.0154795051","37.5485477051","일반차로"
"04157","103000058","금옥초등학교앞","127.0198923146","37.5469673139","일반차로"
"04158","103000059","금옥초등학교앞","127.0182356475","37.5462572048","일반차로"
"04159","103000060","힐스테이트서울숲리버아파트","127.0270575925","37.5478877101","일반차로"
"04160","103000061","삼성래미안아파트앞","127.0275127211","37.5483498668","일반차로"
"04161","103000062","옥수삼성아파트.래미안옥수리버젠","127.0148475565","37.5436204852","일반차로"
"04162","103000063","옥수삼성아파트.래미안옥수리버젠","127.0146552078","37.5438034317","일반차로"
"04163","103000064","미타사입구","127.0168373163","37.5448556208","일반차로"
"04164","103000065","래미안옥수리버젠.옥수중앙교회","127.0148446166","37.5459155767","일반차로"
"04165","103000066","래미안옥수리버젠.옥수중앙교회","127.014698","37.545782","가로변전일"
"04166","103000506","옥수파크힐스아파트앞","127.0130389488","37.5471160945","일반차로"
"04167","103000507","옥수파크힐스아파트앞","127.0130159995","37.5470204344","일반차로"
"04168","103000069","옥수동회차지","127.012436","37.549361","일반차로"
"04169","103000070","옥정중학교입구","127.011302745","37.5409040726","일반차로"
"04170","103000071","옥정중학교입구","127.0109994635","37.5408770683","일반차로"
"04171","103000072","성수1가1동새마을금고","127.0495477418","37.5382204647","일반차로"
"04172","103000073","성수1가새마을금고","127.0495105089","37.5383306996","일반차로"
"04173","103000074","천주교성수동성당앞","127.0461393549","37.5393704675","일반차로"
"04174","103000075","천주교성수동성당앞","127.0460740289","37.539305526","일반차로"
"04175","103000076","뚝도아리수정수센터.수도박물관","127.044202626","37.5409772406","일반차로"
"04176","103000077","뚝도아리수정수센터.수도박물관","127.04399","37.541407","일반차로"
"04177","103000078","서울숲역2번출구","127.044692","37.542958","일반차로"
"04178","103000079","서울숲역3번출구","127.0444980594","37.5430629438","일반차로"
"04179","103000080","성동구민종합체육센터","127.0448960891","37.5460719745","일반차로"
"04180","103000081","성동구민종합체육센터","127.0445340491","37.5464979897","일반차로"
"04181","103000082","성원중학교후문","127.0503149591","37.5399724321","일반차로"
"04182","103000083","성원중학교후문","127.050759594","37.5400388326","일반차로"
"04183","103000084","경일초등학교입구","127.0463723692","37.5410800235","일반차로"
"04184","103000085","경일초등학교입구","127.0460161257","37.5413797453","일반차로"
"04185","103000086","성동교남단.서울숲리버포레","127.0444566298","37.5495163646","일반차로"
"04186","103000087","성동교남단.서울숲리버포레","127.0439627696","37.5505075164","일반차로"
"04187","103000088","상원","127.0460506002","37.5514371326","일반차로"
"04188","103000089","상원","127.0466618972","37.551747737","일반차로"
"04189","103000090","영동대교북단","127.0607392694","37.5369424226","일반차로"
"04190","103000091","경수중학교","127.0624288917","37.5397602612","일반차로"
"04191","103000092","성수119안전센터","127.060132085","37.5373416869","일반차로"
"04192","103000093","성수119안전센터","127.059997","37.537532","일반차로"
"04193","103000094","경수중학교","127.0570118184","37.5381650347","일반차로"
"04194","103000095","경수중학교","127.0572982039","37.5382865442","일반차로"
"04195","103000096","뚝도시장","127.0553996133","37.5385866142","일반차로"
"04196","103000097","뚝도시장","127.0552587843","37.5388507297","일반차로"
"04197","103000098","성원중.성수2가제1동주민센터","127.0534264696","37.5390939396","일반차로"
"04198","103000099","성원중.성수2가제1동주민센터","127.052845","37.539511","일반차로"
"04199","103000100","서울숲지구대앞","127.0523417008","37.537867716","일반차로"
"04200","103000101","서울숲지구대앞","127.0522588868","37.5380509168","일반차로"
"04201","103000102","뚝도시장구길","127.05527","37.537192","일반차로"
"04202","103000103","뚝도시장구길","127.0549267531","37.5375520694","일반차로"
"04203","103000104","성수동진주타운","127.0574889191","37.536617437","일반차로"
"04204","103000105","성수동진주타운","127.0574923078","37.536759089","일반차로"
"04205","103000106","성덕정길입구","127.059982","37.536356","일반차로"
"04206","103000107","성덕정길입구","127.06006565","37.5364382069","일반차로"
"04207","103000108","화양사거리","127.0666629344","37.5472776746","일반차로"
"04208","103000109","성수사거리.성수초등학교","127.0641612973","37.5428218897","일반차로"
"04209","103000110","서울효사랑병원","127.0632745484","37.5412636389","일반차로"
"04210","103000111","성수2가3동주민센터","127.0553883888","37.5496243675","일반차로"
"04211","103000112","제인병원","127.0568366874","37.5493511273","일반차로"
"04212","103000113","성동세무서앞","127.0621853946","37.5479946812","일반차로"
"04213","103000114","성동세무서","127.064337342","37.548239128","일반차로"
"04214","103000115","송정동서울숲아이파크","127.0692473283","37.551825481","일반차로"
"04215","103000116","송정동건영아파트","127.07115","37.555205","일반차로"
"04216","103000117","군자교남단","127.0724414557","37.5575371596","일반차로"
"04217","103000118","신답역","127.0475025717","37.570211077","일반차로"
"04218","103000119","용답동로데오거리.답십리역","127.0539458148","37.5657033305","일반차로"
"04221","103000120","서울교통공사.서울새활용플라자","127.0569134234","37.5620495039","일반차로"
"04222","103000121","뚝섬서울숲","127.036601198","37.544618041","일반차로"
"04223","103000122","뚝섬서울숲","127.0363946274","37.5456718598","일반차로"
"04226","103000125","사근동하이츠아파트앞","127.0486060331","37.5611984155","일반차로"
"04227","103000126","사근동하이츠아파트앞","127.0486881757","37.561306176","일반차로"
"04228","103000127","사근동주민센터","127.0456489178","37.5608144197","일반차로"
"04229","103000128","사근동주민센터","127.0457112392","37.5609315252","일반차로"
"04230","103000129","사근고개","127.0445908781","37.5611617078","일반차로"
"04231","103000130","사근고개","127.0445101518","37.5612555615","일반차로"
"04232","103000131","한양지구대","127.0420211147","37.5602143513","일반차로"
"04233","103000132","한양지구대","127.0419242341","37.5602445802","일반차로"
"04234","103000133","사근동벽산아파트","127.0499269056","37.5601892041","일반차로"
"04236","103000134","뚝섬역8번출구","127.0455095172","37.5476928251","일반차로"
"04237","103000135","뚝섬역2번출구","127.046846","37.547575","일반차로"
"04238","103000136","뚝섬역5번출구","127.0492754339","37.5464803389","일반차로"
"04239","103000137","뚝섬역4번출구","127.0492756444","37.5468001934","일반차로"
"04240","103000138","성수역1번출구","127.0538293527","37.5454196769","일반차로"
"04241","103000139","SK테크노빌딩앞","127.050228","37.545888","일반차로"
"04242","103000140","SK테크노빌딩앞","127.0500259308","37.545769848","일반차로"
"04243","103000141","경동초등학교입구","127.0494809367","37.5437724292","일반차로"
"04244","103000142","경동초등학교입구","127.049212934","37.5433912967","일반차로"
"04245","103000143","경일초등학교앞","127.0482363415","37.5407684319","일반차로"
"04246","103000144","경일초등학교앞","127.0481685479","37.540919377","일반차로"
"04247","103000145","한양여대앞","127.0503","37.55951","일반차로"
"04252","103000150","도선고등학교.꽃재교회","127.0277827978","37.5670932118","일반차로"
"04253","103900215","성수역4번출구","127.054582","37.544788","일반차로"
"04254","103000152","리버하우스","127.0510060889","37.5509002648","일반차로"
"04255","103000153","리버하우스","127.0506905447","37.5512302013","일반차로"
"04256","103900213","성수사거리","127.062352","37.542562","일반차로"
"04257","103900214","성수사거리","127.0623621248","37.5427980761","일반차로"
"04258","103000156","성동제일새마을금고","127.0471032979","37.560811596","일반차로"
"04259","103000157","성동제일새마을금고","127.0473012813","37.560884127","일반차로"
"04261","103000159","청계9가.텐즈힐2단지정문앞","127.0255654313","37.570749453","일반차로"
"04264","103000162","뚝섬서울숲","127.0375618762","37.5434527836","일반차로"
"04265","103000163","서울숲1번출입구","127.0426958799","37.5422230617","일반차로"
"04266","103000164","서울숲1번출입구","127.042974358","37.5419781098","일반차로"
"04267","103000165","용답휴식공원","127.0480538231","37.5693121111","일반차로"
"04268","103000166","용답휴식공원","127.0479373245","37.5695541839","일반차로"
"04269","103000167","성수2가3동주민센터","127.0542376417","37.5504251323","일반차로"
"04270","103000168","극동그린아파트앞","127.0113916813","37.5420008413","일반차로"
"04271","103000169","마장역","127.0430338383","37.5663469729","일반차로"
"04272","103000170","행당신동아.행당푸르지오아파트","127.0340192689","37.5561408382","일반차로"
"04273","103000171","숭신초등학교","127.028195858","37.5671676226","일반차로"
"04275","103000172","극동아파트","127.0239338279","37.5580974527","일반차로"
"04276","103000173","풍림아파트","127.0239062231","37.5591427175","일반차로"
"04277","103000174","벽산아파트","127.0256885739","37.555602288","일반차로"
"04278","103000175","대림아파트","127.0249260274","37.5565738309","일반차로"
"04279","103000176","행당역","127.0290982639","37.557000896","일반차로"
"04280","103000177","행당역","127.0287643907","37.557079373","일반차로"
"04281","103000178","무학중학교","127.0330162995","37.5583911544","일반차로"
"04282","103000179","극동그린아파트","127.011904958","37.5420646255","일반차로"
"04286","103000183","성수동차고지","127.055682","37.535793","일반차로"
"04288","103000185","성수두산위브아파트","127.0585185177","37.5365921538","일반차로"
"04289","103000186","왕십리자이.신당현대아파트","127.02363","37.560847","일반차로"
"04290","103000187","왕십리자이.신당현대아파트","127.024102104","37.5611519007","일반차로"
"04291","103000188","성수두산위브아파트","127.058488","37.536507","일반차로"
"04293","103000189","우리은행화양동지점","127.0661376875","37.548116421","일반차로"
"04295","103000191","황학교.텐즈힐몰","127.0236037286","37.5700517505","일반차로"
"04298","105000455","마장동주민센터","127.0446425019","37.5670632137","일반차로"
"04301","103000293","왕십리광장.왕십리역7번출구","127.0368888269","37.5611283256","일반차로"
"04302","103000292","왕십리광장.왕십리역4번출구","127.037133352","37.561364441","일반차로"
"04303","103000297","한양대후문앞","127.0496759962","37.5556432919","일반차로"
"04304","103000295","왕십리도선동주민센터","127.0244126998","37.5678169566","일반차로"
"04305","103000296","한양여대앞","127.050619338","37.5592243864","일반차로"
"04306","103000505","행당중학교","127.043024","37.553781","일반차로"
"04307","103000516","살곶이체육공원앞","127.05101917","37.5563590432","일반차로"
"04500","103900152","송정동현대아이파크아파트","127.0686200823","37.5521871167","마을버스"
"04501","103900149","극동아파트5동","127.0110790155","37.5431595377","마을버스"
"04502","103900142","대우아파트관리실","127.0199839497","37.5462141244","마을버스"
"04504","103900022","신금호역","127.0204908209","37.5545931778","마을버스"
"04505","103900150","옥수역.한강버스선착장","127.016845","37.541382","마을버스"
"04506","104900130","송정동우리동네작은체육관","127.0687627665","37.5508854915","마을버스"
"04507","103900143","대우아파트후문","127.0216589278","37.5469390691","마을버스"
"04509","103900025","금호1가동주민센터","127.02219553","37.5551290207","마을버스"
"04510","103900116","왕십리민자역사","127.0378535089","37.5618426928","마을버스"
"04511","103900024","무쇠막","127.0246947943","37.545277754","마을버스"
"04512","103900295","송정동공영주차장","127.0677474298","37.5490025833","마을버스"
"04514","103900026","대경생활과학고등학교","127.017537043","37.5559714265","마을버스"
"04515","103900120","금북초등학교.e편한세상금호105동","127.0237361041","37.5555378179","마을버스"
"04516","103900065","무학여고","127.0339123541","37.5574916088","마을버스"
"04517","103900145","힐스테이트서울숲리버","127.0253856278","37.5467445912","마을버스"
"04518","104900131","성수SKV1센터1동","127.0655811779","37.545816932","마을버스"
"04519","103900067","극동아파트상가","127.0121008716","37.5429197459","마을버스"
"04520","103900027","금호4가동주민센터.대도빌딩","127.0225635106","37.5480526537","마을버스"
"04521","103900028","화단삼거리","127.0198766785","37.5484174167","마을버스"
"04522","103900068","금호어린이집","127.0186201668","37.5567335018","마을버스"
"04523","103900029","논골.금호벽산아파트.성동공유센터","127.0253044367","37.5555394907","마을버스"
"04524","103900117","행당서울숲푸르지오상가앞","127.0338926682","37.5556173736","마을버스"
"04525","103900300","법학학술정보관","127.0485750382","37.5570403271","마을버스"
"04526","103900296","성수이비즈센터","127.0630583777","37.5465773977","마을버스"
"04527","103900069","한남하이츠아파트","127.0115923113","37.5400543105","마을버스"
"04528","103900070","금호사거리","127.0252690969","37.5480015945","마을버스"
"04529","103900031","금호산입구","127.0195736658","37.5567220851","마을버스"
"04530","103900032","한진아파트후문","127.0269971479","37.5560183016","마을버스"
"04531","103900071","신동아아파트후문","127.032693675","37.554894681","마을버스"
"04532","103900301","올림픽체육관맞은편","127.0492908049","37.5569341632","마을버스"
"04533","103900297","경수중학교입구","127.0600882973","37.5435110445","마을버스"
"04535","103900146","제일감리교회","127.0269036684","37.547866119","마을버스"
"04536","103900133","신금호역","127.019636929","37.5543806178","마을버스"
"04537","103900302","제3법학관","127.0486367607","37.556233909","마을버스"
"04538","103900034","행당서울숲푸르지오109동앞","127.0317164122","37.5544534388","마을버스"
"04539","103900035","벽산아파트정문","127.0252791565","37.5526575016","마을버스"
"04540","103900298","성수역2번출구","127.0576390687","37.5442691048","마을버스"
"04541","103900037","옥수종합사회복지관","127.0128519457","37.5408804856","마을버스"
"04542","103900126","응봉동현대아파트","127.0307682168","37.5498025299","마을버스"
"04544","103900038","행당2동주민센터","127.0306537631","37.5577375973","마을버스"
"04545","103900072","응봉경로당앞","127.031642249","37.5526279318","마을버스"
"04546","103900040","금호119안전센터","127.0247307916","37.5541870617","마을버스"
"04547","103900299","경동초등학교입구","127.0511563146","37.5458938897","마을버스"
"04548","103900041","옥수삼성아파트","127.0139484516","37.540635263","마을버스"
"04549","103900074","현대공업사앞","127.0325677907","37.549950728","마을버스"
"04550","103900134","두산상가후문.106동","127.0167386956","37.5491853986","마을버스"
"04551","103900075","중앙병원","127.0193175559","37.5519612784","마을버스"
"04552","103900019","무학중학교.무학여고","127.0331282771","37.5582100032","마을버스"
"04553","103900039","만물상회앞","127.0312234362","37.552827269","마을버스"
"04554","103900076","논골사거리","127.0248124231","37.5553150263","마을버스"
"04556","103900078","응봉초등학교.대림아파트","127.0334306978","37.5510678445","마을버스"
"04557","103900043","한신아파트","127.0192957404","37.5507538149","마을버스"
"04558","103900303","올림픽체육관앞","127.0496303854","37.5570151108","마을버스"
"04559","103900042","상봉노인정앞","127.030283193","37.5528739435","마을버스"
"04560","105000454","논골신협.대림아파트후문","127.0245743869","37.5577029753","일반차로"
"04562","103900079","옥수삼성아파트","127.0143207799","37.5407532621","마을버스"
"04563","103900045","응봉역.광희중","127.0344339086","37.5520425408","마을버스"
"04564","103900080","우리은행.백범학원터","127.0211726304","37.5480069051","마을버스"
"04566","103900082","금호공원","127.0195750088","37.5496769604","마을버스"
"04567","103900122","대현산체육관입구","127.0298541873","37.5530799025","마을버스"
"04568","103900304","한양대학교경영대학","127.0485297971","37.5570853955","마을버스"
"04570","103900084","옥수종합사회복지관","127.0132276487","37.5408867518","마을버스"
"04572","103900144","대우아파트입구","127.0191632324","37.5459834381","마을버스"
"04573","103900020","원형화단","127.0194898441","37.548592957","마을버스"
"04574","103900085","성동구청","127.0364064374","37.5641355512","마을버스"
"04575","103900047","금봉어린이집.또또와마트","127.0288090654","37.5529061904","마을버스"
"04576","103900305","한양대병원후문","127.0419651568","37.5600051066","마을버스"
"04577","103900048","경수중학교입구","127.0596206188","37.5433629833","마을버스"
"04578","103900049","옥정중학교","127.0113322323","37.5413329917","마을버스"
"04579","103900086","응봉사거리","127.0345427336","37.5548674402","마을버스"
"04582","103900051","천은교회.성동청소년상담복지센터","127.0267906941","37.554695676","마을버스"
"04583","103900151","극동아파트상가","127.0123679427","37.5429116083","마을버스"
"04584","103900088","무학여고","127.0342554186","37.5577185854","마을버스"
"04585","103900089","한전입구","127.0351185322","37.5662652006","마을버스"
"04586","103900050","논골입구.성동공유센터","127.0255715552","37.5555496417","마을버스"
"04587","103900090","극동아파트7동","127.0127539602","37.5436189277","마을버스"
"04588","103900112","성동보건소","127.0331862828","37.566494637","마을버스"
"04589","103900123","행당역.대림아파트정문","127.0286715654","37.5570496595","마을버스"
"04590","103900052","청계벽산아파트","127.0303705362","37.568262437","마을버스"
"04863","103900262","경일중고등학교","127.04921","37.542503","마을버스"
"04591","103900124","논골.e편한세상금호114동","127.0246041221","37.55519162","마을버스"
"04593","103900113","코스모타워","127.0332903821","37.5627939863","마을버스"
"04594","103900091","화단앞","127.019653956","37.5486244682","마을버스"
"04595","103900092","성동사회복지관.청계천박물관","127.0334777845","37.5703034715","마을버스"
"04596","103900125","금호119안전센터","127.0245723767","37.5542636796","마을버스"
"04597","103900093","왕약국","127.0655472648","37.5483411874","마을버스"
"04599","103900094","금호공원","127.0197741925","37.5496507955","마을버스"
"04600","103900095","성동구도시관리공단.서울시시설관리공단","127.0368611826","37.5718289131","마을버스"
"04602","103900131","e편한세상금호117동","127.0246821893","37.5526576279","마을버스"
"04603","103900053","왕십리자이.신당현대아파트","127.0236902472","37.5608470716","마을버스"
"04615","103900096","중앙슈퍼","127.0665317949","37.5495156648","마을버스"
"04648","103900054","한신아파트","127.0194077879","37.550758302","마을버스"
"04651","103900056","금호고등학교","127.0235529542","37.5530983943","마을버스"
"04658","103900111","극동.풍림아파트","127.0236410045","37.5590448945","마을버스"
"04659","103900057","GS25","127.0671617628","37.5503046673","마을버스"
"04667","103900097","중앙병원앞","127.019471524","37.5521279557","마을버스"
"04668","103900098","도선동사거리","127.0365326655","37.5667675811","마을버스"
"04669","103900058","논골신협.대림아파트후문","127.0245188619","37.5575119549","마을버스"
"04670","103900099","송정스마트헬스케어센터","127.0678257351","37.5511350971","마을버스"
"04671","103900115","성동구청","127.0360410344","37.563354049","마을버스"
"04672","103900100","논골사거리","127.0247742087","37.5561260191","마을버스"
"04674","103900101","신금호역","127.0197856168","37.5543355851","마을버스"
"04677","103900017","성동중앙교회.벽산아파트정문","127.0248775221","37.5530067236","마을버스"
"04679","103900018","무학중학교.무학여고","127.0332891007","37.5584226161","마을버스"
"04680","103900104","천은교회.성동청소년상담복지센터","127.0266661363","37.5545919447","마을버스"
"04684","103900059","금호어린이집","127.0182314515","37.5567429983","마을버스"
"04685","103900105","행당2동주민센터","127.0304206318","37.5578295691","마을버스"
"04686","103900060","금봉어린이집.또또와마트","127.028794376","37.5526423775","마을버스"
"04691","103900106","대경생활과학고등학교","127.0175178242","37.5560687475","마을버스"
"04696","103900107","대현산체육관입구","127.0297135329","37.5529629395","마을버스"
"04697","103900147","GS주유소","127.0251253545","37.546811328","마을버스"
"04698","103900108","대림아파트후문","127.026932687","37.5561715023","마을버스"
"04699","103900109","상봉노인정앞","127.0302182436","37.5526731081","마을버스"
"04700","103900110","서울숲푸르지오아파트정문","127.0243937555","37.5452561903","마을버스"
"04701","103900127","대림상가","127.0344662233","37.553878282","마을버스"
"04702","103900061","충북상회","127.0310093901","37.5527922994","마을버스"
"04706","103900062","서울숲푸르지오아파트후문","127.0228036345","37.5435444033","마을버스"
"04721","103000278","무학여고","127.0338768271","37.5581244034","일반차로"
"04722","103000279","무학여고","127.0342446422","37.5580995199","일반차로"
"04723","103000280","응봉사거리","127.0340901941","37.5553018991","일반차로"
"04724","103000281","응봉사거리","127.0344918986","37.5550801133","일반차로"
"04739","103900016","응봉역.광희중","127.0344034229","37.5522011423","마을버스"
"04740","103900015","응봉경로당앞","127.0316939654","37.5523884273","마을버스"
"04741","103900163","금호초등학교","127.0194943061","37.5526884328","마을버스"
"04742","103900128","응봉초등학교.대림아파트","127.0331680056","37.5508020956","마을버스"
"04743","103900014","행당서울숲푸르지오109동앞","127.031801204","37.5543861249","마을버스"
"04744","103900013","현대공업사앞","127.0324416568","37.5501059259","마을버스"
"04745","103900012","신동아아파트후문","127.0328358347","37.5546877083","마을버스"
"04746","103900011","신동아아파트","127.0300981967","37.5497675599","마을버스"
"04748","103900119","행당서울숲푸르지오상가앞","127.0340186862","37.5555729913","마을버스"
"04749","103900148","삼성래미안아파트","127.0275591319","37.5483750866","마을버스"
"04750","103900010","금호사거리","127.0250613034","37.5481765011","마을버스"
"04751","103900009","금남시장앞.백범학원터","127.0216479967","37.5482744945","마을버스"
"04753","103900154","왕십리광장.왕십리역7번출구","127.0365162885","37.5610465475","마을버스"
"04754","103900135","두산상가후문.106동","127.0166850915","37.5493384196","마을버스"
"04755","103900008","극동아파트7동","127.0126657069","37.543720761","마을버스"
"04756","103900007","두산아파트113동","127.016075787","37.5505884957","마을버스"
"04757","103900006","두산아파트109동","127.0166306849","37.54988947","마을버스"
"04758","103900005","극동아파트4동","127.011588323","37.5435316415","마을버스"
"04759","103900004","극동아파트4동","127.0116845111","37.5435055002","마을버스"
"04760","103900137","두산아파트109동","127.0167969818","37.5499149882","마을버스"
"04761","103900138","두산아파트115동","127.0159606783","37.5510558771","마을버스"
"04762","103900139","금호역","127.0169908982","37.5485492158","마을버스"
"04763","103900140","금호역.두산상가경비실","127.0166207533","37.5486130124","마을버스"
"04764","103900003","금호역","127.0164272951","37.5484240169","마을버스"
"04765","103900002","금호역.3호선","127.0166253219","37.5482942315","마을버스"
"04766","103900141","화단삼거리","127.0196278194","37.5482189796","마을버스"
"04767","103900001","두산아파트113동","127.0162396281","37.5507879397","마을버스"
"04770","103900155","벽산아파트501동앞","127.0254385471","37.5548866966","마을버스"
"04771","103900156","벽산아파트505동앞","127.0262518161","37.5544010055","마을버스"
"04772","103900157","벽산아파트111동앞","127.0267897943","37.5530630754","마을버스"
"04773","103900158","벽산아파트206동앞","127.027267386","37.5521525445","마을버스"
"04774","103900159","벽산아파트202동앞","127.027346896","37.5514902482","마을버스"
"04775","103900160","벽산하이피아상가앞","127.0256432644","37.5521961609","마을버스"
"04776","103900161","우리은행.백범학원터","127.0211246097","37.5482659508","마을버스"
"04780","103900162","행당푸르지오아파트","127.0340034675","37.556239062","마을버스"
"04781","105000472","왕십리역","127.036979","37.561097","일반차로"
"04782","105000471","옥정중학교","127.0113005335","37.5412473905","일반차로"
"04783","105000470","옥정중학교","127.0109934781","37.5409744546","일반차로"
"04784","105000469","옥수삼성아파트","127.0148090773","37.5436087758","일반차로"
"04785","105000468","옥수삼성아파트","127.014614465","37.5437908214","일반차로"
"04786","105000467","금옥초등학교.금호대우아파트","127.0189290928","37.546474573","일반차로"
"04787","105000466","금옥초등학교.금호대우아파트","127.018651851","37.5465899573","일반차로"
"04788","105000465","금호사거리","127.0241852708","37.5479784428","일반차로"
"04789","105000464","금호사거리","127.0250024528","37.5481765136","일반차로"
"04790","105000463","힐스테이트서울숲리버아파트","127.0269817622","37.5478769143","일반차로"
"04791","105000462","금호삼성래미안","127.0275353603","37.5483615758","일반차로"
"04792","105000461","응봉현대아파트","127.0307014263","37.5497628991","일반차로"
"04793","105000460","응봉현대아파트","127.0309019007","37.5501304936","일반차로"
"04794","105000459","응봉주민센터","127.0335211731","37.5534440055","일반차로"
"04795","105000458","응봉주민센터","127.0336017817","37.5539990568","일반차로"
"04800","103900167","래미안옥수리버젠아파트상가","127.0157270249","37.5443727865","마을버스"
"04801","103900169","옥수동주민센터.옥수동성당","127.0140191688","37.5436061689","마을버스"
"04802","103900190","국민은행","127.0122219232","37.5426971627","마을버스"
"04803","103900191","국민은행","127.0127560803","37.5427782048","마을버스"
"04804","103900192","옥수동주민센터.옥수동성당","127.0136716778","37.5432376614","마을버스"
"04805","103900193","삼성아파트정문","127.015293478","37.5438267793","마을버스"
"04807","103900189","성동노인종합복지관","127.0414402566","37.5652097737","마을버스"
"04808","103900188","중앙하이츠아파트","127.0389001215","37.5652526914","마을버스"
"04809","103900187","민자역사후문","127.0383642631","37.5635492836","마을버스"
"04811","103900185","금호1가동주민센터","127.0208123009","37.5547282857","마을버스"
"04812","103900184","금호정형외과","127.0204578591","37.5540867685","마을버스"
"04814","103900182","금호고등학교앞","127.0233929107","37.5529799549","마을버스"
"04815","103900181","벽산하이피아상가","127.026001811","37.5519671275","마을버스"
"04816","103900180","벽산노인정","127.0268504902","37.551058711","마을버스"
"04817","103900179","벽산아파트107동","127.0274313269","37.5516875417","마을버스"
"04818","103900178","벽산아파트109동","127.0274448395","37.5526114413","마을버스"
"04819","103900177","벽산아파트505동","127.0263706309","37.5543216827","마을버스"
"04820","103900176","벽산아파트501동","127.0255887508","37.5550078999","마을버스"
"04821","103900175","광희중학교.응봉역","127.035058499","37.5519110306","마을버스"
"04822","103900174","한신아파트후문","127.0370729773","37.5537403049","마을버스"
"04823","103900173","한신아파트정문","127.035382546","37.5548347521","마을버스"
"04824","103900172","민자역사후문","127.0386950898","37.56308291","마을버스"
"04825","103900171","중앙하이츠아파트","127.0384486598","37.5650542998","마을버스"
"04826","103900170","삼성래미안아파트","127.0402755817","37.565494021","마을버스"
"04827","103900196","금북초등학교입구","127.0236161649","37.5556558853","마을버스"
"04828","103900195","대현산배수지공원앞","127.0220574589","37.5551777057","마을버스"
"04829","103900198","선영약국","127.0306171809","37.5667721811","마을버스"
"04830","103900197","텐즈힐아파트101동.115동","127.029279632","37.5669824288","마을버스"
"04831","103900202","숭신초등학교.도선고등학교앞","127.0271676387","37.5673296859","마을버스"
"04832","103900201","왕십리도선동주민센터","127.0259157424","37.5677084261","마을버스"
"04833","103900200","텐즈힐아파트120동.213동앞","127.0260063322","37.56912306","마을버스"
"04834","103900199","왕십리중앙교회","127.026707232","37.5700015585","마을버스"
"04836","103900211","청계현대아파트","127.0430256561","37.5701654913","마을버스"
"04837","103900208","청계장원아파트","127.044748559","37.5693291776","마을버스"
"04839","103900203","마장2교사거리","127.0454636903","37.5679751585","마을버스"
"04840","103900204","마장2교사거리","127.0456033009","37.5681827453","마을버스"
"04842","103900207","청계장원아파트","127.0448455263","37.5693427411","마을버스"
"04843","103900209","옥수교회","127.016009017","37.5452371461","마을버스"
"04844","103900210","텐즈힐아파트107동앞","127.0285144783","37.5695685824","마을버스"
"04845","103900212","응봉동현대아파트","127.0309380064","37.5498619578","마을버스"
"04846","103900216","논골.대림아파트107동.금호동벽산아파트","127.0249544273","37.5558963995","마을버스"
"04847","103900217","옥수역5.6번출구.한강버스선착장","127.017002","37.541854","마을버스"
"04848","103900219","서울숲푸르지오아파트","127.0237432904","37.5450150995","마을버스"
"04852","103900251","경일중고등학교","127.049131","37.542316","마을버스"
"04854","103900253","이마트.서울숲힐스테이트아파트","127.052284","37.540121","마을버스"
"04855","103900254","서울숲코오롱디지털타워2차","127.05399","37.541411","마을버스"
"04856","103900255","서울경찰청제6기동단","127.054739","37.540076","마을버스"
"04857","103900256","한라시그마밸리앞","127.05532","37.539647","마을버스"
"04858","103900257","성수역3번출구","127.057061","37.543842","마을버스"
"04859","103900258","서울숲코오롱디지털타워2차","127.053848","37.541461","마을버스"
"04860","103900259","이마트.서울숲힐스테이트아파트","127.05257","37.540528","마을버스"
"04861","103900261","현대그린아파트","127.049622","37.540523","마을버스"
"04862","103900233","성수역3번출구","127.0566906693","37.5435598293","마을버스"
"04864","103900235","한라시그마밸리","127.0551786364","37.5399060735","마을버스"
"04865","103900236","서울경찰청제6기동단","127.0547711849","37.540228157","마을버스"
"04866","103900263","서울숲역","127.045146","37.543869","마을버스"
"04867","103900264","성동구민종합체육센터","127.044515","37.54527","마을버스"
"04868","103900265","서울숲2번출입구","127.04255","37.543527","마을버스"
"04871","103900242","서울숲9번출입구","127.03755914","37.5436374894","마을버스"
"04872","103900218","옥수역4번출구.한강버스선착장","127.0176124993","37.5418118508","마을버스"
"04873","103900243","성수대교북단교차로","127.0355169956","37.5442958508","마을버스"
"04876","103900246","마장역","127.0426522462","37.5661140833","마을버스"
"04877","103900247","마장역","127.0423947542","37.5656474129","마을버스"
"04878","103900266","옥정초등학교","127.015419565","37.5408892401","마을버스"
"04879","103900267","e편한세상금호109동","127.0218758358","37.5534825943","마을버스"
"04883","103900268","왕십리자이아파트107동","127.025641","37.559577","마을버스"
"04884","103900269","왕십리풍림아이원아파트102동","127.026382","37.559993","마을버스"
"04885","103900270","금호베스트빌아파트노인정앞","127.025069533","37.5618733218","마을버스"
"04887","103900272","응봉역.광희중학교","127.0352978775","37.5518786122","마을버스"
"04888","103900273","대림강변타운아파트A상가","127.0357171978","37.5547901705","마을버스"
"04889","103900274","리버그린동아아파트정문","127.0375237372","37.5534932401","마을버스"
"04890","103900275","서울숲리버뷰자이아파트제2주차장","127.0394073408","37.5561652703","마을버스"
"04891","103900276","서울숲리버뷰자이아파트제2주차장","127.0392797867","37.5557215716","마을버스"
"04892","103900277","서울숲리버뷰자이아파트제1주차장","127.0388889816","37.5541970798","마을버스"
"04893","103900278","왕십리로교차로","127.0389354428","37.557719765","마을버스"
"04894","103900279","왕십리로교차로","127.0391339263","37.5577676066","마을버스"
"04895","103900280","리버그린동아아파트","127.0382720735","37.553344391","마을버스"
"04896","103000514","서울숲리버뷰자이아파트제1주차장","127.0392367112","37.5545097441","일반차로"
"04897","103900281","왕십리역6-1번출구","127.0379129532","37.5607923799","마을버스"
"04898","103900282","행당동서울숲더샵","127.0397222715","37.5578072325","마을버스"
"04899","103900294","행당동서울숲더샵","127.0399091167","37.5580008839","마을버스"
"04900","103000511","서울숲공원","127.042573685","37.5420905951","일반차로"
"04901","103000512","성수역수제화거리","127.0546184401","37.5451580248","일반차로"
"04902","103000513","한양대역","127.0432470892","37.5568651503","일반차로"
"04904","103900285","한양대학교병원본관1층","127.0438016174","37.559459871","마을버스"
"04905","103900291","한양대학교병원본관1층","127.0435712108","37.5594516108","마을버스"
"04906","103900286","한양대학교병원응급실","127.0445985625","37.5598124622","마을버스"
"04907","103900290","한양대학교류마티스병원동관","127.044652417","37.5599701163","마을버스"
"04908","103900287","한양대학교백남학술정보관","127.0446277378","37.5589963484","마을버스"
"04909","103900289","한양종합기술연구원.생활과학대학","127.0449123153","37.5590603809","마을버스"
"04910","103900288","한양대학교생활과학대학","127.0465028779","37.5568034886","마을버스"
"04912","103900284","한양대학교제2의학관","127.0421309686","37.5593313351","마을버스"
"04914","103900283","한양대학교정문","127.0421228179","37.5577761117","마을버스"
"05001","104000001","군자교입구","127.0756461481","37.5587409868","중앙차로"
"05002","104000002","군자교입구","127.0749002776","37.5587937258","중앙차로"
"05003","104000003","군자역.용마초등학교","127.082473132","37.5560989145","중앙차로"
"05004","104000004","군자역.용마초등학교","127.081556441","37.5562698192","중앙차로"
"05005","104000005","중곡동입구삼거리","127.086550509","37.5544965543","중앙차로"
"05006","104000006","어린이대공원후문.아차산역","127.0901491873","37.5512084718","중앙차로"
"05007","104000007","어린이대공원후문.아차산역","127.0892141692","37.5527548961","중앙차로"
"05008","104000299","중곡동입구삼거리","127.085229","37.554926","중앙차로"
"05009","104000296","새밭교회","127.0931845435","37.5489834052","중앙차로"
"05010","104000295","새밭교회","127.0926144514","37.548957926","중앙차로"
"05011","104000298","광나루역","127.1026490566","37.5457409721","중앙차로"
"05012","104000297","광나루역","127.1037600333","37.5451588569","중앙차로"
"05101","104000008","군자교","127.0752029849","37.561532857","일반차로"
"05102","104000009","군자교","127.0752287457","37.5623861756","일반차로"
"05103","104000010","천주교서울대교구홍병철관","127.0773349708","37.5589508735","일반차로"
"05104","104000011","천주교서울대교구홍병철관","127.0776318627","37.559086619","일반차로"
"05105","104000012","중곡1동주민센터입구","127.0783835194","37.5605224214","일반차로"
"05106","104000013","중곡1동주민센터입구","127.078403699","37.5608783017","일반차로"
"05107","104000014","중곡1동사거리","127.0794725244","37.5624536807","일반차로"
"05108","104000015","중곡1동사거리","127.0792818001","37.5624813464","일반차로"
"05109","104000016","중마초등학교.중곡제일골목시장앞","127.0808443646","37.5649806937","일반차로"
"05111","104000018","용마사거리","127.0818720972","37.5622907455","일반차로"
"05112","104000019","중곡2동주민센터앞","127.0808552636","37.5598837254","일반차로"
"05113","104000020","중곡2동주민센터앞","127.0811551751","37.5598402672","일반차로"
"05114","104000021","중곡동성당앞","127.0829363287","37.5631682406","일반차로"
"05115","104000022","보건복지행정타운","127.0833601348","37.5638882429","일반차로"
"05116","104000023","대원여자고등학교앞","127.087052","37.562118","일반차로"
"05117","104000024","중곡보건지소","127.0869845748","37.5599194877","일반차로"
"05118","101000252","신성시장앞","127.0876755037","37.5583163621","일반차로"
"05119","104000026","중곡우체국앞","127.0838852989","37.5615773116","일반차로"
"05120","104000027","중곡3동주민센터","127.0797293274","37.569746048","일반차로"
"05121","104000028","중곡3동주민센터","127.0794405363","37.5700272219","일반차로"
"05122","104000029","중곡아파트","127.0778996992","37.5664012264","일반차로"
"05123","104000030","중곡아파트","127.0771769652","37.5657955541","일반차로"
"05124","104000031","중마초등학교.중곡제일골목시장앞","127.0808531239","37.5652307141","일반차로"
"05125","104000032","중곡역입구","127.0816150335","37.5663404337","일반차로"
"05126","104000033","중곡역입구","127.0816481504","37.5666597846","일반차로"
"05127","104000034","중곡문화체육센터","127.0827951289","37.5685360222","일반차로"
"05128","104000035","중곡문화체육센터","127.0826418853","37.5684915275","일반차로"
"05129","104000036","면곡시장앞","127.0832843745","37.5707949236","일반차로"
"05130","104000037","면곡시장앞","127.0834488311","37.5710831259","일반차로"
"05131","104000038","중곡SK아파트.용암사입구","127.0860566161","37.5679159934","일반차로"
"05132","104000039","용곡삼거리","127.0855902354","37.5679334531","일반차로"
"05133","104000040","중곡역.국립정신건강센터","127.0845454928","37.5660464177","일반차로"
"05134","104000041","대원고교앞","127.086708621","37.5639660286","일반차로"
"05135","104000042","중곡SK아파트.용암사입구","127.0863735321","37.5678680041","일반차로"
"05136","104000043","대원고교앞","127.0869681157","37.5641992207","일반차로"
"05137","104000044","대원여자고등학교앞","127.0873093515","37.5626950451","일반차로"
"05138","104000045","신성시장","127.0879297616","37.5583189468","일반차로"
"05139","104000046","중곡동입구","127.0886689538","37.5541967204","일반차로"
"05140","104000047","어린이대공원앞","127.0770314953","37.5520458638","일반차로"
"05141","104000048","군자역6번출구","127.0786346746","37.5551766839","일반차로"
"05142","104000049","구의사거리.광진소방서앞","127.083977653","37.545249575","가로변시간"
"05143","104000050","어린이회관","127.079201","37.545612","가로변시간"
"05144","104000051","구의사거리.광진소방서앞","127.0843023754","37.5449986565","가로변시간"
"05145","104000052","광진경찰서. 건국사대부중","127.0836883111","37.5415336614","일반차로"
"05146","104000053","광진경찰서. 동대부가람중고","127.0846474366","37.5430873683","일반차로"
"05147","104000054","광진경찰서","127.0842426589","37.5422101065","일반차로"
"05148","104000055","NH농협은행자양로지점","127.0834073669","37.5389648482","일반차로"
"05149","104000056","광진구청.구의역2번출구","127.0879772581","37.5377026867","일반차로"
"05150","104000057","래미안구의파크스위트","127.0890122213","37.5447158904","일반차로"
"05151","104000058","구의2동주민센터입구","127.0897846677","37.5492515718","일반차로"
"05152","104000059","구의2동주민센터입구","127.08958588","37.5486416815","일반차로"
"05153","104000060","구의사거리","127.0857469566","37.5456510932","일반차로"
"05154","104000061","구의사거리","127.0863480831","37.5458173579","일반차로"
"05155","104000062","래미안구의파크스위트","127.0890507143","37.5449638155","일반차로"
"05156","104000063","현대아파트앞","127.0940086584","37.5395524961","일반차로"
"05157","104000064","현대아파트앞","127.0941742917","37.539643765","일반차로"
"05158","104000065","광진우체국","127.090409","37.537998","일반차로"
"05161","104000183","강변역A","127.0937169006","37.5361136997","일반차로"
"05162","104000279","테크노마트앞.강변역","127.0937549878","37.5368645137","일반차로"
"05163","104000070","구의현대2단지아파트","127.0965424639","37.5378533679","일반차로"
"05164","104000071","광장동금호베스트빌","127.0932099949","37.5433926994","일반차로"
"05165","104000072","광장동금호베스트빌","127.0936875546","37.5433887171","일반차로"
"05166","104000073","광장동현대아파트앞","127.0977640864","37.541909114","일반차로"
"05167","104000074","광장동현대아파트앞","127.0989722091","37.54207254","일반차로"
"05168","104000075","광나루역.극동아파트","127.1029628675","37.5435355041","일반차로"
"05169","104000076","광나루역.극동아파트","127.1033202823","37.5442424761","일반차로"
"05170","104000314","어린이대공원역2번출구","127.075378","37.546984","일반차로"
"05172","104000271","워커힐아파트.광장동","127.1067149694","37.547895755","일반차로"
"05173","104000080","워커힐아파트앞","127.1090263699","37.5504960052","일반차로"
"05174","104000081","워커힐입구","127.1087232242","37.550613427","일반차로"
"05175","104000082","NH농협은행자양로지점","127.0831891894","37.5387627825","일반차로"
"05176","104000083","자양사거리","127.0824320547","37.5369337778","일반차로"
"05177","104000084","자양사거리","127.0821044683","37.5367503042","일반차로"
"05178","104000085","자양초등학교앞","127.0784673729","37.5379478514","일반차로"
"05179","104000086","자양초등학교앞","127.0792651176","37.5374228649","일반차로"
"05180","104000087","건국대학교앞","127.0750483076","37.5387452063","일반차로"
"05183","104000090","자양미소약국.자양골목시장","127.077319","37.53275","일반차로"
"05185","104000092","자양동우체국.중앙농협","127.081413066","37.531572725","일반차로"
"05187","104000094","자양하늘채베르아파트앞","127.0846079653","37.5321922367","일반차로"
"05188","104000095","자양동잠실대교북단","127.0848057104","37.5329553244","일반차로"
"05189","104000096","신자초등학교앞","127.0749155368","37.5304403173","일반차로"
"05190","104000097","자양미소약국.자양골목시장","127.0768712862","37.5327003382","일반차로"
"05191","104000098","자양동우체국.중앙농협","127.0807386521","37.5315308364","일반차로"
"05192","104000291","동서울우편집중국앞","127.084337729","37.5350521104","일반차로"
"05193","104000100","자양하늘채베르아파트앞","127.0846733447","37.5319732231","일반차로"
"05194","104000101","자양동잠실대교북단","127.0858514017","37.5321201527","일반차로"
"05195","104000311","자양2동주민센터","127.08517","37.527949","일반차로"
"05196","104000312","구립행복마루어린이집","127.082213","37.527743","일반차로"
"05197","104000313","자양한강도서관","127.078333","37.528429","일반차로"
"05199","104000106","광진구청.구의역3번출구","127.0882893582","37.5375186301","일반차로"
"05200","104000107","자양한강전통시장","127.066874712","37.5355719112","일반차로"
"05201","104000108","신양초등학교앞","127.0692877009","37.5349118182","일반차로"
"05202","104000109","신양초등학교앞","127.0689474032","37.535233709","일반차로"
"05203","104000110","뚝도변전소앞","127.0689075815","37.5360909985","일반차로"
"05204","104000111","광진문화예술회관","127.0701692006","37.5385652456","일반차로"
"05205","104000112","건국대학교앞","127.0748753929","37.5384461141","일반차로"
"05209","104000116","신자초등학교앞","127.074922","37.530768","일반차로"
"05210","104000117","자양우성아파트앞","127.0734112939","37.5337952382","일반차로"
"05211","104000118","자양우성아파트앞","127.0734066984","37.533946958","일반차로"
"05212","104000119","자양고교앞","127.0711714016","37.5345790942","일반차로"
"05213","104000120","자양고교앞","127.0713601174","37.53431586","일반차로"
"05214","104000121","대동아파트앞","127.068967","37.536419","일반차로"
"05215","104000122","노룬산골목시장","127.0672016099","37.5357293289","일반차로"
"05216","104000123","영동교골목시장","127.0626912618","37.5395029881","일반차로"
"05217","104000124","건대입구역6번출구","127.0672788711","37.5408268775","일반차로"
"05218","104000125","건대로데오거리입구","127.070158","37.539081","일반차로"
"05219","104000126","롯데캐슬리버파크시그니처아파트","127.0629447386","37.5368058708","일반차로"
"05220","104000127","영동대교북단","127.0611888361","37.5367146879","일반차로"
"05221","104000128","롯데캐슬리버파크시그니처아파트","127.0628993085","37.5366067526","일반차로"
"05222","104000129","자양역1번출구","127.0679166913","37.5338028399","일반차로"
"05223","104000130","자양4동주민센터앞","127.067497","37.533632","일반차로"
"05224","104000131","성수사거리","127.0647765888","37.5431585111","일반차로"
"05225","104000132","화양사거리","127.0670885688","37.5472318425","일반차로"
"05226","104000133","광진광장","127.0715209148","37.5477151717","일반차로"
"05227","104000134","어린이대공원역4번출구","127.0736284938","37.5466216409","일반차로"
"05228","104000135","한아름공원","127.0722179767","37.5437160861","일반차로"
"05229","104000136","건대입구역사거리.건대병원","127.070878","37.540784","일반차로"
"05230","104000137","건대입구역1번출구","127.0681672642","37.5408957525","일반차로"
"05231","104000138","어린이대공원역3번출구","127.0751469149","37.5468045831","일반차로"
"05232","104000139","건대입구역사거리.건대병원","127.071248506","37.5408198597","일반차로"
"05233","104000290","어린이회관","127.079595313","37.5452722228","일반차로"
"05234","104000141","천주교화양동성당","127.0735881785","37.5459043941","일반차로"
"05235","104000142","송정동서울숲아이파크","127.0695975111","37.5517044591","일반차로"
"05236","104000143","송정동건영아파트","127.0712985506","37.5547537734","일반차로"
"05237","104000144","군자교남단","127.0727879339","37.557410967","일반차로"
"05238","104000145","중앙농협군자지점","127.0767090775","37.5577085489","일반차로"
"05239","104000146","중앙농협군자지점","127.0765591034","37.5571562758","일반차로"
"05240","104000147","능동우편취급국","127.0760329007","37.5561609072","일반차로"
"05241","104000148","군자동주민센터","127.0752869423","37.5549755455","일반차로"
"05242","104000149","군자동주민센터","127.0753228303","37.5546466232","일반차로"
"05243","104000150","세종초등학교.세종사이버대학교앞","127.0733966913","37.5535248785","일반차로"
"05244","104000151","세종초교앞","127.0743618087","37.5538666538","일반차로"
"05245","104000152","시립광진노인종합복지관","127.0713225073","37.5518512093","일반차로"
"05246","104000153","시립광진노인종합복지관","127.0710877554","37.5513566499","일반차로"
"05247","104000154","장안초등학교","127.070754754","37.5486923124","일반차로"
"05248","104000155","장안초등학교","127.0704835547","37.5485801736","일반차로"
"05249","104000293","서울화양동우체국","127.0686841693","37.5483288986","일반차로"
"05250","104000157","광진광장","127.0715410787","37.5480051511","일반차로"
"05251","104000158","세종대학교. 어린이대공원정문","127.07544","37.549752","일반차로"
"05252","104000159","능동교회앞","127.0769927342","37.5528739948","일반차로"
"05253","104000160","군자역7번출구","127.07882","37.556322","일반차로"
"05256","104000308","아차산역삼거리","127.0867859773","37.554581226","일반차로"
"05257","104000309","용마초등학교","127.081723671","37.5565422552","일반차로"
"05258","104000165","아차산역2번출구","127.0905075507","37.5508666828","일반차로"
"05259","104000310","서울화양동우체국","127.0687743625","37.5481104097","일반차로"
"05260","104000167","중곡동입구","127.0882622041","37.554798956","일반차로"
"05261","104000168","제일은행사거리","127.0747505569","37.5335505333","일반차로"
"05262","104000169","동곡삼거리","127.0779538856","37.5636739408","일반차로"
"05263","104000170","건대병원입구","127.0714727877","37.5421084758","일반차로"
"05265","104000269","광진청소년센터","127.1053745185","37.5459514944","일반차로"
"05266","104000280","강변역B","127.0937383582","37.5360541462","일반차로"
"05267","104000069","테크노마트앞.강변역","127.0938031252","37.5369050205","일반차로"
"05268","104000275","중곡동성당","127.0824010859","37.5627654195","일반차로"
"05269","104000274","보건복지행정타운","127.0833026919","37.564373065","일반차로"
"05270","104000273","중곡역.국립정신건강센터","127.0843249567","37.5662294972","일반차로"
"05271","104000272","용곡삼거리","127.0855997978","37.5685782991","일반차로"
"05272","104000302","구의3동주민센터","127.0925470575","37.5390684116","일반차로"
"05273","104000303","구의3동주민센터","127.0921000962","37.5390484885","일반차로"
"05298","104000307","광진구민체육센터","127.1078574657","37.5469081131","일반차로"
"05299","104000306","광나루우편취급국","127.1063092687","37.5474023285","일반차로"
"05500","104900124","중곡4동경로당입구앞","127.0939630731","37.5591306198","마을버스"
"05501","104900085","중곡아파트.종점","127.0779156425","37.5663789768","마을버스"
"05503","104900059","긴고랑종점","127.0960429247","37.562194465","마을버스"
"05504","104900058","정보도서관","127.1104622298","37.5502486719","마을버스"
"05505","104900123","강원설비앞","127.0901359394","37.5590029448","마을버스"
"05506","104900122","강원설비앞","127.0899354071","37.5588490108","마을버스"
"05508","104900089","중앙상회앞","127.0947974601","37.5601590013","마을버스"
"05509","104900057","포제스한강아파트","127.1094523282","37.5484546316","마을버스"
"05510","104900121","중곡4동경로당입구앞","127.0942812172","37.5591925416","마을버스"
"05511","104900128","중곡아파트.기점","127.0781637961","37.5668768426","마을버스"
"05512","104900056","대순진리회","127.0871709238","37.5614417271","마을버스"
"05513","104900055","CU중곡긴고랑점앞","127.0930312463","37.5589159963","마을버스"
"05514","104900054","광나루현대아파트","127.1075869834","37.546721738","마을버스"
"05515","104000294","긴고랑주차장","127.0956309346","37.5609606399","일반차로"
"05517","104900053","신성시장입구","127.088223","37.558433","마을버스"
"05518","104900052","중곡4동어린이집입구","127.0917043706","37.5586845522","마을버스"
"05519","104900109","신동아아파트","127.105328946","37.5463512912","마을버스"
"05522","104900051","마을금고.브레드제과점","127.0892468924","37.5576339581","마을버스"
"05523","104900049","긴고랑입구","127.0886688403","37.5588770015","마을버스"
"05527","104900048","우리들약국","127.0902850791","37.5569014807","마을버스"
"05528","104900050","광남고.삼성아파트","127.1014183009","37.5419477863","마을버스"
"05531","104900047","해오름공원입구","127.0911230749","37.5563079173","마을버스"
"05533","104900046","현대3차아파트","127.0996486938","37.5404651876","마을버스"
"05535","104900045","용마사거리","127.0814330674","37.5624460371","마을버스"
"05536","104900044","기원정사입구","127.0931371525","37.5548826175","마을버스"
"05539","104900042","송림식당앞","127.0766299665","37.5368221134","마을버스"
"05540","104900041","중곡우체국앞","127.0840577691","37.5611637445","마을버스"
"05541","104900040","영화사입구","127.0941176381","37.5542285469","마을버스"
"05542","104900039","군자역","127.0800822765","37.5578748138","마을버스"
"05543","104900038","강변역.테크노마트앞","127.0948590232","37.5363934727","마을버스"
"05544","104900037","자양중학교앞","127.0759963869","37.5346905273","마을버스"
"05545","104900036","구의2동주택가공동주차장","127.0932969209","37.5532100607","마을버스"
"05549","104900035","롯데프레시아차산점.한사랑약국","127.0921939479","37.5518187362","마을버스"
"05550","104900100","구의역","127.0892373497","37.5382387949","마을버스"
"05551","104900112","배건태한의원.로엘동물병원","127.0792387772","37.5319860054","마을버스"
"05553","104900034","아차산역사거리","127.0913081489","37.5507215451","마을버스"
"05554","104900033","중곡보건지소","127.0870747483","37.5595305795","마을버스"
"05555","104900102","썬더치킨앞","127.0900164716","37.5415506336","마을버스"
"05556","104900031","영동대교입구.성수사거리","127.064525855","37.5428255093","마을버스"
"05558","104900030","선화예고앞","127.0900588338","37.5494847466","마을버스"
"05559","104900029","긴고랑입구","127.0886686737","37.5587364311","마을버스"
"05560","104900032","구의홈마트앞","127.0897229975","37.5402902234","마을버스"
"05561","104900028","화양동현대아파트","127.0652401586","37.5439827587","마을버스"
"05562","104900114","성자초등학교앞","127.0822557273","37.5313000096","마을버스"
"05563","104900027","한국켄트외국인학교","127.0880988204","37.5477299911","마을버스"
"05564","104900026","중곡4동어린이집입구","127.0916679445","37.5585169771","마을버스"
"05565","104900025","래미안구의파크스위트사거리","127.0906000271","37.5440489261","마을버스"
"05566","104900024","성수대우프레시아1차아파트","127.0659848276","37.5452943403","마을버스"
"05569","104900023","CU중곡긴고랑점앞","127.0930027538","37.5587592285","마을버스"
"05571","104900022","화양사거리.SKV1센터","127.0664104572","37.546257958","마을버스"
"05572","104900116","본하이츠빌.삼부빌딩","127.0870098898","37.5329501167","마을버스"
"05574","104900021","중앙상회앞","127.0949721336","37.5601577922","마을버스"
"05576","104900106","성동초등학교","127.0891356598","37.5336144423","마을버스"
"05578","104900020","광장중학교앞","127.1024015366","37.5467903263","마을버스"
"05579","104900099","구의아크로리버앞","127.0921362577","37.5352926857","마을버스"
"05580","104900019","구의역4번출구","127.084837057","37.5366543055","마을버스"
"05581","104900018","장신대앞","127.1052273651","37.5475393553","마을버스"
"05582","104900097","강변역A","127.093833","37.535988","마을버스"
"05584","104900110","워커힐아파트입구","127.1065941453","37.5478863435","마을버스"
"05585","104900103","동서울호텔앞","127.0920490446","37.5345920961","마을버스"
"05587","104900017","워커힐아파트","127.1075883052","37.5500035243","마을버스"
"05588","104900107","성동초등학교","127.0891188071","37.5337153779","마을버스"
"05589","104900016","본하이츠빌.삼부빌딩","127.0870462374","37.5330699358","마을버스"
"05591","104900015","워커힐아파트입구","127.1065163612","37.5480798615","마을버스"
"05594","104900014","구의역1번출구","127.0845898343","37.5368949698","마을버스"
"05595","104900013","장신대앞","127.1051324275","37.5476304504","마을버스"
"05596","104900115","성자초등학교앞","127.0825682599","37.5315196593","마을버스"
"05597","104900012","광장중학교앞","127.1024888949","37.5469479421","마을버스"
"05599","104900091","광진경찰서앞","127.0843546327","37.542346877","마을버스"
"05600","104900011","양진중학교.재한몽골학교","127.097965691","37.5454433478","마을버스"
"05601","104000316","국립정신건강센터","127.0864985879","37.5654064298","마을버스"
"05665","104000236","자양동","127.0676371086","37.5356142027","일반차로"
"05666","104000237","자양동","127.0668479521","37.5356349246","일반차로"
"05668","104900113","배건태한의원.로엘동물병원","127.0790299525","37.5322779304","마을버스"
"05670","104900010","청구아파트앞","127.0967938276","37.5423895999","마을버스"
"05671","104900127","광장자이아파트","127.0949238539","37.542252836","마을버스"
"05672","104900009","서울서광교회앞","127.088351026","37.5475847263","마을버스"
"05677","104900007","자양중학교앞","127.0762758207","37.5346353803","마을버스"
"05679","104900006","래미안구의파크스위트사거리","127.0904643237","37.5441301287","마을버스"
"05680","104900005","자양1파출소앞","127.0769071428","37.5367651642","마을버스"
"05687","104000248","면곡시장","127.0813749581","37.571462406","일반차로"
"05690","104000251","동곡삼거리","127.0782624509","37.5638021287","일반차로"
"05694","104000255","광진구의회","127.0701166071","37.5391969456","일반차로"
"05695","104000256","광진구의회","127.0700807237","37.5383360513","일반차로"
"05696","104000257","건대입구역","127.0720930253","37.5433804463","일반차로"
"05697","104000258","건대입구역","127.0719007166","37.5422803253","일반차로"
"05698","104000259","세종대학교","127.0755658718","37.5498616561","일반차로"
"05699","104000260","세종대학교","127.0760310216","37.5498550499","일반차로"
"05700","104000261","군자역","127.0788605078","37.5563636008","일반차로"
"05701","104000262","군자역","127.0786410853","37.555213125","일반차로"
"05709","104900004","롯데프레시아차산점.한사랑약국","127.0923104685","37.5517744916","마을버스"
"05710","104900098","세븐일레븐구의중앙로점앞","127.089870505","37.5415633601","마을버스"
"05713","104900003","구의2동주택가공동주차장","127.0933919081","37.5531415024","마을버스"
"05714","104900002","구의홈마트앞","127.089564605","37.5403191787","마을버스"
"05716","104900001","종로약국앞","127.0881058981","37.5575879581","마을버스"
"05717","104900080","영화사입구","127.0941502787","37.5540834447","마을버스"
"05718","104900079","구의역","127.08909255","37.5382758492","마을버스"
"05720","104900078","기원정사입구","127.0930355787","37.5551737566","마을버스"
"05721","104900077","테크노마트.광진문화원","127.0961011535","37.5370205329","마을버스"
"05723","104900076","해오름공원입구","127.0913641894","37.5563302584","마을버스"
"05724","104900075","프라임아파트앞","127.0970323661","37.5378379672","마을버스"
"05726","104900082","용마사거리","127.0812432362","37.5627570449","마을버스"
"05727","104900074","우리들약국","127.0903690097","37.5570437893","마을버스"
"05728","104900073","현대3.5차아파트","127.1003518538","37.5407790748","마을버스"
"05731","104900072","마을금고앞","127.0893930217","37.5577311656","마을버스"
"05732","104900108","광남고.삼성아파트","127.1017492793","37.5423430827","마을버스"
"05733","104900071","자양종합복지관앞","127.075429514","37.5324649901","마을버스"
"05735","104900070","신성시장입구","127.0880630283","37.5586702034","마을버스"
"05737","104900068","대순진리회","127.0875676658","37.5609548433","마을버스"
"05739","104900067","대원외고앞","127.0871413296","37.5632448358","마을버스"
"05740","104900066","광나루현대아파트","127.1077533058","37.5466936524","마을버스"
"05741","104900065","중곡4동파출소","127.0867703018","37.5654194455","마을버스"
"05742","104900064","포제스한강아파트","127.1093151239","37.5482745397","마을버스"
"05744","104900063","워커힐팰리스","127.1096719072","37.5500133218","마을버스"
"05745","104000281","워커힐호텔비스타워커힐","127.1102655251","37.5542416044","일반차로"
"05752","104900061","아차산역사거리","127.0914351492","37.5506719315","마을버스"
"05755","104900125","중곡119안전센터","127.0863","37.566684","마을버스"
"05757","104900133","구의3동주민센터","127.0916151163","37.5380104633","마을버스"
"05900","104000300","뚝섬유원지","127.0668303967","37.5311823597","일반차로"
"05901","104000301","건국대입구","127.0675636466","37.5411150129","일반차로"
"05990","104900126","광장자이아파트","127.0949108596","37.5421672546","마을버스"
"05992","104900119","양진중학교.재한몽골학교","127.0980186154","37.5452405574","마을버스"
"05993","104900118","청구아파트앞","127.0961815897","37.5432605587","마을버스"
"05994","104900132","용마사거리","127.0822104997","37.5618532936","마을버스"
"05999","104900129","강변역.테크노마트앞","127.0947896041","37.5363411077","마을버스"
"06001","105000001","답십리역사거리","127.0550604632","37.5651870868","중앙차로"
"06002","105000002","청년회의소","127.0612838214","37.5619653169","중앙차로"
"06003","105000003","장한평역","127.0672869559","37.5611510646","중앙차로"
"06004","105000004","신답초등학교.청계한신휴플러스","127.044292","37.571753","중앙차로"
"06005","105000005","신답초등학교.청계한신휴플러스","127.0447281029","37.5717559096","중앙차로"
"06006","105000006","동대문구청","127.038327222","37.5740954485","중앙차로"
"06007","105000007","서울시동부병원","127.0309536211","37.5739292519","중앙차로"
"06008","105000008","신설동역.서울풍물시장","127.0257176822","37.574427911","중앙차로"
"06009","105000009","중랑교","127.0677039967","37.5916996082","중앙차로"
"06010","105000010","중랑교","127.0668383757","37.5914246178","중앙차로"
"06011","105000011","삼육서울병원.삼육보건대학교","127.0606858682","37.589691279","중앙차로"
"06012","105000012","삼육서울병원.삼육보건대학교","127.0619514091","37.589992454","중앙차로"
"06013","105000013","시조사삼거리.회기역","127.056888","37.588707","중앙차로"
"06014","105000014","떡전교사거리.동대문노인복지관","127.0520111918","37.5864439121","중앙차로"
"06015","105000015","청량리역환승센터","127.0454307288","37.5804025104","중앙차로"
"06016","105000016","청량리역환승센터","127.0460771387","37.5802508767","중앙차로"
"06017","105000017","동대문구청","127.0399889148","37.5734588708","중앙차로"
"06018","105000447","청량리역환승센터","127.0457513342","37.5802240706","중앙차로"
"06019","105000446","청량리역환승센터","127.0457230797","37.5803029185","중앙차로"
"06020","105000402","청량리역환승센터","127.0453667154","37.5807152606","중앙차로"
"06021","105000478","청량리미주아파트.동대문세무서","127.048395","37.58278","중앙차로"
"06022","105000480","청량리청과물도매시장","127.0406051232","37.5787911202","중앙차로"
"06023","105000482","제기동역.서울약령시","127.0377802394","37.5781433423","중앙차로"
"06024","105000481","제기동역.서울약령시","127.0353228624","37.5782168464","중앙차로"
"06025","105000484","용두동사거리","127.0299882252","37.5775320632","중앙차로"
"06026","105000483","용두동사거리.한국의류시험연구원","127.0282789088","37.5771526546","중앙차로"
"06027","105000486","신설동역","127.0250446359","37.5761500409","중앙차로"
"06028","105000485","신설동역","127.0238433051","37.575826798","중앙차로"
"06101","105000018","신설동역3번출구","127.0255836506","37.576453593","가로변시간"
"06102","105000019","신설동역4번출구","127.025947005","37.5762453617","일반차로"
"06103","105000020","용두동한국의류시험연구원","127.029114172","37.5775187657","가로변시간"
"06104","105000021","용두로타리한국의류시험연구원","127.0294820292","37.5772564569","가로변시간"
"06105","105000022","제기역약령시장","127.0366096265","37.5782970238","일반차로"
"06106","105000023","제기역약령시장","127.0368349109","37.5780535417","일반차로"
"06107","105000552","신설동역1번출구","127.0233166791","37.5766303332","일반차로"
"06108","103000518","청계한신휴플러스","127.044109","37.571799","일반차로"
"06112","105000028","청량리미주상가앞","127.0476780218","37.5818902252","가로변전일"
"06113","105000029","서울성심병원","127.0502442553","37.5843923886","일반차로"
"06114","105000030","서울성심병원","127.0508977332","37.5846074691","가로변시간"
"06115","105000031","시조사","127.0522795666","37.5868487759","일반차로"
"06117","105000033","휘경동입구","127.0552071034","37.5876644832","가로변시간"
"06118","105000034","삼육서울병원","127.0606123322","37.5897656487","일반차로"
"06120","105000566","래미안라그란데아파트","127.0619199953","37.6004425321","일반차로"
"06121","105000037","중랑교","127.0664306844","37.59114436","일반차로"
"06122","105000038","회기시장","127.0566389299","37.5912026288","일반차로"
"06123","105000039","회기시장","127.0565879609","37.5908060401","일반차로"
"06124","105000040","경희중고","127.0577445104","37.5929228111","일반차로"
"06125","105000041","경희중고","127.0583346646","37.5933472946","일반차로"
"06126","105000042","외대앞","127.0596059335","37.5956282146","일반차로"
"06127","105000043","외대앞","127.0597677578","37.5954812555","일반차로"
"06128","105000044","이문동우체국","127.061338","37.598348","일반차로"
"06129","105000045","이문동교회","127.062091","37.599973","일반차로"
"06130","105000046","의릉입구","127.061963","37.603888","일반차로"
"06131","105000047","의릉입구","127.0621763625","37.6034852714","일반차로"
"06132","105000048","한천로쌍용아파트앞","127.0676192785","37.5981910949","일반차로"
"06133","105000049","한천로쌍용아파트앞","127.0678869789","37.5986649133","일반차로"
"06134","105000050","이문동삼익아파트","127.0682139128","37.5945485558","일반차로"
"06135","105000051","이문동삼익아파트","127.0683627707","37.5951035399","일반차로"
"06136","105000052","동일스위트리버아파트.휘봉고교","127.0677525508","37.5877987669","일반차로"
"06137","105000053","휘경유수지견인차고지앞","127.068577","37.58842","일반차로"
"06138","105000560","답십리래미안엘파인아파트","127.067330886","37.5756772295","일반차로"
"06139","105000567","래미안엘파인아파트.장안동성당","127.06758","37.575593","일반차로"
"06140","105000054","서울준법지원센터.동성빌라","127.0673893111","37.5855552625","일반차로"
"06141","105000055","서울준법지원센터.동성빌라","127.0676702359","37.5856794521","일반차로"
"06142","105000056","휘경여중고.휘경주공아파트앞","127.0682824634","37.5826030732","일반차로"
"06143","105000057","휘경여중고.휘경주공아파트","127.0685434142","37.5821574897","일반차로"
"06144","105000058","장안동현대아파트앞","127.0685412036","37.5797461738","일반차로"
"06145","105000059","전곡시장앞","127.06779506","37.5772370675","일반차로"
"06146","105000060","전곡시장앞","127.0681419969","37.5773293235","일반차로"
"06147","105000061","촬영소사거리.우성그린아파트","127.0668512705","37.5741908611","일반차로"
"06148","105000062","촬영소사거리.우성그린아파트","127.0669165487","37.5735106563","일반차로"
"06149","105000063","동답초등학교","127.065489039","37.5710397628","일반차로"
"06150","105000064","동답한신.동아아파트","127.0641135329","37.5696220827","일반차로"
"06151","105000065","동답한신.동아아파트","127.0639045358","37.568881615","일반차로"
"06152","105000066","동아.위더스빌아파트","127.0622143149","37.5667402906","일반차로"
"06153","105000067","답십리2동주민센터","127.06181","37.566603","일반차로"
"06154","105000068","하나은행장안동지점","127.0585564607","37.5634035936","일반차로"
"06155","105000069","장한평역4번출구","127.067137684","37.5613115442","일반차로"
"06156","105000070","청년회의소앞","127.0615307058","37.5621102645","일반차로"
"06157","105000071","고미술상가","127.0572974308","37.563609188","일반차로"
"06158","105000072","답십리역.동부시장","127.0525194449","37.5672562517","일반차로"
"06159","105000073","신답역앞","127.0470913509","37.5708430857","일반차로"
"06160","105000074","동대문구청.용두역4번출구","127.0397135905","37.5734350116","일반차로"
"06161","105000075","용두역5번출구","127.037268","37.573977","가로변전일"
"06162","105000076","용두동신동아아파트","127.0317924634","37.5737704369","일반차로"
"06163","105000077","동대문우체국.서울풍물시장","127.0245652731","37.574759758","일반차로"
"06164","105000078","동대문구청.용두역3번출구","127.0383451914","37.5755374598","일반차로"
"06165","105000079","동대문구청.용두동주민센터","127.0384168651","37.5765807726","일반차로"
"06166","105000080","동대문구청.용두동주민센터","127.0379882341","37.5753096484","일반차로"
"06167","105000081","경동시장앞","127.0387559286","37.5819989191","일반차로"
"06168","105000082","제기동주민센터.서울약령시앞","127.0383947016","37.5819251477","일반차로"
"06169","105000083","경동시장","127.038283869","37.5799644113","일반차로"
"06170","105000084","홍파초등학교.정화여중고","127.038639","37.585531","일반차로"
"06171","105000085","홍파초등학교.정화여중고","127.0383377075","37.5855971074","일반차로"
"06172","105000086","제기동한신아파트앞","127.037888","37.587603","일반차로"
"06173","105000087","고려대역.고대앞삼거리","127.0366856036","37.5894337656","일반차로"
"06174","105000088","고려대역.고대앞삼거리","127.0366498479","37.5887478517","일반차로"
"06175","105000089","고려대학교앞","127.0346801536","37.5881363102","일반차로"
"06176","105000090","우신향병원","127.0323863454","37.5857223011","일반차로"
"06177","105000091","안암오거리","127.0298970499","37.5824613624","일반차로"
"06178","105000092","대광고등학교앞","127.0255621436","37.5797777214","일반차로"
"06179","105000093","종암초등학교앞","127.0295992386","37.5816186068","일반차로"
"06180","105000094","용두시장앞","127.0303341829","37.5791115868","일반차로"
"06181","105000095","용두시장앞","127.030161","37.579035","일반차로"
"06182","105000096","서울시동부병원","127.0304302445","37.5758964701","일반차로"
"06183","105000097","서울시동부병원","127.0306952909","37.5761901571","일반차로"
"06184","105000098","동아제약앞","127.0304424882","37.5725993738","일반차로"
"06185","105000099","동아제약앞","127.0307312249","37.5727164409","일반차로"
"06186","105000100","떡전교앞","127.0526948922","37.5849040401","일반차로"
"06187","105000101","떡전교앞","127.0525769324","37.5846184473","일반차로"
"06188","105000102","서울시립대입구","127.0540556741","37.5830057298","일반차로"
"06189","105000103","서울시립대학교앞","127.053939948","37.5826804893","일반차로"
"06190","105000104","서울시동부교육지원청.해성국제컨벤션고교","127.0568650184","37.5791853497","일반차로"
"06191","105000105","전농로터리시장.동부교육지원청","127.05676","37.578817","일반차로"
"06192","105000106","전농우체국앞","127.057575","37.576367","일반차로"
"06193","105000107","전농우체국앞","127.0578903291","37.5765201613","일반차로"
"06194","105000108","청솔우성아파트.답십리시장","127.0576479903","37.5737092806","일반차로"
"06195","105000109","미드카운티아파트.청솔우성아파트","127.0573890413","37.5741112935","일반차로"
"06196","105000110","답십리2동시온교회앞","127.0573999289","37.5705961302","일반차로"
"06197","105000111","답십리1동희망샘교회앞","127.0571055329","37.5705241856","일반차로"
"06198","105000112","답십리초등학교.현대시장","127.0572012663","37.568453856","일반차로"
"06199","105000113","답십리초등학교앞","127.0569308801","37.5686265703","일반차로"
"06200","105000114","답십리역사거리","127.0552010664","37.5655060079","일반차로"
"06201","105000115","황물로사거리","127.0559919809","37.5665418919","일반차로"
"06202","105000116","답십리1동주민센터.래미안위브","127.0510037445","37.5723670085","일반차로"
"06203","105000117","답십리1동주민센터.래미안위브","127.0511402741","37.5720993946","일반차로"
"06204","105000118","동대문중학교","127.0537544246","37.5750129513","일반차로"
"06205","105000119","동대문중학교","127.0532771747","37.5741762971","일반차로"
"06206","105000120","전농래미안크레시티아파트","127.0555920845","37.5762802499","일반차로"
"06207","105000121","대한노인회동대문구지회","127.0559030771","37.5762111791","일반차로"
"06208","105000122","전농사거리","127.0590375541","37.5778147722","일반차로"
"06209","105000123","전농사거리","127.059240552","37.5775633596","일반차로"
"06210","105000124","배봉초등학교.전농우성아파트","127.0672948159","37.5786953183","일반차로"
"06211","105000125","배봉초등학교.전농우성아파트","127.0674157317","37.5784402407","일반차로"
"06212","105000126","장안2동주민센터","127.0704039846","37.5788403828","일반차로"
"06213","105000127","장안2동주민센터","127.0704638197","37.5786959839","일반차로"
"06214","105000128","장안교앞","127.0739714006","37.5796533965","일반차로"
"06215","105000129","장안교.은석초등학교","127.0746902496","37.5796191566","일반차로"
"06216","105000130","청량리역6번출구","127.043803","37.578083","일반차로"
"06217","105000131","청량리역6번출구","127.043785792","37.577945301","일반차로"
"06218","105000132","롯데캐슬노블레스","127.0484716502","37.5755552627","일반차로"
"06219","105000133","전농1파출소","127.0471184271","37.5760847235","일반차로"
"06220","105000134","래미안크레시티.답십리도서관","127.0502439795","37.574561753","일반차로"
"06221","105000135","동대문구답십리도서관앞","127.051026821","37.573881303","일반차로"
"06222","105000136","답십리래미안위브아파트","127.0548282074","37.5727689807","일반차로"
"06223","105000137","답십리래미안미드카운티","127.055558","37.57298","일반차로"
"06224","105000138","답십리사거리","127.0567075826","37.5727320519","일반차로"
"06225","105000139","답십리2동두산아파트","127.0585128409","37.572753697","일반차로"
"06226","105000140","답십리시장.청솔우성아파트후문","127.0587580146","37.5729536188","일반차로"
"06227","105000141","답십리2동한양아파트앞","127.0614069359","37.5726702291","일반차로"
"06228","105000142","답십리2동한양아파트앞","127.0611222564","37.5729573511","일반차로"
"06229","105000143","동답한신.대림아파트.동대문체육관","127.063768","37.572663","일반차로"
"06230","105000144","촬영소사거리.동답초등학교","127.065212","37.572642","일반차로"
"06231","105000145","촬영소사거리.세양청마루아파트앞","127.0653558711","37.5728897611","일반차로"
"06232","105000146","동대문구.성동구선거관리위원회","127.0682024772","37.5724872082","일반차로"
"06233","105000147","동대문구.성동구선거관리위원회","127.0678744595","37.5727734631","일반차로"
"06234","105000148","장안사거리","127.070338726","37.5725845345","일반차로"
"06235","105000149","국민은행장안동지점","127.0734972565","37.5723759111","일반차로"
"06236","105000150","국민은행장안동지점","127.0742100898","37.5720533595","일반차로"
"06237","105000151","장안동근린공원","127.0719536475","37.5773238141","일반차로"
"06238","105000152","장안동근린공원","127.0723879948","37.5783141497","일반차로"
"06239","105000153","동대문더퍼스트데시앙아파트","127.0717763134","37.574992107","일반차로"
"07286","106000191","신내6단지","127.0917761025","37.6162098628","일반차로"
"06240","105000154","NH농협장안평지점","127.0721655351","37.5751529569","일반차로"
"06241","105000155","코리아병원","127.0716598633","37.5732069079","일반차로"
"06242","105000156","새서울병원","127.0720050585","37.5731012702","일반차로"
"06243","105000157","장안동삼성쉐르빌아파트","127.0713568649","37.5713996448","일반차로"
"06244","105000158","장안동삼성쉐르빌아파트","127.070843","37.571238","일반차로"
"06245","105000159","힐스테이트장안센트럴","127.070183","37.569605","일반차로"
"06246","105000160","현대벤처빌.현대썬앤빌","127.0694007013","37.5689208635","일반차로"
"06247","105000161","현대벤처빌","127.0692809071","37.5682414609","일반차로"
"06248","105000162","우리은행장안지점앞","127.067727","37.566393","일반차로"
"06249","105000163","우리은행장안지점앞","127.0676384821","37.565598658","일반차로"
"06250","105000164","북한연구소앞","127.0661434798","37.5634648165","일반차로"
"06251","105000165","장한평역2번출구","127.0649278366","37.5622965411","일반차로"
"06252","105000166","장한평역3번출구","127.0654362294","37.5624370636","일반차로"
"06253","105000167","신이문역","127.0679015637","37.6026165732","일반차로"
"06254","105000168","이문동현대아파트앞","127.070677379","37.6010179381","일반차로"
"06255","105000169","이문동현대아파트","127.0709847069","37.6008590191","일반차로"
"06256","105000170","휘경2동주민센터","127.0680485017","37.5907361464","일반차로"
"06257","105000171","휘경2동주민센터","127.0680858743","37.5905048929","일반차로"
"06258","105000172","동부아동보호전문기관.동대부중고","127.0763833794","37.576833541","일반차로"
"06259","105000173","장안삼성래미안2차아파트","127.0766223278","37.574681581","일반차로"
"06260","105000174","장안삼성래미안2차아파트.성복교회","127.0768144692","37.5728468216","일반차로"
"06261","105000175","장안현대홈타운아파트앞","127.073388625","37.5697591707","일반차로"
"06262","105000176","동대문구민체육센터","127.073941301","37.5663862675","일반차로"
"06263","105000177","파라브아파트","127.0723739757","37.5635828092","일반차로"
"06264","105000178","장안현대홈타운상가","127.0743786204","37.571308398","일반차로"
"06265","105000179","장안현대홈타운앞","127.0756173134","37.5692893642","일반차로"
"06266","105000180","장안치안센터","127.0724996415","37.5679458841","일반차로"
"06267","105000181","장안치안센터","127.0727017522","37.568222123","일반차로"
"06268","105000182","장평중학교","127.0709395499","37.565745401","일반차로"
"06269","105000183","회기역종점","127.0588619251","37.5899003691","일반차로"
"06270","105000184","경희대입구","127.0530131529","37.5912717108","일반차로"
"06271","105000185","경희대입구","127.0527127306","37.5915831099","일반차로"
"06272","105000186","서울바이오허브","127.0501400812","37.5913878427","일반차로"
"06273","105000187","서울바이오허브","127.0492768654","37.5916089493","일반차로"
"06274","105000188","한국과학기술원.홍릉초등학교","127.045747","37.591769","일반차로"
"06275","105000189","한국과학기술원.홍릉초등학교","127.0469641413","37.5915445702","일반차로"
"06276","105000190","국방연구원","127.0411809472","37.5914093283","일반차로"
"06277","105000191","국방연구원","127.040058371","37.5911039928","일반차로"
"06278","105000192","세종대왕기념관","127.042380198","37.5898533719","일반차로"
"06279","105000193","세종대왕기념관","127.0425673859","37.5904615395","일반차로"
"06280","105000194","영휘원사거리.(구)홍릉사거리","127.0431751633","37.5860009275","일반차로"
"06281","105000195","영휘원사거리.(구)홍릉사거리","127.043466176","37.586014337","일반차로"
"06282","105000196","동대문경찰서","127.043784304","37.5841404107","일반차로"
"06283","105000197","동대문경찰서","127.0442607393","37.5835585724","일반차로"
"06284","105000198","현대코아","127.0448733855","37.5818120287","일반차로"
"06285","105000199","현대코아","127.0446557984","37.5814859166","일반차로"
"06286","105000200","동대문중앙새마을금고","127.0412131745","37.5831179316","일반차로"
"06287","105000201","동대문중앙새마을금고","127.0422207161","37.5829869315","일반차로"
"06288","105000551","제기동주민센터앞","127.0378676044","37.5829768901","일반차로"
"06289","105000203","제기동한신아파트","127.0373610455","37.5866381789","일반차로"
"06290","105000204","제기시장","127.0352199679","37.586385972","일반차로"
"06291","105000205","제기시장","127.0346709609","37.5866248976","일반차로"
"06293","105000207","외대역앞","127.0609470779","37.596009591","일반차로"
"06294","105000208","외대역앞","127.0613604745","37.5960661454","일반차로"
"06296","105000569","SK뷰아파트","127.065172","37.594405","일반차로"
"06297","105000211","청랑리한신아파트.청량사입구","127.0474140067","37.5867421008","일반차로"
"06298","105000212","전동초등학교.전농동SK아파트","127.060944646","37.5777508201","일반차로"
"06299","105000213","벽산아파트","127.0305141879","37.5827562798","일반차로"
"06300","105000214","제기동천주교회","127.033571029","37.582856812","일반차로"
"06301","105000215","이문동쌍용아파트","127.0688553749","37.5988779848","일반차로"
"06302","105000216","이문동쌍용아파트","127.0691211054","37.5988317049","일반차로"
"06304","105000218","전동초등학교.전농동SK아파트","127.061494401","37.578119856","일반차로"
"06308","105000222","한국산업인력공단서울지역본부","127.072970655","37.5837445296","일반차로"
"06309","105000223","서울반도체고교.휘경주공아파트","127.0692518943","37.5841657316","일반차로"
"06310","105000559","e편한세상청계센트럴포레아파트","127.0302942423","37.5708159089","일반차로"
"06313","105000226","래미안장안1차아파트앞","127.0720204711","37.5668317101","일반차로"
"06314","105000227","장평중학교앞","127.0702527994","37.564958189","일반차로"
"06315","105000228","청량리미주상가앞","127.0472557344","37.5819579768","가로변전일"
"06316","105000229","동대문구청.용두역","127.04015","37.572834","일반차로"
"06318","105000231","종로사약국","127.0653057725","37.5945213658","일반차로"
"06320","105000233","회기동현대아파트","127.0544608913","37.5891109228","일반차로"
"06321","105000234","우산빌딩앞","127.0546770593","37.588882349","일반차로"
"06322","105000235","배봉산입구","127.0682039807","37.5803416249","일반차로"
"06324","105000237","면곡시장","127.0810660939","37.5716446389","일반차로"
"06330","105000243","동부아파트","127.0452316453","37.5866888977","일반차로"
"06335","105000248","자동차부품상가","127.0577756725","37.5645946726","일반차로"
"06349","105000262","청랑리한신아파트.청량사입구","127.0476686082","37.5865144976","일반차로"
"06356","105000550","장안동삼성쉐르빌아파트앞","127.0702110373","37.5723084893","일반차로"
"06357","105000269","동대문노인종합복지관","127.0497131121","37.5859460919","일반차로"
"06358","105000270","쌍용아파트","127.0683889136","37.6013501097","일반차로"
"06359","105000271","쌍용아파트","127.0685176937","37.6014674544","일반차로"
"06416","105000287","삼육서울병원","127.0623612795","37.5902833371","일반차로"
"06417","105000288","동일스위트리버앞.휘봉고교","127.0676591393","37.5871806733","일반차로"
"06418","105000289","청량리수산시장","127.0408714095","37.5786434462","일반차로"
"06419","105000290","휘봉초등학교","127.0696854187","37.5877063782","일반차로"
"06422","105000477","휘경미소지움아파트","127.0645643148","37.5909282333","일반차로"
"06423","105000549","서울반도체고교.휘경주공아파트","127.0697135361","37.5844695451","일반차로"
"06424","105000479","용두동신동아아파트","127.0325997915","37.5740450496","일반차로"
"06425","105000568","다사랑행복센터.서울문화재단","127.033757","37.571438","일반차로"
"06426","105000488","청량리수산시장","127.0418950942","37.5789521614","일반차로"
"06500","105900043","답십리역3번출구","127.0531915243","37.5667684599","마을버스"
"06501","105900028","가든아파트.수사연구소","127.0720741928","37.5845492166","마을버스"
"06502","105900027","회기역","127.0578476787","37.5901230159","마을버스"
"06503","105900026","답십리역1번출구","127.0506963586","37.5684978574","마을버스"
"06504","105900025","동일하이빌.현대베스트빌아파트","127.0739978057","37.5824731826","마을버스"
"06505","105900057","동안교회","127.0577430725","37.593867821","마을버스"
"06506","105900051","경희대입구","127.0527811217","37.5915657534","마을버스"
"06507","103000508","청계한신휴플러스","127.0450335285","37.571807229","일반차로"
"06508","105900061","시조사삼거리","127.053504","37.588481","마을버스"
"06509","105900024","경희중고","127.056427291","37.5943592428","마을버스"
"06510","105900050","경희대의료원.경희여중고","127.052311","37.594127","마을버스"
"06511","105900041","한신휴플러스정문","127.0450796439","37.5727352624","마을버스"
"06512","105000561","천장산로33","127.057872","37.598865","마을버스"
"06513","105900023","경희맨션","127.0570001318","37.5956150844","마을버스"
"06515","105900022","동아아파트","127.0455832239","37.5742471004","마을버스"
"06516","105000562","삼성래미안","127.058495","37.600017","마을버스"
"06517","105900021","경희대동문","127.0568673052","37.5966712234","마을버스"
"06518","105000563","래미안라그란데","127.060119","37.59979","마을버스"
"06519","105900020","전농119안전센터","127.0456081798","37.5761835356","마을버스"
"06520","105000564","래미안라그란데","127.059674","37.599997","마을버스"
"06521","105900019","외대.경희대후문","127.0571505475","37.5983128684","마을버스"
"06523","105900018","전농1동파출소","127.0480957022","37.5764222386","마을버스"
"06524","105900017","휘경여중고.휘경주공아파트","127.0685629353","37.5824548381","마을버스"
"06526","105900038","신성미소지움아파트","127.0501307614","37.5789318307","마을버스"
"06528","105900016","삼성래미안","127.0573675632","37.5999118194","마을버스"
"06530","105900039","청량리역고가도로교동단","127.0514146373","37.5805090878","마을버스"
"06533","105900036","영광빌딩","127.0525059131","37.5818431221","마을버스"
"06537","105900015","시립대입구","127.0534663672","37.5838521215","마을버스"
"06539","105900056","외대앞역","127.0628249067","37.5953348737","마을버스"
"06546","105900053","회기역종점","127.0587395905","37.5898517712","마을버스"
"06556","105900012","외대.경희대후문","127.0569625455","37.5983039484","마을버스"
"06557","105900029","신설동역1번출구","127.0236090065","37.5760124698","마을버스"
"06559","105900060","천장산로33","127.0577550224","37.5988826722","마을버스"
"06560","105900011","경희대동문","127.056746183","37.5967406655","마을버스"
"06564","105900009","경희맨션","127.0569106983","37.5956556765","마을버스"
"06567","105900007","경희중고","127.056342578","37.5946512359","마을버스"
"06570","105900006","동안교회","127.0573015187","37.5928603119","마을버스"
"06572","105900005","동대부고.은석초교앞","127.0736700296","37.5792594647","마을버스"
"06575","105900004","서울시립대","127.0531816401","37.5831151587","마을버스"
"06576","105900037","영광빌딩","127.0521991693","37.5819811249","마을버스"
"06577","105900040","청량리역고가도로교동단","127.0511350317","37.5805903074","마을버스"
"06578","105900031","신성미소지움아파트","127.0495757982","37.5786581335","마을버스"
"06579","105900032","전농1동파출소","127.0476065132","37.5762782623","마을버스"
"06580","105900033","동대문해병전우회","127.0455245142","37.5763718959","마을버스"
"06581","105900034","태양하나어린이집.동아아파트","127.0454348029","37.5740642361","마을버스"
"06582","105900035","한신휴플러스후문","127.0467315569","37.572989629","마을버스"
"06583","105900042","답십리청소년독서실","127.0492345839","37.5711404728","마을버스"
"06584","105900003","삼희아파트1동","127.0505437481","37.5701586306","마을버스"
"06585","105900044","답십리고미술상가2동","127.0514870981","37.5689958143","마을버스"
"06586","105900045","답십리건축자재시장","127.0534863549","37.567473882","마을버스"
"06587","105900046","답십리1동교차로","127.0552015711","37.5661899369","마을버스"
"06588","105900047","답십리1치안센터","127.0566146653","37.5651430993","마을버스"
"06591","105900002","고려대역3번출구","127.0365261369","37.5904833874","마을버스"
"06594","105900001","의료원입구사거리","127.052658489","37.5926993775","마을버스"
"06595","105900054","삼육서울병원","127.0622219909","37.5902762019","마을버스"
"06626","105000316","장안삼거리","127.0723517263","37.5780291247","일반차로"
"06628","105000318","장안사거리","127.0720255408","37.5732093887","일반차로"
"06629","105000319","장안사거리","127.0716864575","37.5737862935","일반차로"
"06631","105000321","장한평역","127.0667268548","37.5613847656","일반차로"
"06755","105000407","청량리역","127.046268","37.580477","일반차로"
"06756","105000408","서울시립대입구","127.0538030705","37.5828562643","일반차로"
"06757","105000409","전농동사거리","127.0571016136","37.5772526361","일반차로"
"06758","105000410","신답역","127.0477839986","37.5705481504","일반차로"
"06768","105000420","장안삼거리","127.0719971746","37.5778473212","일반차로"
"06774","105000426","신설동역오거리.서울풍물시장","127.0234166489","37.5742755859","일반차로"
"06775","105000438","경동시장앞","127.0386578148","37.58056802","일반차로"
"06776","105000555","경동시장사거리","127.038109149","37.5772293536","일반차로"
"06777","105000429","힐스테이트장안센트럴","127.0704788124","37.5705802667","일반차로"
"06778","105000430","힐스테이트장안센트럴","127.0707390026","37.5703410911","일반차로"
"06779","105000489","동답초교.대림아파트","127.0652298839","37.5712072227","일반차로"
"06780","105000557","정화여중.정화고등학교","127.0417530049","37.5868028035","일반차로"
"06781","105000556","정화여중.정화고등학교","127.0418434744","37.5866113105","일반차로"
"06999","105000440","동대문노인종합복지관","127.0492581619","37.5863103228","일반차로"
"07001","106000001","망우역","127.0911385806","37.5978283589","중앙차로"
"07002","106000002","망우역","127.0904651716","37.5976031898","중앙차로"
"07003","106000003","상봉역.중랑우체국","127.0837435605","37.5959590869","중앙차로"
"07004","106000004","상봉역.중랑우체국","127.0833008263","37.5957231398","중앙차로"
"07005","106000005","중랑역.동부시장","127.076052048","37.5939710999","중앙차로"
"07006","106000006","중랑역.동부시장","127.0749381812","37.5936152929","중앙차로"
"07007","106000434","망우역.망우지구대","127.0953897414","37.5988449322","중앙차로"
"07008","106000435","망우역.망우지구대","127.0948710737","37.5985580019","중앙차로"
"07009","106000433","우림시장.망우사거리","127.0986406612","37.5995720624","중앙차로"
"07010","106000432","우림시장.망우사거리","127.0982214008","37.5993651842","중앙차로"
"07011","106000431","금란교회","127.1040333871","37.6005297976","중앙차로"
"07012","106000430","금란교회","127.1033574704","37.6003640418","중앙차로"
"07013","106000428","동부제일병원.망우역사문화공원","127.1089021873","37.6004643043","중앙차로"
"07014","106000429","동부제일병원.망우역사문화공원","127.107756","37.600478","중앙차로"
"07101","106000007","극동늘푸른아파트","127.0764039758","37.6147026458","가로변시간"
"07102","106000008","묵동자이.신도브래뉴아파트","127.0765885798","37.6152702687","일반차로"
"07103","106000009","묵동삼거리.먹골역","127.0771199228","37.6125566965","가로변시간"
"07104","106000010","먹골역.묵동자이아파트","127.0770859657","37.6138350067","일반차로"
"07105","106000011","한국전력동대문중랑지사","127.0782566814","37.6069574374","가로변시간"
"07106","106000012","한국전력동대문중랑지사","127.0787485573","37.6062295611","가로변시간"
"07107","106000013","지하철7호선중화역","127.0791563016","37.6026485718","가로변시간"
"07108","106000014","지하철7호선중화역","127.0794497843","37.602844147","가로변시간"
"07109","106000015","국민은행중화동지점","127.0798038601","37.5989360038","가로변시간"
"07110","106000016","중화동한신아파트","127.0801694529","37.5990762154","일반차로"
"07111","106000017","상봉2동복합청사.도서관","127.0799782951","37.5918910703","일반차로"
"07112","106000018","상봉2동복합청사.도서관","127.0802876655","37.5920379201","일반차로"
"07113","106000019","면목2동주민센터.중목초등학교","127.079858977","37.5893825204","일반차로"
"07114","106000020","면목2동주민센터.중목초등학교","127.080221","37.590203","일반차로"
"07115","106000021","면목2동사거리","127.0797304665","37.5871549201","일반차로"
"07116","106000022","면목2동사거리","127.0801196457","37.5874792439","일반차로"
"07117","106000023","면목5동주민센터","127.0796318097","37.584884485","일반차로"
"07118","106000024","장안시장","127.0800230935","37.5855216728","일반차로"
"07119","106000025","면목신우아파트","127.0794405095","37.5802709857","일반차로"
"07120","106000026","면목신우아파트","127.0798122666","37.5806329732","일반차로"
"07121","106000027","면목119안전센터","127.0799088318","37.5735215001","일반차로"
"07122","106000028","경남아너스빌아파트앞","127.0801546872","37.5747495207","일반차로"
"07123","106000029","늘푸른동아아파트","127.0803571864","37.5724984572","일반차로"
"07124","106000030","중랑역.동부시장1","127.0755226426","37.5939241378","일반차로"
"07125","106000476","중랑역.동부시장1","127.0767665567","37.5939499392","일반차로"
"07128","106000034","한샘교회","127.0824936944","37.5954173697","일반차로"
"07129","106000035","신내지하차도","127.0971021652","37.5994734943","일반차로"
"07130","106000036","상봉역2번출구","127.0872459258","37.5966238431","일반차로"
"07131","106000037","신내지하차도","127.0973547272","37.599481396","일반차로"
"07132","106000038","중랑구방정환교육지원센터","127.0886276147","37.5973635689","가로변전일"
"07133","106000039","망우역","127.0940702529","37.5986432684","일반차로"
"07134","106000040","망우지구대","127.0955395871","37.5986916426","가로변시간"
"07135","106000041","망우지구대","127.096136","37.599106","가로변시간"
"07136","106000485","양원숲초등학교","127.1048434288","37.6096870825","일반차로"
"07137","106000043","하나은행망우동지점","127.0985869435","37.5996261667","가로변시간"
"07138","106000484","양원숲초등학교","127.1047390625","37.6099687342","일반차로"
"07140","106000046","금란교회앞","127.1037916856","37.6006015315","가로변시간"
"07141","106000047","금란교회앞","127.104129","37.600352","가로변전일"
"07142","106000486","능산사거리","127.1019452732","37.6084800438","일반차로"
"07143","106000049","망우동고개","127.1073787404","37.6006884215","가로변전일"
"07144","106000050","서울우유앞","127.072817","37.592108","일반차로"
"07145","106000051","서울우유앞","127.0731675854","37.5914485486","일반차로"
"07146","106000052","중랑초등학교","127.074318","37.58932","일반차로"
"07147","106000053","중랑초등학교","127.0742727085","37.5895100706","일반차로"
"07148","106000054","동부시장남문입구","127.0776647513","37.5904314044","일반차로"
"07149","106000055","동부시장남문입구","127.078259265","37.5907703673","일반차로"
"07150","106000056","88병원","127.0808960477","37.5913119461","일반차로"
"07151","106000057","상봉2동주민센터","127.0810883377","37.5916499462","일반차로"
"07152","106000058","서울창업카페상봉점","127.083885","37.592028","일반차로"
"07153","106000059","서울창업카페상봉점","127.083713","37.59224","일반차로"
"07154","106000060","면목6거리","127.0878523328","37.5928794643","일반차로"
"07155","106000061","면목6거리","127.0872031229","37.5929402273","일반차로"
"07156","106000062","상봉신협","127.0899024613","37.5933652483","일반차로"
"07157","106000063","상봉신협","127.0905684056","37.5936531571","일반차로"
"07158","106000064","혜원사거리","127.092532","37.59388","일반차로"
"07159","106000065","혜원사거리","127.0936742231","37.5943706333","일반차로"
"07160","106000066","혜원여중고입구","127.09505","37.594427","일반차로"
"07161","106000067","혜원여중고입구","127.0955543919","37.5947723198","일반차로"
"07162","106000068","봉우재고개","127.097837","37.595025","일반차로"
"07163","106000069","봉우재고개","127.0973048687","37.5951120639","일반차로"
"07164","106000070","우림시장","127.09954","37.595398","일반차로"
"07165","106000071","우림시장","127.0992893063","37.5955711191","일반차로"
"07166","106000072","상봉역3번출구","127.0862158322","37.5942959108","일반차로"
"07167","106000073","상봉역4번출구","127.0859396558","37.5941972708","일반차로"
"07168","106000074","면목초등학교","127.0869725161","37.5913436688","일반차로"
"07169","106000075","면목초등학교","127.0866780454","37.5913024354","일반차로"
"07170","106000076","지하철7호선면목역","127.0872405771","37.5891321995","일반차로"
"07171","106000077","지하철7호선면목역","127.0875225751","37.5891662321","일반차로"
"07172","106000078","면목본동주민센터.면목정보도서관","127.0882415953","37.5869146062","일반차로"
"07173","106000079","면목본동주민센터.면목정보도서관","127.0880980871","37.5865148002","일반차로"
"07174","106000080","면동초등학교","127.0884543619","37.5842573049","일반차로"
"07175","106000081","면동초등학교","127.0883599559","37.5848547979","일반차로"
"07176","106000082","면목우체국.녹색병원","127.0887178358","37.5820548439","일반차로"
"07177","106000083","면목우체국.녹색병원","127.088457429","37.5827338377","일반차로"
"07178","106000084","사가정역.국민건강보험공단중랑지사","127.0880662837","37.5798599612","일반차로"
"07179","106000085","사가정역2번출구","127.0884337896","37.5812242521","일반차로"
"07180","106000086","면목시장","127.0876506935","37.5796470274","일반차로"
"07181","106000087","면목7동주민센터.면남초등학교","127.0863248288","37.5786342777","일반차로"
"07182","106000088","면목7동주민센터.면남초등학교","127.085932","37.5783","일반차로"
"07183","106000089","방약국앞","127.0858494168","37.5757745627","일반차로"
"07184","106000090","방약국앞","127.08574","37.575997","일반차로"
"07185","106000091","중곡초등학교","127.084205","37.572917","일반차로"
"07186","106000092","중곡초등학교","127.0841787922","37.5731508875","일반차로"
"07187","106000093","삼룡사입구","127.1001745527","37.5976831695","일반차로"
"07188","106000094","삼룡사입구","127.1004181775","37.5969440708","일반차로"
"07189","106000095","용마공원입구","127.0994371442","37.5939199282","일반차로"
"07190","106000096","용마공원입구","127.099292","37.594253","일반차로"
"07191","106000097","면일초등학교","127.0984014013","37.5920174515","일반차로"
"07192","106000098","면일초등학교","127.097627","37.591217","일반차로"
"07193","106000099","서일대학교","127.0967","37.58951","일반차로"
"07194","106000100","서일대학교","127.0968691549","37.5891941093","일반차로"
"07195","106000101","용마문화복지센터.서일대후문","127.09538","37.586485","일반차로"
"07196","106000102","용마문화복지센터.서일대후문","127.095167","37.586712","일반차로"
"07197","106000103","중화중학교.면목고등학교","127.0940498031","37.5839979712","일반차로"
"07198","106000104","중화중학교,중랑구가족센터","127.0941651172","37.5847547944","일반차로"
"07199","106000105","면중초등학교.면목중학교","127.0934632177","37.5812311904","일반차로"
"07200","106000106","면중초등학교.면목중학교","127.0933286447","37.5822693524","일반차로"
"07201","106000107","한양수자인사가정파크","127.0928893022","37.5800702505","일반차로"
"07202","106000487","묵동공감대아파트","127.0781223172","37.6138410826","일반차로"
"07203","106000108","면목동금호어울림아파트","127.0917165625","37.5792467583","일반차로"
"07204","106000109","면목동금호어울림아파트","127.0907072898","37.5778374829","일반차로"
"07205","106000110","면목동대원칸타빌아파트","127.0902826707","37.5777612239","일반차로"
"07206","106000111","용마폭포공원","127.0887419869","37.5756922268","일반차로"
"07207","106000112","용마폭포공원","127.0885475333","37.5759266564","일반차로"
"07208","106000113","용마산역","127.0866708555","37.5733815658","일반차로"
"07209","106000114","용마산역","127.0863981576","37.5735061163","일반차로"
"07210","106000115","용마산하늘채아파트","127.086306987","37.5710236763","일반차로"
"07211","106000116","용마산하늘채아파트","127.0860197064","37.5712581697","일반차로"
"07212","106000117","묵동구길","127.0790554743","37.6155190845","일반차로"
"07213","106000118","묵동구길","127.0790668957","37.6158923116","일반차로"
"07214","106000119","묵1동주민센터입구.먹골역","127.077951746","37.6118632153","일반차로"
"07215","106000120","묵1동주민센터입구.먹골역","127.0777995873","37.6125895905","일반차로"
"07216","106000121","신성은하수아파트","127.0737056648","37.588577899","일반차로"
"07217","106000122","신성은하수아파트","127.0734454772","37.5884540581","일반차로"
"07218","106000123","면목2동한신아파트","127.0740441033","37.5873343176","일반차로"
"07219","106000124","면목2동한신아파트","127.074238","37.586758","일반차로"
"07220","106000125","겸재교입구.서울시집집마당","127.0758895994","37.5856077735","일반차로"
"07221","106000126","겸재교입구.서울시집집마당","127.0761004529","37.5859071889","일반차로"
"07222","106000127","동서그랜드맨션","127.0779518031","37.5861109566","일반차로"
"07223","106000128","동서그랜드맨션","127.0788070081","37.5864865532","일반차로"
"07224","106000129","하나은행면목지점","127.081111399","37.586816107","일반차로"
"07225","106000130","하나은행면목지점","127.0810408656","37.5870278887","일반차로"
"07226","106000131","면목복개천","127.086043","37.587913","일반차로"
"07227","106000132","면목복개천","127.0856702328","37.5880528782","일반차로"
"07228","106000133","면목역2번출구","127.0886340822","37.5884955539","일반차로"
"07229","106000134","면목역2번출구","127.0885501828","37.5886788778","일반차로"
"07230","106000135","동원전통종합시장정문","127.0919716473","37.5891826734","일반차로"
"07231","106000136","동원전통종합시장정문","127.0919968842","37.5894466728","일반차로"
"07232","106000137","혜원여중고후문","127.09618","37.590197","일반차로"
"07233","106000138","혜원여중고후문","127.0963952514","37.590464896","일반차로"
"07234","106000139","면목마젤란아파트","127.0837401254","37.5868243425","일반차로"
"07235","106000140","면목마젤란아파트","127.0839472075","37.5867052516","일반차로"
"07236","106000141","녹색병원입구","127.0836907108","37.5841544497","일반차로"
"07237","106000142","녹색병원입구","127.0833643143","37.584902585","일반차로"
"07238","106000143","면목두산1차.사가정아이파크","127.0838863683","37.5819331246","일반차로"
"07239","106000144","면목두산1차.사가정아이파크","127.0834865686","37.5818306838","일반차로"
"07240","106000145","면목두산아파트4.5단지","127.0811929141","37.5784555953","일반차로"
"07241","106000146","면목두산아파트4.5단지","127.0810260054","37.5785405427","일반차로"
"07242","106000147","사가정센트럴아이파크아파트","127.081988552","37.5813735031","일반차로"
"07243","106000148","홈플러스면목동점","127.0817183593","37.581130873","일반차로"
"07244","106000149","면목두산아파트2차","127.0848478468","37.5811079401","일반차로"
"07245","106000150","면목두산아파트2차","127.0846429611","37.5809977174","일반차로"
"07246","106000151","사가정역","127.0876316521","37.5809076897","일반차로"
"07247","106000152","사가정역3번출구","127.0872973908","37.5806624166","일반차로"
"07248","106000153","사가정시장","127.0894314037","37.5806427993","일반차로"
"07249","106000154","사가정역4번출구.사가정시장","127.0893009686","37.5804401745","일반차로"
"07250","106000155","용마산교차로","127.0925022558","37.5806359279","일반차로"
"07251","106000156","중화2동주민센터","127.0767626166","37.6016352466","일반차로"
"07252","106000157","중화2동주민센터","127.0770110188","37.6014130353","일반차로"
"07253","106000158","중화역3번출구","127.0787352964","37.6017066002","일반차로"
"07254","106000159","중화역3번출구","127.0789975477","37.6014504691","일반차로"
"07255","106000160","중화역2번출구.중화1동주민센터","127.0806830436","37.6016944246","일반차로"
"07256","106000161","중화역2번출구.중화1동주민센터","127.080945","37.601522","일반차로"
"07257","106000162","중흥초등학교","127.082731936","37.6017894225","일반차로"
"07258","106000163","중흥초등학교","127.0830923091","37.6016833408","일반차로"
"07259","106000164","이화연립.경동제일교회앞","127.084996551","37.6023518938","일반차로"
"07260","106000165","이화연립.경동제일교회앞","127.0853154073","37.6022944281","일반차로"
"07261","106000166","쌍용아파트.신내테크노타운앞","127.088091","37.60335","일반차로"
"07262","106000167","쌍용아파트.신내테크노타운앞","127.0880531041","37.6031155767","일반차로"
"07263","106000168","엘지아파트앞","127.0898625255","37.6041023768","일반차로"
"07264","106000169","엘지아파트앞","127.0900020003","37.6039493788","일반차로"
"07265","106000170","신현중학교","127.0917485534","37.6053101712","일반차로"
"07266","106000171","신현중학교","127.0914211649","37.6047917401","일반차로"
"07267","106000172","중랑구청","127.0941822536","37.6066439712","일반차로"
"07268","106000173","중랑구청","127.0936349035","37.6062056111","일반차로"
"07269","106000174","동성프라자앞","127.0971854414","37.6077715316","일반차로"
"07270","106000175","동성프라자앞","127.0976236907","37.6077071928","일반차로"
"07271","106000176","성원아파트.경남아너스빌앞","127.0954657423","37.6039568351","일반차로"
"07272","106000177","성원아파트.경남아너스빌앞","127.0958886791","37.6034500817","일반차로"
"07273","106000178","중랑구청사거리","127.0952115317","37.6056205222","일반차로"
"07274","106000179","중랑구청사거리","127.0953791322","37.6060573668","일반차로"
"07275","106000180","신내동성3차아파트","127.0952480857","37.6076432141","일반차로"
"07276","106000181","신내동성1.2차아파트","127.0960572283","37.6097526098","일반차로"
"07277","106000182","신내10단지아파트","127.0955629892","37.6091470123","일반차로"
"07278","106000183","신내9단지아파트","127.0959906996","37.6105694794","일반차로"
"07279","106000184","신내8단지아파트.서울의료원","127.0961797384","37.6131148914","일반차로"
"07280","106000185","신내9단지아파트.서울의료원","127.0966220017","37.612626142","일반차로"
"07281","106000186","신내7단지아파트.홈플러스","127.0938875252","37.6152532096","일반차로"
"07282","106000187","신내7단지아파트.홈플러스","127.0937064155","37.6155235948","일반차로"
"07283","106000188","봉화초등학교","127.0917243901","37.6137609119","일반차로"
"07284","106000189","봉화초등학교","127.0915285695","37.6138773039","일반차로"
"07285","106000190","신내6단지아파트.옹기테마공원","127.0904185112","37.6138970824","일반차로"
"07287","106000192","신내6단지아파트.옹기테마공원","127.0900829285","37.6139812216","일반차로"
"07288","106000193","신내우체국.5단지두산대림아파트","127.0900173419","37.6165664023","일반차로"
"07289","106000194","신내우체국.5단지두산대림아파트","127.0897718167","37.6166348689","일반차로"
"07290","106000195","중랑구립정보도서관.구민체육센터","127.0870833854","37.6156097571","일반차로"
"07291","106000196","중랑구립정보도서관.구민체육센터","127.0871347189","37.6157123025","일반차로"
"07292","106000197","신내4단지아파트","127.0860809693","37.6165927675","일반차로"
"07293","106000198","신내5단지아파트","127.086246288","37.6165271272","일반차로"
"07294","106000199","화랑대역6번출구","127.0858732595","37.6196403121","일반차로"
"07295","106000200","화랑대역5번출구","127.0861849977","37.6198518169","일반차로"
"07296","106000201","봉화산역2번출구","127.0931755465","37.6167043095","일반차로"
"07297","106000202","봉화산역3번출구","127.0929080569","37.616458735","일반차로"
"07298","106000203","중랑경찰서후문","127.1055543519","37.619876625","일반차로"
"07299","106000204","새우개마을","127.1033558569","37.6182441062","일반차로"
"07300","106000205","신내능마을","127.1016592961","37.6143619055","일반차로"
"07301","106000206","신내능마을","127.1014318828","37.6145594387","일반차로"
"07302","106000207","신내데시앙아파트.신내역프라디움","127.101332875","37.6105405898","일반차로"
"07303","106000208","신내데시앙아파트.신내역프라디움","127.101015256","37.6105382531","일반차로"
"07304","106000209","신내초등학교.신내교회","127.1007499588","37.6061555986","일반차로"
"07305","106000210","신내새한아파트.신내교회","127.101048541","37.605838161","일반차로"
"07306","106000211","능산지하차도","127.1006376085","37.6009474144","일반차로"
"07307","106000212","능산지하차도","127.1003489912","37.6010819221","일반차로"
"07308","106000213","상봉터미널","127.0931425288","37.5964661524","일반차로"
"07309","106000214","상봉터미널","127.092859113","37.5962266864","일반차로"
"07310","106000215","망우3동주민센터.혜원여중고후문","127.0935437056","37.5921676455","일반차로"
"07311","106000216","망우3동주민센터.혜원여중고후문","127.0932383267","37.5924652462","일반차로"
"07312","106000217","동원시장","127.0937068936","37.5904581513","일반차로"
"07313","106000218","동원시장","127.0934407109","37.5903997916","일반차로"
"07314","106000219","면목본동파출소","127.0941326831","37.5886709536","일반차로"
"07315","106000220","면목본동파출소","127.0942915914","37.5871759203","일반차로"
"07316","106000221","중화2동체육공원","127.0738729937","37.6003605105","일반차로"
"07317","106000222","중화빗물펌프장","127.0720150896","37.5983343549","일반차로"
"07318","106000223","중랑으뜸새마을금고본점","127.072125","37.595615","일반차로"
"07319","106000224","중랑으뜸새마을금고본점","127.0723480536","37.5955321436","일반차로"
"07320","106000225","중랑세무서","127.0724587364","37.5938170461","일반차로"
"07321","106000226","중랑세무서","127.072696613","37.5938844814","일반차로"
"07324","106000228","면목아남리치카운티아파트","127.0853817614","37.5904056002","일반차로"
"07325","106000229","망우동고개","127.1083597586","37.6012829905","일반차로"
"07327","106000231","망우금호어울림아파트","127.108053267","37.6020220028","일반차로"
"07328","106000232","망우동금호어울림아파트","127.1080906424","37.6023627391","일반차로"
"07329","106000233","경남아파트.서울특별시북부병원","127.1071130742","37.6038260938","일반차로"
"07330","106000234","서울특별시북부병원","127.1071826257","37.6040965947","일반차로"
"07331","106000235","양원역입구","127.1061947194","37.6055398887","일반차로"
"07332","106000236","양원역입구","127.106301327","37.6056398133","일반차로"
"07333","106000237","양원리.LH서울양원1단지","127.1065901668","37.6095278447","일반차로"
"07334","106000238","양원리.신내역힐데스하임아파트","127.1065048426","37.6096361832","일반차로"
"07335","106000239","신내차량사업소입구.동서울교회","127.1052682161","37.6117522212","일반차로"
"07336","106000240","신내차량사업소입구.동서울교회","127.105257509","37.6115852113","일반차로"
"07337","106000241","중랑공영차고지","127.1020230606","37.613645229","일반차로"
"07346","106000249","면목아남리치카운티아파트","127.0850893069","37.5903178004","일반차로"
"07347","106000250","중랑소방서","127.0952202984","37.6148745872","일반차로"
"07348","106000251","세방아파트입구","127.0846193165","37.6151092487","일반차로"
"07349","106000252","원묵고등학교","127.0855859412","37.6156010333","일반차로"
"07350","106000253","먹골파출소.신안아파트입구","127.0823392781","37.6145590063","일반차로"
"07351","106000254","먹골파출소.신안아파트입구","127.0812404699","37.6144133573","일반차로"
"07352","106000255","신안2차아파트","127.0788949924","37.6147974229","일반차로"
"07353","106000256","신안2차아파트입구","127.080062537","37.6144119098","일반차로"
"07354","106000257","중랑소방서","127.0952174211","37.6146822138","일반차로"
"07355","106000258","송곡여고.양원역","127.105800493","37.6057286331","일반차로"
"07356","106000259","송곡여고.양원역","127.1056","37.605473","일반차로"
"07357","106000260","엘림재가방문요양센터","127.1035239722","37.6046853285","일반차로"
"07358","106000261","엘림재가방문요양센터","127.103255","37.604392","일반차로"
"07359","106000262","이화미디어고.중랑숲어린이도서관","127.1021141659","37.6032313021","일반차로"
"07360","106000263","이화미디어고.중랑숲어린이도서관","127.1023246716","37.6031193851","일반차로"
"07361","106000264","금란교회","127.101992086","37.601292358","일반차로"
"07362","106000265","금란교회","127.10215","37.60118","일반차로"
"07363","106000266","망우사거리","127.1001455367","37.6005378384","일반차로"
"07364","106000267","망우사거리","127.0999213485","37.6003751191","일반차로"
"07365","106000268","신내지하차도","127.0974107927","37.5999201792","일반차로"
"07366","106000269","신내지하차도","127.0974547542","37.5997615516","일반차로"
"07367","106000270","신내6단지아파트","127.0917055579","37.6164103875","일반차로"
"07369","106000271","브라운스톤태릉아파트","127.0830767893","37.6182750652","일반차로"
"07370","106000272","브라운스톤태릉아파트","127.082952084","37.6181760443","일반차로"
"07371","106000273","구묵동교","127.079282","37.618035","일반차로"
"07372","106000274","구묵동교","127.0794582367","37.618000502","일반차로"
"07373","106000275","동양쇼핑","127.0783873294","37.6154401612","일반차로"
"07374","106000276","동양쇼핑","127.0779686293","37.6156197109","일반차로"
"07375","106000277","우리은행","127.076789072","37.6157665771","일반차로"
"07376","106000278","목동교입구.로프트원오피스텔","127.076850054","37.6155845183","일반차로"
"07377","106000279","한국아파트","127.073241805","37.6149321561","일반차로"
"07378","106000280","동구햇살아파트","127.0740058681","37.6134823027","일반차로"
"07379","106000281","묵동롯데시네마","127.0752719666","37.6148475372","일반차로"
"07380","106000282","묵동롯데시네마","127.0755071723","37.615029837","일반차로"
"07381","106000283","브라운캐슬","127.075317679","37.613589603","일반차로"
"07382","106000284","브라운캐슬","127.0755737065","37.6136191751","일반차로"
"07383","106000285","먹골역입구","127.0758008697","37.6114639864","일반차로"
"07384","106000286","먹골역입구","127.0759056609","37.6114909487","일반차로"
"07385","106000287","묵2동주민센터","127.0760354677","37.6098946925","일반차로"
"07386","106000288","묵2동주민센터","127.0761956874","37.6099095261","일반차로"
"07387","106000289","금보당금은방","127.0764232694","37.6081884895","일반차로"
"07388","106000290","금보당금은방","127.0766496237","37.6079263237","일반차로"
"07389","106000291","신묵초등학교입구","127.0767077415","37.6067354594","일반차로"
"07390","106000292","신묵초등학교","127.0767983469","37.6067399055","일반차로"
"07391","106000293","제일시장","127.0769920333","37.6049696369","일반차로"
"07392","106000294","제일프라자","127.0771419617","37.6049962662","일반차로"
"07393","106000295","신동신약국","127.0772499173","37.6035367408","일반차로"
"07394","106000296","신동신약국","127.0774178373","37.6034689076","일반차로"
"07395","106000297","중화역입구.대원사약국","127.0777107671","37.6012530842","일반차로"
"07396","106000298","중화역입구","127.0777474502","37.601900968","일반차로"
"07397","106000299","태릉시장입구","127.0780328218","37.5994786312","일반차로"
"07398","106000300","태릉프라자약국.농협","127.0771464085","37.5983356921","일반차로"
"07399","106000301","태릉시장입구굴다리","127.0757518958","37.5966765194","일반차로"
"07401","106000303","우남푸르미아아파트","127.0992085559","37.6072435159","일반차로"
"07402","106000304","우남푸르미아아파트","127.0992197585","37.606984993","일반차로"
"07403","106000305","신내초등학교","127.0977024595","37.6051950212","일반차로"
"07404","106000306","신내초등학교","127.0979376894","37.6053772766","일반차로"
"07405","106000307","경남아파트","127.0969519586","37.6028372991","일반차로"
"07406","106000308","대명프라자","127.0970063858","37.6024633795","일반차로"
"07407","106000309","건영아파트","127.0959547422","37.6023453076","일반차로"
"07408","106000310","상봉1동주민센터","127.0876490313","37.6004378473","일반차로"
"07409","106000311","상봉1동주민센터","127.0873672963","37.6006651301","일반차로"
"07410","106000312","신내쌍용아파트","127.0874691143","37.601538208","일반차로"
"07411","106000313","신내쌍용아파트","127.087174952","37.6022345053","일반차로"
"07415","106000477","면목두산아파트2.3단지","127.0826783287","37.579814057","일반차로"
"07417","106000318","망우역","127.0929810127","37.5986297908","일반차로"
"07418","106000319","중랑공영차고지.신내역","127.102796137","37.613532392","일반차로"
"07420","106000320","중랑캠핑숲.서울특별시북부병원","127.108843","37.605022","일반차로"
"07421","106000321","양원역","127.1074180142","37.6063443498","일반차로"
"07422","106000322","성은교회앞","127.0719816228","37.5971721716","일반차로"
"07424","106000324","해모로아파트앞","127.1113412232","37.6019303688","일반차로"
"07425","106000325","먹골역5번출구","127.0778546804","37.6089365533","가로변시간"
"07426","106000326","먹골역4번출구","127.0781824676","37.6093643524","가로변시간"
"07427","106000327","중화2동체육공원","127.0736950143","37.6003626826","일반차로"
"07429","106000328","태릉고등학교앞","127.0853769562","37.618437592","일반차로"
"07430","106000329","태릉고등학교.원묵초등학교","127.0872443872","37.618294625","일반차로"
"07431","106000330","태릉고등학교.원묵초등학교","127.087341249","37.6180387443","일반차로"
"07432","106000439","서울의료원후문","127.0974333582","37.6137726593","일반차로"
"07433","106000438","서울의료원후문","127.098397","37.613665","일반차로"
"07434","106000436","신내데시앙아파트후문","127.0994457719","37.6131628134","일반차로"
"07435","106000437","신내데시앙아파트후문","127.1002631605","37.6130754494","일반차로"
"07436","106000440","중화중학교삼거리","127.0948851433","37.5864491668","일반차로"
"07437","106000441","새우개마을입구","127.099770009","37.6142437258","일반차로"
"07438","106000442","신내역프라디움더테라스후문","127.10186655","37.6126730935","일반차로"
"07439","106000443","용마산빌라","127.0841213979","37.5713121285","일반차로"
"07440","106000454","신내역4번출구","127.1033381633","37.6124792229","일반차로"
"07442","106000450","능말입구","127.1056704161","37.6138466599","일반차로"
"07443","106000482","망우역사문화공원","127.1152135677","37.6015482363","일반차로"
"07444","106000483","망우역사문화공원","127.1153104035","37.6018460877","일반차로"
"07446","106000481","신내SKV1센터","127.1132712119","37.614461291","일반차로"
"07447","106000451","능말입구","127.1054798008","37.6137803146","일반차로"
"07448","106000456","중랑경찰서후문","127.1048418581","37.6196890354","일반차로"
"07450","106000462","당너머","127.109738","37.612606","일반차로"
"07451","106000463","당너머","127.109838","37.612494","일반차로"
"07452","106000459","신내데시앙포레아파트220동앞","127.1128015572","37.6154037584","일반차로"
"08479","107900009","세븐마트","127.0356653798","37.5925498469","마을버스"
"07453","106000458","신내데시앙포레아파트220동앞","127.1127524972","37.6159863803","일반차로"
"07454","106000461","신내데시앙포레아파트정문앞","127.1109420061","37.6165642773","일반차로"
"07455","106000460","새솔초등학교입구","127.1098030048","37.6172677017","일반차로"
"07456","106000457","새솔초등학교","127.1083861254","37.6174362942","일반차로"
"07457","106000464","중랑경찰서정문.우디안101동앞","127.1056205034","37.6177710478","일반차로"
"07458","106900027","중랑경찰서정문.우디안101동앞","127.1053545797","37.6176886487","일반차로"
"07459","106000466","신내우디안아파트107동앞","127.1054535122","37.6156282044","일반차로"
"07460","106000465","신내우디안아파트107동앞","127.1058994532","37.6152979971","일반차로"
"07461","106000468","신내10단지아파트","127.0952912241","37.6103866911","일반차로"
"07462","106000469","중랑공영차고지삼거리","127.1046668259","37.6129735956","일반차로"
"07463","106000472","우디안아파트114동앞","127.1074162008","37.6188635865","일반차로"
"07464","106000471","우디안아파트114동앞","127.1071503349","37.6190845701","일반차로"
"07465","106000475","늘푸른공원.면목라온프라이빗","127.0796405872","37.5831084305","일반차로"
"07466","106000474","늘푸른공원.사가정센트럴아이파크","127.0799298741","37.5830485102","일반차로"
"07467","106000473","브라운캐슬B동","127.0749989291","37.6136471439","일반차로"
"07500","106900021","진로아파트앞.용마산동행길.종점","127.1019875708","37.5876130613","마을버스"
"07501","106900019","중화동종점","127.082531829","37.6000603766","마을버스"
"07502","106900022","진주빌라.바다약국","127.1000297097","37.5882702086","마을버스"
"07503","106900018","정신교회","127.0813967466","37.599794443","마을버스"
"07504","106900017","마을금고","127.0804464349","37.5996788543","마을버스"
"07505","106900016","공판장","127.0991229153","37.5886290229","마을버스"
"07506","106900015","수협","127.0793873937","37.5995534192","마을버스"
"07507","106900024","새마을금고","127.0976560283","37.5891664311","마을버스"
"07508","106900014","태릉시장","127.0782426453","37.5997722467","마을버스"
"07509","106900029","서일대정문","127.0960782719","37.5883050259","마을버스"
"07510","106900013","신일교회","127.094431648","37.5877930543","마을버스"
"07511","106900028","서일대정문","127.0961200991","37.587813951","마을버스"
"07512","106900012","면목역","127.0869542692","37.588313321","마을버스"
"07515","106900010","중랑초교정문.면목2동치안센터","127.0760239509","37.5896743021","마을버스"
"07517","106900009","한신아파트상가","127.0765526169","37.5884214469","마을버스"
"07518","106900030","IBK기업은행면목동지점","127.085009712","37.5876550553","마을버스"
"07519","106900008","한신아파트후문","127.0765028357","37.5873563919","마을버스"
"07520","106900007","마을금고","127.0803975494","37.5995049778","마을버스"
"07521","106900006","정신교회","127.0816027142","37.5996555334","마을버스"
"07523","106900004","중화동종점","127.0826438086","37.599933245","마을버스"
"07524","106900020","지하철7호선면목역","127.088323368","37.588387996","마을버스"
"07525","106900003","면목본동파출소","127.0941044299","37.5878158428","마을버스"
"07526","106900025","새마을금고","127.097321946","37.5890945823","마을버스"
"07527","106900002","공판장","127.0990423344","37.5884903229","마을버스"
"07528","106900026","진주빌라.바다약국","127.099993","37.588189","마을버스"
"07529","106900023","진로아파트앞.용마산동행길.종점","127.1019846511","37.5875477419","마을버스"
"07530","106900001","수협","127.0794313809","37.5993830841","마을버스"
"07550","106000467","중랑공영차고지.신내역","127.103628","37.613209","일반차로"
"07551","106000480","중랑공영차고지.종점","127.104468","37.613322","일반차로"
"07554","106000470","사가정역3번출구","127.0870023398","37.5807358238","일반차로"
"07771","106000427","망우역","127.0925152302","37.5986473807","일반차로"
"08001","107000001","길음2동주민센터","127.028209324","37.6069061871","중앙차로"
"08002","107000002","길음2동주민센터","127.027468805","37.6061107314","중앙차로"
"08003","107000003","길음뉴타운","127.0242800346","37.6037080396","중앙차로"
"08004","107000004","길음뉴타운","127.0234418237","37.603111303","중앙차로"
"08005","107000005","미아리고개.미아리예술극장","127.0217090638","37.5988112954","중앙차로"
"08006","107000006","미아리고개.미아리예술극장","127.0218209221","37.5979210002","중앙차로"
"08007","107000007","돈암사거리.성신여대입구","127.0181313708","37.5937432794","중앙차로"
"08008","107000008","돈암사거리.성신여대입구","127.0176837862","37.5932509586","중앙차로"
"08009","107000009","삼선교.한성대학교","127.0093609216","37.5899227463","중앙차로"
"08010","107000010","삼선교.한성대학교.조소앙활동터","127.0082314311","37.589325923","중앙차로"
"08101","107000011","숭곡초교입구","127.0320881862","37.6098576825","일반차로"
"08102","107000012","창문여고","127.035819966","37.6118505947","일반차로"
"08103","107000013","동방고개","127.0382739231","37.6137075663","일반차로"
"08104","107000014","장위동그린빌아파트","127.0431131466","37.6178525754","일반차로"
"08105","107000015","북서울꿈의숲","127.0453451219","37.6203171059","일반차로"
"08106","107000016","장월초등학교","127.0486034702","37.6235604931","일반차로"
"08107","107000017","국민대앞","126.9940273315","37.6106795513","일반차로"
"08108","107000018","국민대앞","126.9940766263","37.611089494","일반차로"
"08110","107000020","국민대학교앞","126.9946485975","37.6108079623","일반차로"
"08111","107000021","청덕초등학교입구","126.999082643","37.6086704828","일반차로"
"08112","107000022","청덕초등학교입구","127.00006","37.60863","일반차로"
"08113","107000023","북악중학교","127.002908","37.607386","일반차로"
"08114","107000024","고려대사범대학부속고등학교","127.002378","37.607888","일반차로"
"08115","107000025","봉국사","127.007624","37.605854","일반차로"
"08116","107000026","봉국사","127.007657","37.606138","일반차로"
"08117","107000027","정릉2동주민센터","127.011258","37.604593","일반차로"
"08118","107000028","정릉2동주민센터","127.0111989608","37.6049808949","일반차로"
"08119","107000029","숭덕초교","127.0146827395","37.6033583637","일반차로"
"08120","107000030","숭덕초교","127.0151143204","37.603698019","일반차로"
"08121","107000031","정릉길음시장","127.0193251172","37.6022155634","일반차로"
"08122","107000032","정릉길음시장.길음뉴타운9단지","127.0195998271","37.6025691568","일반차로"
"08123","107000033","길음역2번출구.돈암삼성아파트","127.0245753189","37.6018744304","일반차로"
"08124","107000034","길음역3번출구B","127.0237698953","37.6020413112","일반차로"
"08125","107000035","돈암1동주민센터","127.0264232103","37.6036715396","일반차로"
"08126","107000036","돈암1동주민센터","127.0265678982","37.6045116804","일반차로"
"08127","107000037","종암사거리","127.031172","37.603607","일반차로"
"08128","107000038","KT월곡지사","127.0343782041","37.6024463961","일반차로"
"08129","107000039","KT월곡지사","127.0347002149","37.6030292596","일반차로"
"08130","107000040","종암SK아파트","127.0376139648","37.602046721","일반차로"
"08131","107000041","성북구보건소","127.0391628595","37.6025890639","일반차로"
"08132","107000042","월곡역","127.0414527013","37.601628727","일반차로"
"08133","107000043","월곡역","127.0423481401","37.6030699938","일반차로"
"08134","107000044","동덕여대앞","127.0428338902","37.6030027838","일반차로"
"08135","107000045","상월곡역.한국과학기술연구원","127.0472775982","37.605588258","일반차로"
"08136","107000046","상월곡역.한국과학기술연구원","127.046447","37.605489","일반차로"
"08137","107000047","월곡중학교","127.049787","37.606895","일반차로"
"08138","107000048","월곡중학교","127.0492360318","37.6069663554","일반차로"
"08139","107000049","장위아트포레.장위전통시장입구","127.052529","37.608343","일반차로"
"08140","107000050","장위아트포레.장위전통시장입구","127.0521051555","37.6084472513","일반차로"
"08141","107000051","돌곶이역5번출구","127.058213","37.611291","일반차로"
"08142","107000052","돌곶이역1번출구","127.0562084808","37.6105861206","일반차로"
"08143","107000053","장위동동원베네스트.온누리병원","127.058969","37.612043","일반차로"
"08144","107000054","석관동주민센터","127.061917","37.613393","일반차로"
"08145","107000055","석관동주민센터","127.0614333997","37.6134412485","일반차로"
"08146","107000056","석계역굴다리앞","127.0657965807","37.6143314819","일반차로"
"08147","107000057","석계역4번출구","127.067112","37.615104","일반차로"
"08148","107000058","성가복지병원","127.0311378827","37.6058827177","일반차로"
"08149","107000059","성가복지병원","127.0315287406","37.6059227612","일반차로"
"08150","107000060","종암경찰서","127.0330443723","37.6014326326","일반차로"
"08151","107000061","종암경찰서","127.0336839773","37.6011063729","일반차로"
"08152","107000062","종암동주민센터","127.0341075456","37.5994152643","일반차로"
"08153","107000063","종암동주민센터","127.0349566767","37.5983737481","일반차로"
"08154","107000064","숭례초교","127.0356811781","37.5948052663","일반차로"
"08155","107000065","숭례초등학교","127.036170198","37.5943969245","일반차로"
"08156","107000066","고대앞","127.0348108154","37.5885636851","일반차로"
"08157","107000067","우신향병원","127.0316104668","37.5851359404","일반차로"
"08158","107000068","안암오거리","127.029064935","37.5824863475","일반차로"
"08159","107000069","대광초교","127.0250277117","37.5797066498","일반차로"
"08160","107000070","정릉북한산국립공원입구","126.9992949087","37.6177209169","일반차로"
"08161","107000071","정릉산장아파트","127.0033451915","37.6167130001","일반차로"
"08162","107000072","정릉대우아파트","127.00386","37.616708","일반차로"
"08163","107000073","정릉4동주민센터.경국사","127.0063369706","37.6135243952","일반차로"
"08164","107000074","정릉4동주민센터.경국사","127.0067135499","37.6133621964","일반차로"
"08165","107000075","성북청수도서관.정릉4동성당","127.0084193769","37.6115696748","일반차로"
"08166","107000076","성북청수도서관.정릉4동성당","127.0090747434","37.6108955811","일반차로"
"08167","107000077","정릉시장입구","127.0098212542","37.6084653256","일반차로"
"08168","107000078","정릉시장입구","127.0101519307","37.6080327763","일반차로"
"08169","107000079","정릉우체국앞","127.0114121305","37.6051645031","일반차로"
"08170","107000080","정릉우체국앞","127.0115259154","37.6053925733","일반차로"
"08171","107000081","미아초교","127.0220389791","37.6115318739","일반차로"
"08172","107000082","미아초교","127.0224658136","37.6108866161","일반차로"
"08173","107000083","길음동동부아파트","127.023530903","37.607282869","일반차로"
"08174","107000084","길음동동부아파트","127.0234547019","37.6080248717","일반차로"
"08175","107000085","삼선동주민센터","127.0143473137","37.5906107149","일반차로"
"08176","107000086","삼선동주민센터","127.0147153546","37.5906917676","일반차로"
"08177","107000087","성북구청.성북경찰서","127.0174306588","37.5881513802","일반차로"
"08178","107000088","성북구청.성북경찰서","127.0172299027","37.5886054063","일반차로"
"08179","107000089","보문역2번출구","127.0189209428","37.5858514183","일반차로"
"08180","107000090","보문역6번출구","127.019770675","37.5848759024","일반차로"
"08181","107000091","보문동성당","127.0207962235","37.5823963244","일반차로"
"08182","107000092","보문동성당","127.0211155216","37.582398971","일반차로"
"08183","107000093","보문동주민센터","127.0218634882","37.5804514958","일반차로"
"08184","107000094","보문동주민센터","127.0223781466","37.5800480873","일반차로"
"08185","107000095","월계2교.참누리아파트","127.0503746013","37.6232183587","일반차로"
"08186","107000096","월계2교","127.050133","37.623825","일반차로"
"08187","107000097","광운초교앞","127.0529580116","37.6199529582","일반차로"
"08188","107000098","광운초교","127.053113038","37.6202857913","일반차로"
"08189","107000099","성북청소년센터","127.056887","37.616488","일반차로"
"08190","107000100","성북청소년센터","127.0575142283","37.6161560006","일반차로"
"08480","107900010","죽림정사","127.0292269396","37.5995314443","마을버스"
"08191","107000101","장위자이레디언트아파트","127.0592242299","37.6141178016","일반차로"
"08192","107000102","장위자이레디언트아파트","127.0597361132","37.61397337","일반차로"
"08193","107000103","장위사거리","127.0618334097","37.6115892599","일반차로"
"08194","107000104","장위사거리","127.0618298638","37.6119253322","일반차로"
"08195","107000105","석관중고등학교앞","127.0640251528","37.6092611472","일반차로"
"08196","107000106","석관고등학교","127.064361798","37.6094354736","일반차로"
"08197","107000107","석관동코오롱아파트","127.0661262457","37.6065852831","일반차로"
"08198","107000108","석관동코오롱아파트","127.06635","37.606655","일반차로"
"08199","107000109","북서울꿈의숲","127.0451012788","37.6192462321","일반차로"
"08200","107000110","북서울꿈의숲","127.0456590521","37.6191131219","일반차로"
"08201","107000111","장곡초교앞","127.0477168014","37.6176594647","일반차로"
"08202","107000112","장곡초교앞","127.0479421691","37.6177065388","일반차로"
"08203","107000113","진흥선원","127.0500209793","37.6162107764","일반차로"
"08204","107000114","진흥선원","127.050048","37.61643","일반차로"
"08205","107000115","장위동원천주유소","127.0525710587","37.6146908982","일반차로"
"08206","107000116","장위동원천주유소","127.0529741295","37.6146307869","일반차로"
"08207","107000117","돌곶이역2번출구","127.0555322537","37.6120921548","일반차로"
"08209","107000119","돌곶이역7번출구","127.057553","37.610227","일반차로"
"08210","107000120","돌곶이역3번출구","127.056203","37.611744","일반차로"
"08211","107000121","석관시장","127.0590704145","37.6086897394","일반차로"
"08212","107000122","석관시장","127.0590600371","37.6090023944","일반차로"
"08213","107000123","석관동새마을금고","127.0603973513","37.6074589679","일반차로"
"08214","107000124","석관동새마을금고","127.0609375732","37.6072717639","일반차로"
"08215","107000125","한국예술종합학교","127.0618293174","37.6056471604","일반차로"
"08216","107000126","한국예술종합학교","127.0620208629","37.6057619079","일반차로"
"08218","107000520","돈암힐스테이트.코오롱하늘채","127.0142965055","37.5984370068","일반차로"
"08219","107000129","꿈의숲아이파크아파트","127.0513840846","37.6180160676","일반차로"
"08220","107000130","꿈의숲아이파크아파트","127.0510442788","37.6180139626","일반차로"
"08221","107000131","장곡초교사거리","127.050137","37.617218","일반차로"
"08222","107000132","장곡초교사거리","127.0499054393","37.617273387","일반차로"
"08223","107000133","서울다원학교.한용운활동터","126.9918132916","37.594504378","일반차로"
"08224","107000134","동방문화대학원대학교","126.9931664205","37.5944954542","일반차로"
"08225","107000135","동방문화대학원대학교","126.9937265473","37.5947840057","일반차로"
"08226","107000136","성북구립미술관.쌍다리앞","126.9958337905","37.5935941166","일반차로"
"08227","107000137","성북구립미술관.쌍다리앞","126.995943628","37.5937446022","일반차로"
"08228","107000138","성북초교.성북선잠박물관","126.9987771128","37.5930630687","일반차로"
"08229","107000139","성북초교.성북선잠박물관","126.9978031597","37.5930854464","일반차로"
"08230","107000140","홍익대부속중고등학교입구","127.0006477466","37.5932175334","일반차로"
"08231","107000141","홍익대부속중고등학교입구","127.0015310386","37.5932724917","일반차로"
"08232","107000142","경신중고입구","127.0028344034","37.5917865725","일반차로"
"08233","107000143","경신중고입구","127.0026665502","37.5924098258","일반차로"
"08234","107000144","성북동주민센터.서울동구고","127.0036474176","37.5907466938","일반차로"
"08235","107000145","성북동주민센터.서울동구고","127.0038751968","37.5909389227","일반차로"
"08236","107000146","한성대입구역5번출구.삼선교","127.005502","37.588812","일반차로"
"08237","107000147","한성대입구역6번출구.삼선교","127.0056130939","37.589094071","일반차로"
"08238","107000514","서울다원학교.한용운활동터","126.9916547399","37.5947386247","일반차로"
"08239","107000522","장위래미안아파트","127.0528994712","37.6191701905","일반차로"
"08240","107000496","종월2교","127.0412493106","37.5973107996","일반차로"
"08241","107000504","창문여고","127.0356906378","37.6117802597","일반차로"
"08242","107000521","장위래미안아파트","127.0526589415","37.6188534243","일반차로"
"08243","107000528","남대문중학교","127.0546974877","37.6180556213","일반차로"
"08244","107000529","남대문중학교","127.055378769","37.617766679","일반차로"
"08245","107000150","길음시장","127.023582426","37.603009102","일반차로"
"08246","107000151","길음시장","127.0230920656","37.603149768","일반차로"
"08247","107000152","길음역11번출구","127.0259507581","37.6046830059","일반차로"
"08248","107000153","길음역10번출구","127.0259217322","37.605087769","일반차로"
"08249","107000154","미아사거리","127.0300443665","37.6101676658","일반차로"
"08250","107000155","서경로꿈마루도서관앞","127.013387398","37.6115052388","일반차로"
"08251","107000156","길원초등학교입구","127.0143749082","37.6104382371","일반차로"
"08252","107000157","길원초등학교입구","127.014672","37.610337","일반차로"
"08253","107000158","길음뉴타운11단지롯데캐슬","127.0153629325","37.608833917","일반차로"
"08254","107000159","길음뉴타운11단지롯데캐슬","127.015477","37.608783","일반차로"
"08255","107000160","정릉동아.길음뉴타운데시앙아파트","127.0149528803","37.606292268","일반차로"
"08256","107000161","길음뉴타운데시앙.정릉동아아파트","127.015123","37.60641","일반차로"
"08257","107000162","숭덕초교","127.0145783295","37.6038076998","일반차로"
"08258","107000163","성북생태체험관","127.0064961192","37.6202232341","일반차로"
"08259","107000164","정릉초교","127.00634","37.619058","일반차로"
"08260","107000165","정릉동풍림상가앞","127.0077085694","37.6167005028","일반차로"
"08261","107000166","정릉동풍림상가앞","127.008189261","37.6167639907","일반차로"
"08262","107000167","정릉동풍림아파트.청소년문화의집","127.0086761598","37.6164772363","일반차로"
"08263","107000168","정릉입구.정릉역","127.0135090711","37.6024257513","일반차로"
"08264","107000169","정릉입구.정릉역","127.0135073176","37.6028763481","일반차로"
"08265","107000170","아리랑고개.아리랑시네미디어센터","127.0137784395","37.6006317832","일반차로"
"08266","107000171","아리랑고개.아리랑시네미디어센터","127.0137361959","37.6004661719","일반차로"
"08267","107000172","돈암2동주민센터입구.흥천사","127.0151169845","37.5967201329","일반차로"
"08268","107000173","돈암2동주민센터입구.흥천사","127.01560379","37.596199747","일반차로"
"08269","107000174","성신여대입구역5번출구","127.0161354636","37.5937399685","일반차로"
"08270","107000175","성신여대입구역6번출구","127.0164185434","37.5937466869","일반차로"
"08271","107000176","한국과학기술연구원입구","127.044818","37.603913","일반차로"
"08272","107000177","대농빌라앞","127.043291","37.601778","일반차로"
"08273","105000474","월곡샹그레빌아파트","127.0408149328","37.5954776166","일반차로"
"08274","107000178","월곡샹그레빌아파트","127.0408915697","37.5954008225","일반차로"
"08275","107000179","장위동고개","127.0406505559","37.6142454988","일반차로"
"08276","107000180","장위동고개","127.0409175754","37.6143780182","일반차로"
"08277","107000181","장위1동주민센터","127.0427868796","37.613861789","일반차로"
"08278","107000182","장위1동주민센터","127.043464302","37.6139940851","일반차로"
"08279","107000183","장위1동치안센터","127.045172","37.613833","일반차로"
"08280","107000184","장위1동치안센터","127.046117453","37.6139750583","일반차로"
"08281","107000185","청소년문화누림센터","127.0484390748","37.6135912081","일반차로"
"08282","107000186","청소년문화누림센터","127.0487688779","37.6138828968","일반차로"
"08283","107000187","월곡1동주민센터","127.035225829","37.610829856","일반차로"
"08284","107000188","월곡1동주민센터","127.0356202126","37.6103304009","일반차로"
"08285","107000189","밤나무골시장","127.03575","37.609406","일반차로"
"08286","107000190","월곡삼성래미안아파트","127.0359","37.609549","일반차로"
"08287","107000191","월곡동두산아파트","127.036649","37.606735","일반차로"
"08288","107000192","월곡동두산아파트","127.036751","37.606913","일반차로"
"08289","107000193","생명의전화","127.037215","37.604518","일반차로"
"08290","107000194","생명의전화","127.0375355438","37.6041772379","일반차로"
"08293","107000197","장곡초교","127.0485302331","37.6162024332","일반차로"
"08294","107000198","장곡초교","127.048798454","37.6161195728","일반차로"
"08295","107000199","보문역5번출구","127.0202535696","37.5854637287","일반차로"
"08296","107000200","보문역4번출구","127.0200803771","37.5856511849","일반차로"
"08297","107000201","안암동주민센터","127.021938613","37.5860464325","일반차로"
"08298","107000202","안암동주민센터","127.0223689592","37.5862680197","일반차로"
"08299","107000203","고려대이공대.고대병원","127.0259867888","37.58617438","일반차로"
"08300","107000204","고려대이공대.고대병원","127.0258793196","37.5864334391","일반차로"
"08301","107000205","안암역3번출구","127.0305239036","37.586229248","일반차로"
"08302","107000206","안암역2번출구","127.0302759807","37.5863644753","일반차로"
"08303","107000207","안암오거리","127.0295931093","37.5832964381","일반차로"
"08304","107000208","개운사입구","127.029458235","37.5858303361","일반차로"
"08305","107000209","성신여대입구역3번출구.돈암시장","127.016715","37.591444","일반차로"
"08306","107000210","성신여대입구역2번출구.돈암시장","127.0167719353","37.5917149004","일반차로"
"08307","107000211","성북구청","127.01817","37.589376","일반차로"
"08308","107000212","성북구청","127.0175710536","37.5899335613","일반차로"
"08309","107000213","보문2교","127.0194349551","37.5891196342","일반차로"
"08310","107000214","보문2교","127.0191459598","37.589049348","일반차로"
"08311","107000215","성신여대후문","127.0220957059","37.5890493392","일반차로"
"08312","107000216","성신여대후문","127.0221070536","37.5891349314","일반차로"
"08313","107000217","용문중고교","127.0229774528","37.5876943273","일반차로"
"08314","107000510","용문중고교","127.0231483316","37.5873563855","일반차로"
"08315","107000219","안암초교","127.0233961765","37.5869202094","일반차로"
"08316","107000220","안암초교","127.0234339727","37.5871051895","일반차로"
"08318","107000222","돈암초교입구","127.0121379652","37.5910757635","일반차로"
"08320","107000224","정릉3동주민센터앞","127.0044112283","37.608447409","일반차로"
"08321","107000225","정릉3동주민센터앞","127.0047217755","37.6085559975","일반차로"
"08322","107000226","삼덕단지.성북구최만린미술관","127.0050597014","37.6103867411","일반차로"
"08323","107000227","삼덕단지.성북구최만린미술관","127.005234","37.610712","일반차로"
"08324","107000228","솔샘사거리","127.0069541753","37.6127787922","일반차로"
"08325","107000229","솔샘사거리","127.0072777201","37.6126699762","일반차로"
"08326","107000230","보문역3번출구","127.019202","37.585933","일반차로"
"08327","107000231","성북우체국.현대백화점","127.0293808251","37.6078214049","일반차로"
"08328","107000232","정릉동풍림아파트","127.008888534","37.6164839779","일반차로"
"08329","107000233","현대백화점","127.0292316503","37.6082685042","일반차로"
"08330","107000234","돈암동일신건영휴먼빌아파트","127.013386","37.601461","일반차로"
"08332","107000235","석계역5번출구","127.0653703051","37.6138925287","일반차로"
"08333","107000236","석계역","127.0654622702","37.6135987601","일반차로"
"08334","107000237","월곡2SH빌아파트","127.0422175977","37.5975109278","일반차로"
"08335","107000238","석관고등학교후문","127.0664988617","37.610699249","일반차로"
"08336","107000239","길음역3번출구A","127.0243191825","37.6022078826","일반차로"
"08338","107000240","청소년문화의집.정릉e편한세상","127.0089068708","37.6151911012","일반차로"
"08341","107000243","상진운수종점","127.0652478073","37.6111977438","일반차로"
"08342","107000244","상진운수종점","127.065628767","37.6112674279","일반차로"
"08344","107000246","대진여객차고지","127.000797","37.617689","일반차로"
"08347","107000249","정릉북한산국립공원입구","126.9993487096","37.6178583179","일반차로"
"08348","107000508","풍림아파트삼거리","127.007432","37.617339","일반차로"
"08349","107000251","성북생태체험관","127.0064961131","37.6201534076","일반차로"
"08350","107000252","정릉초교","127.006424","37.618938","일반차로"
"08351","107000524","파크빌라앞","127.005908199","37.5982256085","일반차로"
"08352","107000523","골드하우스","127.0045550193","37.5984869558","일반차로"
"08353","107000255","월곡중학교","127.0478487259","37.6062348572","일반차로"
"08355","107000257","508단지삼거리","127.0055357424","37.5993330895","일반차로"
"08357","107000259","산장빌라","127.0074088371","37.5990157438","일반차로"
"08358","107000260","산장빌라","127.0073998099","37.5987761153","일반차로"
"08359","107000506","성북참노인전문병원","127.005665","37.597675","일반차로"
"08360","107000262","교수단지","127.009282874","37.5996669769","일반차로"
"08361","107000263","우방아파트","127.0094554943","37.6002114009","일반차로"
"08363","107000515","일신건영아파트.꿈에그린아파트","127.0121089813","37.6014914182","일반차로"
"08364","107000266","일신건영아파트.꿈에그린아파트","127.0122269985","37.6014510424","일반차로"
"08365","107000267","돈암힐스테이트.코오롱하늘채","127.014404006","37.5988330463","일반차로"
"08366","107000268","돈암동일신건영휴먼빌아파트","127.0136260986","37.6016437467","일반차로"
"08367","107000269","구민회관입구","127.0064556975","37.596703351","일반차로"
"08368","107000270","508단지입구","127.006386249","37.5991744552","일반차로"
"08369","107000271","스카이힐스","127.0036633229","37.599483255","일반차로"
"08370","107000272","508단지삼거리","127.0056342632","37.5992258555","일반차로"
"08371","107000273","대일외고.서경대정문","127.013145","37.612945","일반차로"
"08372","107000274","서경대본관","127.011423","37.61546","일반차로"
"08373","107000275","서경대본관","127.011687","37.615626","일반차로"
"08380","107000281","길음뉴타운8단지","127.015877","37.60757","일반차로"
"08381","107000280","길음뉴타운8단지","127.0157040433","37.6074068143","일반차로"
"08382","107000282","서경로꿈마루도서관앞","127.013476","37.611633","일반차로"
"08390","107000290","국민커뮤니티센터","127.0044096525","37.6122826515","일반차로"
"08391","107000291","정릉연립","127.00437181","37.6122135456","일반차로"
"08392","107000292","국민대후문","126.9994533062","37.6111973107","일반차로"
"08393","107000293","국민대후문","126.9998640907","37.6111729841","일반차로"
"08394","107000294","고려대사범대학부속고등학교후문","126.9992950559","37.6095059773","일반차로"
"08395","107000295","고려대사범대학부속고등학교후문","126.9995106864","37.6094614333","일반차로"
"08396","107000296","월곡래미안루나밸리","127.0411600129","37.5996556599","일반차로"
"08400","107000497","길음뉴타운10단지.라온유아파트","127.0181336142","37.6029875372","일반차로"
"08401","107000501","숭곡초교후문","127.0328337687","37.609277551","일반차로"
"08402","107000502","월곡아남아파트","127.0345110882","37.6064773977","일반차로"
"08403","107000500","월곡동신아파트","127.0360244691","37.6045305985","일반차로"
"08404","107000505","돌곶이역8번출구","127.056327","37.610303","일반차로"
"08405","107000509","한성대입구역","127.0047236816","37.5893629858","일반차로"
"08406","107000516","장위동입구","127.0390305016","37.6137313245","일반차로"
"08408","107000518","북한산보국문역2번출구","127.0079858233","37.612293899","일반차로"
"08409","107000519","북한산보국문역1번출구","127.008329146","37.6120835499","일반차로"
"08410","107000525","일신초교.래미안라센트아파트","127.039436762","37.598241968","일반차로"
"08411","107000526","서울사대부설중학교","127.0383641124","37.5961434071","일반차로"
"08412","107000527","서울사대부설고등학교","127.0371653045","37.5936473735","일반차로"
"08448","107900267","일신휴먼빌.우정아파트","127.0112533717","37.600439405","마을버스"
"08449","107900001","고려아파트","127.0272458091","37.5985623481","마을버스"
"08450","107900305","장월초교.참누리아파트","127.0482620157","37.6234017046","마을버스"
"08451","107900304","동방주택","127.0437263808","37.6165854246","마을버스"
"08452","107900303","장위중학교","127.0405010899","37.6119090424","마을버스"
"08453","107900284","신안APT.길음초등학교","127.0164202375","37.6142243316","마을버스"
"08454","107900278","정릉4동종점","127.0101775182","37.6129436918","마을버스"
"08455","107900273","산림초소","126.9979440805","37.6139199881","마을버스"
"08456","107900272","정릉2동주민센터","127.011536","37.604467","마을버스"
"08457","107900280","성신여대입구역3번출구","127.0164516544","37.5922918719","마을버스"
"08458","107900248","삼선푸르지오APT앞","127.0135777075","37.5851583375","마을버스"
"08459","107900256","한성대정문","127.0112286496","37.5825625217","마을버스"
"08460","107900246","한신113동앞","127.0085997586","37.5943426813","마을버스"
"08462","107900244","낙산삼거리","127.0105670837","37.5802666048","마을버스"
"08463","107900245","돈암2동주민센터","127.0108661056","37.5975911861","마을버스"
"08464","107900143","종암중학교","127.0348752977","37.5932844701","마을버스"
"08465","107900104","종암교통정보센터","127.0359029589","37.5940261807","마을버스"
"08466","107900077","고려슈퍼","127.027767923","37.598640621","마을버스"
"08467","107900048","슈퍼앞","127.0422165656","37.6158087153","마을버스"
"08468","107900032","월곡청소년센터.오동숲속도서관","127.0404315108","37.6110151894","마을버스"
"08469","107900005","푸르지오211동","127.017015","37.612893","마을버스"
"08470","107900002","KEB하나은행.오렌지마트","127.0091703259","37.6113037986","마을버스"
"08471","107900268","중앙하이츠정문","127.0109779802","37.6026973686","마을버스"
"08474","107900004","한양슈퍼앞","127.0111699073","37.5834681227","마을버스"
"08475","107900006","구민회관.201동앞","127.0092873052","37.5955879331","마을버스"
"08477","107900007","돈암지구대.현대아파트","127.0127098361","37.596978894","마을버스"
"08478","107900008","선경아파트","127.0344613329","37.5943749086","마을버스"
"08482","107900012","나약국","127.041354229","37.6143344683","마을버스"
"08483","107900013","동아아파트","127.0474093545","37.6081543482","마을버스"
"08484","107900014","월곡인조잔디구장","127.0394708753","37.6086618783","마을버스"
"08485","107900015","푸르지오정문.e편한세상후문","127.0176158808","37.6119651381","마을버스"
"08487","107900274","넓은마당","126.9997043527","37.6146057316","마을버스"
"08488","107900269","중앙하이츠후문","127.0093597957","37.6035344728","마을버스"
"08489","107900016","성신여대정문앞","127.0197375056","37.590765825","마을버스"
"08490","107900257","한성대입구3거리","127.0109450153","37.5864120039","마을버스"
"08491","107900017","(구)법화사","127.0110898368","37.5847416354","마을버스"
"08492","107900018","이수아파트.한신휴아파트입구","127.0141174417","37.5966164967","마을버스"
"08493","107900019","극동아파트정문","127.0343689551","37.5954238021","마을버스"
"08494","107900020","고려대법과대학.한국어교육관입구","127.0330195331","37.5913557733","마을버스"
"08495","107900021","래미안세레니티","127.0293309418","37.5990484356","마을버스"
"08497","107900291","장위1동주민센터","127.0432920552","37.6138183526","마을버스"
"08498","107900295","이지마트","127.0476777016","37.6097861067","마을버스"
"08499","107900023","월곡1동밤골경로당","127.0403853901","37.6074171689","마을버스"
"08500","107900158","새생명교회","127.018240126","37.6110319213","마을버스"
"08502","107900275","도광사","127.001466925","37.6154094907","마을버스"
"08503","107900024","정수초교","127.0088361313","37.6043724341","마을버스"
"08504","107900025","성신여대평생교육원","127.02006663","37.5892753684","마을버스"
"08505","107900259","성신여대입구역5번출구","127.016236","37.593452","마을버스"
"08506","107900026","극동아파트후문","127.0334881714","37.5960223777","마을버스"
"08507","107900027","고려대안암학사","127.030584842","37.5912582105","마을버스"
"08508","107900028","통일교회","127.0297868295","37.5977570629","마을버스"
"08510","107900030","장위1동치안센터","127.0455235372","37.6138039967","마을버스"
"08511","107900031","GS25장위제일점","127.0482277397","37.610855472","마을버스"
"08512","107900033","초림빌라","127.0410680515","37.6074650247","마을버스"
"08513","107900034","대림상가앞","127.019928561","37.6108023697","마을버스"
"08514","107900035","현대아파트앞","127.0203178716","37.6090831925","마을버스"
"08516","107900036","산장아파트","127.0035140799","37.616659953","마을버스"
"08517","107900037","그린빌라","127.008202672","37.6039281291","마을버스"
"08519","107900038","삼선시장앞","127.0088742018","37.5881107312","마을버스"
"08521","107900039","종암아이파크2차정문","127.0326607185","37.5968921594","마을버스"
"08522","107900040","고려대아이스링크","127.0278066095","37.5930412509","마을버스"
"08523","107900041","그린마트","127.0310202081","37.5979829182","마을버스"
"08526","107900043","장위동성당앞","127.0489730694","37.6126113808","마을버스"
"08527","107900044","동덕여대후문","127.0408382727","37.6066542137","마을버스"
"08528","107900045","e편한세상정문","127.0216763929","37.6111129362","마을버스"
"08529","107900046","래미안821동앞","127.0217978896","37.6063912219","마을버스"
"08532","107900047","정수빌라","127.0078193261","37.6034392147","마을버스"
"08534","107900049","한성대입구역.성북천분수마루","127.0067691679","37.5880973543","마을버스"
"08535","107900254","삼선시장","127.0091097341","37.5881449546","마을버스"
"08536","107900292","동방고개","127.0383227067","37.6137524896","마을버스"
"08537","107900050","정덕초교입구.이수아파트","127.0144253969","37.5967304932","마을버스"
"08538","107900051","현대홈마트","127.0330031027","37.59774179","마을버스"
"08539","107900052","성북구의회","127.0264561677","37.594558093","마을버스"
"08540","107900053","종암아이파크2차후문","127.0319702953","37.5978024471","마을버스"
"08542","107900055","장위시장","127.0500348524","37.6133087107","마을버스"
"08543","107900056","두산아파트후문","127.0402905965","37.605962848","마을버스"
"08544","107900302","파리바게트앞","127.0226562581","37.6113884844","마을버스"
"08545","107900282","길음시장입구","127.0223666084","37.6051725267","마을버스"
"08546","107900283","길음역출구","127.0243523151","37.6022105821","마을버스"
"08548","107900057","그린빌라","127.0082621961","37.6037248291","마을버스"
"08550","107900249","한신105동앞","127.0088903855","37.592651899","마을버스"
"08551","107900293","장위동그린빌아파트","127.0430066211","37.6177787253","마을버스"
"08552","107900058","돈암지구대.현대아파트","127.0127463341","37.5971725293","마을버스"
"08554","107900060","개운중학교","127.0248944002","37.5941781735","마을버스"
"08555","107900061","성북노인정입구","127.0327766528","37.5978526869","마을버스"
"08557","107900063","어해랑앞","127.0529124982","37.6139775278","마을버스"
"08558","107900064","자산약국.월곡전철역입구.6호선","127.0392307477","37.6043412492","마을버스"
"08559","107900065","동부아파트.샘물교회앞","127.0238853806","37.6118369827","마을버스"
"08560","107900281","길음역7번출구","127.024173","37.604146","마을버스"
"08562","107900066","수녀원","127.0053135319","37.6119203778","마을버스"
"08563","107900067","정수초교","127.0087719123","37.6041816433","마을버스"
"08564","107900068","고려대이공대","127.025042317","37.586127814","마을버스"
"08566","107900069","삼선교.한성대입구역","127.0051556693","37.5894788054","마을버스"
"08567","107900070","한신103동앞","127.0082620546","37.5922035215","마을버스"
"08568","107900298","북서울꿈의숲","127.0451511821","37.6199450324","마을버스"
"08569","107900071","돈암신일해피트리아파트","127.0110067037","37.5977882419","마을버스"
"08570","107900072","통일교회","127.0297528957","37.5978597954","마을버스"
"08571","107900073","풍림아파트.성신초교","127.0235199391","37.5951930807","마을버스"
"08572","107900074","한미약국","127.034352","37.598912","마을버스"
"08574","107900076","장위자이레디언트2단지","127.054654","37.614853","마을버스"
"08576","107900079","래미안길음센터피스120동앞","127.0255414558","37.6120078422","마을버스"
"08580","107900270","중앙하이츠후문","127.0092606947","37.6034488866","마을버스"
"08581","107900080","고대병원","127.0271631411","37.5861138287","마을버스"
"08584","107900081","풍림106동","127.0220560921","37.5976425376","마을버스"
"08585","107900082","성북노인정입구","127.0328514477","37.5979671042","마을버스"
"08586","107900083","성북청소년센터","127.056928","37.616426","마을버스"
"08587","107900084","장위3동주민센터","127.055661","37.615919","마을버스"
"08588","107900350","동덕여대부속유치원앞","127.0452758609","37.6061228727","마을버스"
"08589","107900086","영훈중고후문.길음래미안센터피스","127.0274932778","37.612454342","마을버스"
"08590","107900087","성북미디어문화마루","127.022848","37.604206","마을버스"
"08592","107900088","구.정릉3동주민센터","127.0058966843","37.6094883196","마을버스"
"08593","107900271","중앙하이츠정문","127.0107185841","37.6026956338","마을버스"
"08596","107900090","한성대입구역5번출구","127.0050894402","37.5892202337","마을버스"
"08597","107900091","참누리아파트","127.047741","37.622979","마을버스"
"08598","107900093","고명중고교","127.0203281149","37.5987114012","마을버스"
"08599","107900285","종암아이파크2차후문","127.0319114484","37.5979024838","마을버스"
"08600","107900097","장위자이레디언트1단지","127.0581116015","37.6152176785","마을버스"
"08603","107900357","석계역7번출구","127.065428","37.614303","마을버스"
"08604","107900358","석관두산아파트","127.0676260739","37.6141629103","마을버스"
"08605","107900359","성북레포츠타운","127.0703008849","37.6100821203","마을버스"
"08606","107000530","석관고","127.067226","37.610065","마을버스"
"08657","107900100","미아사거리전철역","127.0297023033","37.6123270172","마을버스"
"08662","107900101","길음시장입구","127.022454","37.605175","마을버스"
"08714","107900102","정든마을","127.0073021258","37.6094586262","마을버스"
"08715","107900308","국민은행장위동지점","127.048192117","37.6135767647","마을버스"
"08716","107900103","고대사거리","127.032286944","37.5862774378","마을버스"
"08718","107900107","한성대입구역2번출구","127.0067963836","37.5885307766","마을버스"
"08721","107900108","삼선교제1시장","127.0068903011","37.5877945813","마을버스"
"08722","107900110","개운초등학교","127.0288153961","37.6013301158","마을버스"
"08727","107900113","정릉쌍용예가아파트","127.0175918525","37.5995443971","마을버스"
"08728","107900115","그린마트","127.0309919428","37.5980964627","마을버스"
"08731","107900118","래미안610동앞","127.0222829921","37.605554924","마을버스"
"08733","107900120","수보약국","127.007874243","37.6086862377","마을버스"
"08734","107900125","쌍다리","126.9958836268","37.5934247138","마을버스"
"08744","107900127","녹십자약국","127.0092820358","37.5896344415","마을버스"
"08745","107900128","삼선교제2시장","127.0086669439","37.5877791457","마을버스"
"08748","107900129","종암래미안","127.0297680319","37.6017407751","마을버스"
"08749","107900130","힐스테이트","127.0170331603","37.599802358","마을버스"
"08750","107900131","현대백화점","127.0293255215","37.6083206204","마을버스"
"08751","107900132","래미안609동앞","127.0218415618","37.6065398941","마을버스"
"08757","107900133","오렌지마트","127.0093640245","37.6113614529","마을버스"
"08758","107900134","정릉시장입구","127.0098053714","37.6082706923","마을버스"
"08759","107900135","용광교회","126.9948588415","37.5925307938","마을버스"
"08760","107900136","삼영탕앞","127.0100292895","37.5888116861","마을버스"
"08765","107900137","성북세무서앞","127.0101254524","37.5881655969","마을버스"
"08766","107900138","종암아이파크1차후문","127.0304477445","37.6021839366","마을버스"
"08767","107900139","우성APT정문","127.0152065619","37.6006018719","마을버스"
"08769","107900141","길음2동주민센터","127.0278026247","37.6066792098","마을버스"
"08770","107900142","래미안501동앞","127.020692544","37.6086973016","마을버스"
"08771","107900144","북정마을삼거리","126.9925917473","37.5925495961","마을버스"
"08772","107900145","성북세무서앞","127.010448131","37.5878763191","마을버스"
"08773","107900146","본교회앞","127.0116236224","37.5886421351","마을버스"
"08775","107900147","성북소방서","127.0309356235","37.6025734873","마을버스"
"08780","107900148","장위자이레디언트1단지","127.058557","37.615128","마을버스"
"08781","107900299","석계역","127.0647168159","37.6146287295","마을버스"
"08782","107000531","장위2동주민센터","127.0548564845","37.6127866945","마을버스"
"08783","107900149","길음역7번출구","127.024372","37.604236","마을버스"
"08784","107000532","장위2동주민센터","127.0550830532","37.6128820215","마을버스"
"08785","107000533","돌곶이역3번출구","127.0568972381","37.6111169884","마을버스"
"08786","107900150","길음1동주민센터.길음중앙새마을금고앞","127.0197436999","37.609922941","마을버스"
"08787","107900307","국민은행사거리","127.0482091911","37.6137056129","마을버스"
"08788","107900151","슈퍼앞","126.9927207864","37.5931263008","마을버스"
"08789","107900152","한성대입구사거리","127.0109053037","37.5858614419","마을버스"
"08790","107900153","성북경찰서사거리앞","127.0147162769","37.5896248782","마을버스"
"08791","107900154","종암아이파크1차정문","127.0303644793","37.6035229732","마을버스"
"08792","107900354","꿈의숲대명루첸아파트","127.0480041459","37.6197496401","마을버스"
"08795","107900155","돈암힐스테이트.코오롱하늘채","127.0142623966","37.5985154642","마을버스"
"08796","107900156","고려슈퍼","127.0276682695","37.5986595673","마을버스"
"08797","107900157","성북청소년센터","127.0571250268","37.6165801077","마을버스"
"08798","107900159","새생명교회","127.0183054636","37.6109999704","마을버스"
"08799","107900351","돈암코오롱하늘채.일신휴먼빌","127.0113466683","37.5995992222","마을버스"
"08800","107000444","서경대정문.대일외고","127.0130249816","37.613125159","일반차로"
"08801","107900160","북정경로당","126.9909757805","37.5926486034","마을버스"
"08807","107900162","(구)법화사","127.0109979664","37.5845908968","마을버스"
"08808","107900165","범양APT입구","127.0272103996","37.6039526599","마을버스"
"08809","107900340","선잠로3길입구","126.9972123529","37.5959526063","마을버스"
"08810","107900341","선잠로3길입구","126.9968838263","37.596027983","마을버스"
"08815","107900306","원진프라자앞","127.0329450077","37.5995439814","마을버스"
"08819","107900171","푸르지오정문.e편한세상후문","127.0176895841","37.61229132","마을버스"
"08821","107900318","선잠단지.성락원앞","126.9989242882","37.5947299049","마을버스"
"08822","107900317","선잠단지.성락원앞","126.9989214593","37.5945947562","마을버스"
"08823","107900174","북정마을삼거리.모정앞","126.9922226001","37.5923603438","마을버스"
"08824","107900315","성북동성당","126.9977806154","37.5954461773","마을버스"
"08825","107900316","성북동성당","126.9976560572","37.5954754571","마을버스"
"08826","107900314","성북빌리지","126.9966104959","37.5967146098","마을버스"
"08827","107900309","성북빌리지","126.9965774499","37.5966512245","마을버스"
"08828","107900177","한양슈퍼앞","127.0110533004","37.5835870776","마을버스"
"08829","107900255","돈암초등학교","127.0123873098","37.5915399594","마을버스"
"08830","107900180","길음역","127.0256430693","37.6044477074","마을버스"
"08831","107900313","북악슈퍼","126.9949423033","37.5975084085","마을버스"
"08832","107900344","래미안장위퍼스트하이아파트","127.0505518894","37.6195039893","마을버스"
"08833","107900312","북악슈퍼","126.9948250653","37.5975408896","마을버스"
"08835","107900182","푸르지오211동","127.016919","37.613075","마을버스"
"08836","107900185","용광교회","126.9947886382","37.5924406819","마을버스"
"08837","107900311","길상사","126.9938901546","37.5983184366","마을버스"
"08838","107900188","수협동소문동지점","127.0102797636","37.5904336247","마을버스"
"08839","107900310","길상사","126.993744","37.598274","마을버스"
"08840","107900320","정릉꿈에그린아파트","127.0115042175","37.6015704448","마을버스"
"08841","107000469","종암사거리입구","127.0334093139","37.6009938271","일반차로"
"08842","107900321","정릉꿈에그린아파트","127.0112628186","37.6015704448","마을버스"
"08843","107900323","아리랑시장","127.0114966535","37.6024197844","마을버스"
"08844","107900324","아리랑시장","127.0113725526","37.6022616471","마을버스"
"08845","107900322","중앙하이츠빌아파트","127.0107922182","37.6025545235","마을버스"
"08846","107900326","세계문화유산정릉","127.0096709641","37.6015365015","마을버스"
"08847","107900325","정릉꿈에그린1단지","127.0108956099","37.6021750047","마을버스"
"08848","107900319","일신휴먼빌.우정아파트","127.0113042765","37.6000835088","마을버스"
"08849","107900331","돈암코오롱하늘채아파트","127.0113125874","37.5988806852","마을버스"
"08850","107900330","돈암코오롱하늘채아파트","127.0113720246","37.5987928328","마을버스"
"08854","107900190","힐스테이트입구","127.0281286376","37.6065115165","마을버스"
"08855","107900327","한국가구박물관입구","126.9926082763","37.5992909467","마을버스"
"08856","107900329","우리옛돌박물관.정법사","126.99003","37.600604","마을버스"
"08858","107900328","한국가구박물관입구","126.9921864081","37.5997706972","마을버스"
"08866","107000495","북서울꿈의숲","127.0452973432","37.6203566244","일반차로"
"08868","107900191","장위3동주민센터","127.055394","37.615948","마을버스"
"08872","107900194","쌍다리","126.9959968718","37.5933823665","마을버스"
"08873","107900195","삼선교","127.0074486831","37.5891741149","마을버스"
"08874","107900197","현대백화점별관주차장","127.0291417258","37.6075367209","마을버스"
"08876","107900201","장위자이레디언트2단지","127.054397","37.61486","마을버스"
"08877","107900355","간대어린이공원","127.0511834599","37.6186378364","마을버스"
"08878","107900356","돌곶이역2번출구","127.0561739802","37.6115075259","마을버스"
"08881","107900286","성가복지병원앞","127.0311141214","37.6059394924","마을버스"
"08883","107900203","꿈의숲코오롱하늘채아파트","127.0456141233","37.6191413885","마을버스"
"08884","107900204","어해랑앞","127.0526527202","37.614046655","마을버스"
"08886","107900206","고대병원","127.0262501333","37.5864829118","마을버스"
"08888","107900208","한신103동앞","127.0082088116","37.5920233074","마을버스"
"08889","107900210","성북소방서","127.031525069","37.6027999972","마을버스"
"08892","107900213","장위시장","127.0505764271","37.6134406042","마을버스"
"08893","107900215","생명의전화로터리","127.0378090878","37.6038353025","마을버스"
"08894","107900216","정릉시장입구.정릉약국","127.0097442213","37.608370718","마을버스"
"08895","107900338","꿈의숲동문앞","127.0458244048","37.6209240431","마을버스"
"08896","107900339","꿈의숲대명루첸아파트","127.0469646561","37.6193829059","마을버스"
"08897","107900219","종암아이파크1차후문","127.0302914603","37.602206504","마을버스"
"08898","107900262","돈암힐스테이트.코오롱하늘채","127.0143670046","37.5987916924","마을버스"
"08900","107900224","자산약국.월곡전철역입구.6호선","127.0393382553","37.6041727102","마을버스"
"08901","107900226","수보약국","127.0080441437","37.608704248","마을버스"
"08904","107900230","종암래미안","127.0298303694","37.6018588018","마을버스"
"08908","107900234","장위동성당앞","127.0487837637","37.6123942977","마을버스"
"08909","107900239","월곡시장.동덕여대오거리","127.0427144806","37.6041273834","마을버스"
"08910","107900241","정든마을","127.0073694927","37.6096167331","마을버스"
"08911","107900265","용문중고교","127.023075","37.58776","마을버스"
"08912","107900240","개운초등학교","127.02905","37.601682","마을버스"
"08913","107900238","우성APT정문","127.0152061932","37.6004509363","마을버스"
"08914","107900237","나약국","127.0414527557","37.614294786","마을버스"
"08915","107900236","GS25장위제일점","127.0481667022","37.6110537358","마을버스"
"08916","107900235","월곡로데오거리","127.0438728583","37.6048993942","마을버스"
"08917","107900233","대동슈퍼","127.0058854907","37.6111778561","마을버스"
"08919","107900261","한진206동앞","127.0107232511","37.5954940982","마을버스"
"08920","107900232","죽림정사앞","127.0291748905","37.5996513018","마을버스"
"08921","107900231","쌍용APT","127.0164193819","37.6000277168","마을버스"
"08922","107900229","슈퍼앞","127.0423241257","37.6156500659","마을버스"
"08923","107900228","이지마트","127.0476291248","37.6099870685","마을버스"
"08924","107900227","동아아파트정문앞","127.0461343399","37.6068870252","마을버스"
"08925","107900243","수녀원입구","127.0055480005","37.6118951367","마을버스"
"08926","107900258","성신여대평생교육원","127.0202580181","37.5893438185","마을버스"
"08927","107900225","명신초.삼선푸르지오.힐스테이트","127.0145993366","37.5822593867","마을버스"
"08928","107900223","브라운스톤","127.0176785796","37.5992976541","마을버스"
"08930","107900297","동아아파트","127.0472756242","37.6080318541","마을버스"
"08931","107900221","월곡중학교입구","127.0471292345","37.6075912815","마을버스"
"08934","107900220","돈암시장","127.0134834289","37.5913019518","마을버스"
"08935","107900218","창신쌍용2단지.한성대후문","127.0127354927","37.5813963581","마을버스"
"08936","107900217","고명중고교","127.02029673","37.5984610236","마을버스"
"08937","107900290","상월곡역","127.0478038236","37.6068638336","마을버스"
"08938","107900214","월곡초교","127.0461798986","37.6091289096","마을버스"
"08939","107900279","산장아파트","127.0034685688","37.616608793","마을버스"
"08941","107900209","성북구청.경동고입구","127.0175977286","37.5878015805","마을버스"
"08942","107900207","한신301동앞","127.0089861462","37.5962151136","마을버스"
"08943","107900199","낙산삼거리","127.0103598878","37.5802801396","마을버스"
"08945","107900196","풍림아파트","127.022078987","37.5974334637","마을버스"
"08946","107900193","월곡중학교","127.0488367104","37.6067975857","마을버스"
"08947","107900242","월곡초등학교후문","127.0454756183","37.6113791943","마을버스"
"08948","107900276","도광사","127.0013581804","37.6154320192","마을버스"
"08949","107900189","경동고앞","127.0149048675","37.5870414318","마을버스"
"08950","107900187","구민회관.201동앞","127.0091043886","37.5954999855","마을버스"
"08951","107900186","현대홈마트","127.0328694828","37.5977742664","마을버스"
"08952","107900184","풍림아파트.성신초교","127.0230545241","37.595269765","마을버스"
"08953","107900183","누구나교회","127.0448959944","37.6119083534","마을버스"
"08954","107900277","넓은마당","126.9997383348","37.6146859282","마을버스"
"08956","107900179","삼선노인정","127.0138720583","37.5863747515","마을버스"
"08957","107900178","한신113동앞","127.0085261637","37.5944634325","마을버스"
"08958","107900176","종암아이파크2차정문","127.0325169289","37.596973297","마을버스"
"08959","107900175","개운중학교","127.0250868706","37.5940465738","마을버스"
"08960","107900173","태광빌라","127.043916285","37.6122936821","마을버스"
"08961","107900172","삼선초교","127.0134135316","37.5851065492","마을버스"
"08962","107900169","동구고등학교후문","127.0084192423","37.5937038561","마을버스"
"08964","107900168","극동아파트후문","127.0333330207","37.596016114","마을버스"
"08965","107900167","성북구의회","127.0261062172","37.5944860839","마을버스"
"08966","107900166","장위1동노인정","127.043044981","37.6116143881","마을버스"
"08967","107000507","고려대역.숭례초교","127.036034544","37.5948925645","일반차로"
"08969","107900164","극동아파트정문","127.0342670319","37.5954193263","마을버스"
"08970","107900163","고려대아이스링크","127.0278065619","37.5929132964","마을버스"
"08971","107900161","하트마트편의점","127.0415425301","37.6120812083","마을버스"
"08972","107900126","선경아파트","127.0343480838","37.5943641285","마을버스"
"08973","107900124","고려대안암학사","127.029975612","37.5912538614","마을버스"
"08975","107900123","종암중학교","127.0347676921","37.5932304366","마을버스"
"08976","107900122","고려대법과대학.한국어교육관입구","127.033307","37.591334","마을버스"
"08977","107900121","해병대전우회","127.0356891028","37.5924290939","마을버스"
"08979","107900119","성북세무서앞","127.0105659012","37.5879222642","마을버스"
"08980","107900117","꿈의숲대명루첸아파트","127.0456216446","37.6208195823","마을버스"
"08981","107900116","래미안세레니티","127.0294147509","37.5990565246","마을버스"
"08982","107900114","양광교회.죽림정사앞","127.0293639897","37.5995701571","마을버스"
"08983","107900112","석관동주민센터","127.0613211365","37.6129858688","마을버스"
"08984","107900111","한신105동앞","127.0090298604","37.5926731519","마을버스"
"08985","107900250","한신108동앞","127.0094244147","37.5935739534","마을버스"
"08986","107900251","스카이프라자앞.111동앞","127.010411688","37.5945110389","마을버스"
"08987","107900105","한진207동앞","127.0106667452","37.5963140934","마을버스"
"08988","107900106","한진202동앞","127.0096986249","37.5965292419","마을버스"
"08989","107900109","한진204동앞","127.0096872905","37.5964459011","마을버스"
"08990","107900264","한진207동앞","127.0104211977","37.5963571148","마을버스"
"08991","107900252","스카이프라자앞.111동","127.0104114676","37.5947555941","마을버스"
"08992","107900253","한신108동앞","127.0096419085","37.5939786975","마을버스"
"08997","107900095","삼선동주민센터","127.0142590636","37.5910090068","마을버스"
"09001","108000001","수유3동우체국","127.0291614982","37.6413456809","중앙차로"
"09002","108000002","수유3동우체국","127.0288270779","37.6408930184","중앙차로"
"09003","108000003","수유역.수유사거리","127.024004631","37.6365085542","중앙차로"
"09004","108000004","수유역.강북구청","127.0253079045","37.6375917165","중앙차로"
"09005","108000005","수유시장.성신여대미아캠퍼스앞","127.0241719892","37.6312262117","중앙차로"
"09006","108000006","수유시장.성신여대미아캠퍼스앞","127.024614399","37.6303501914","중앙차로"
"09007","108000007","미아역.신일중고","127.0266493048","37.6248696784","중앙차로"
"09008","108000008","미아역.신일중고","127.0270450398","37.6242950292","중앙차로"
"09009","108000009","도봉세무서.성암국제무역고","127.028719403","37.6197140913","중앙차로"
"09010","108000010","도봉세무서.성암국제무역고","127.0292480892","37.6188372063","중앙차로"
"09011","108000011","미아사거리역","127.0299325391","37.6137621245","중앙차로"
"09012","108000012","미아사거리역","127.0302131064","37.6128943078","중앙차로"
"09013","108000378","수유역.강북구청","127.0258703828","37.6382895216","중앙차로"
"09102","108000014","우이동도선사입구.북한산우이역","127.0127134568","37.6626545921","일반차로"
"09103","108000015","우이동성원아파트","127.013424","37.660809","일반차로"
"09104","108000016","우이동성원아파트","127.013357","37.662045","일반차로"
"09105","108000017","강북씨앤지","127.013759831","37.659690941","일반차로"
"09106","108000018","서라벌중학교.우이동대우아파트","127.012954","37.655152","일반차로"
"09107","108000019","덕성여대.솔밭근린공원","127.0126091716","37.6513809333","일반차로"
"09108","108000020","4.19민주묘지역","127.0137114618","37.6491109904","일반차로"
"09109","108000021","4.19민주묘지역","127.014019","37.649113","일반차로"
"09110","108000022","국립4.19민주묘지입구사거리","127.013448","37.648147","일반차로"
"09111","108000023","국립4.19민주묘지입구사거리","127.013435","37.647978","일반차로"
"09112","108000024","국립419묘지삼거리.윤극영가옥","127.010438","37.64653","일반차로"
"09113","108000025","국립419묘지삼거리.윤극영가옥","127.0106931578","37.6463224596","일반차로"
"09114","108000026","인수동백운교회입구","127.0106566466","37.644587883","일반차로"
"09115","108000027","인수동백운교회입구","127.0109421731","37.644309423","일반차로"
"09116","108000028","인수초등학교.극동아파트","127.010828591","37.6425036675","일반차로"
"09117","108000029","인수초등학교.극동아파트","127.0110529305","37.6423108154","일반차로"
"09118","108000030","서울영어마을수유캠프.국립재활원입구","127.0119023303","37.6400512667","일반차로"
"09119","108000031","서울영어마을수유캠프.국립재활원입구","127.011851385","37.6403058","일반차로"
"09120","108000032","인수동장미원","127.0155272484","37.6450333774","일반차로"
"09121","108000033","인수동장미원","127.0159997041","37.6445998945","일반차로"
"09122","108000034","가오리역","127.016555","37.64188","일반차로"
"09123","108000035","가오리역","127.0168113608","37.6416805827","일반차로"
"09124","108000036","강북청년창업마루","127.01746","37.646853","일반차로"
"09125","108000037","강북청년창업마루","127.0170948735","37.6467578286","일반차로"
"09126","108000038","수유2동주민센터.우이시장","127.019428906","37.6450886664","일반차로"
"09127","108000039","수유2동주민센터.우이시장","127.020202","37.644893","일반차로"
"09128","108000040","광산사거리","127.0217661991","37.6433654819","일반차로"
"09129","108000041","광산사거리","127.021916414","37.643651517","일반차로"
"09130","108000042","우이초등학교후문","127.0136267756","37.6383971504","일반차로"
"09131","108000043","우이초등학교후문","127.0138284749","37.6384286647","일반차로"
"09132","108000044","인수동청수탕입구","127.0128648965","37.6371680139","일반차로"
"09133","108000045","인수동청수탕입구","127.0130723558","37.6365184578","일반차로"
"09134","108000046","우이초교정문입구","127.0171140536","37.6365089299","일반차로"
"09135","108000047","우이초교정문입구","127.017357","37.63681","일반차로"
"09136","108000048","화계사입구.한신대학교대학원","127.013957617","37.6339738966","일반차로"
"09137","108000049","화계사입구.한신대학교대학원","127.0139522376","37.6337259037","일반차로"
"09138","108000050","수유동삼양탕앞","127.015551","37.63408","일반차로"
"09139","108000051","수유동삼양탕앞","127.0149108072","37.6338204001","일반차로"
"09140","108000052","화계사입구사거리.화계역","127.016899104","37.6342866157","일반차로"
"09141","108000053","화계사입구사거리.화계역","127.0168721385","37.6339931438","일반차로"
"09142","108000054","강북노인종합복지관","127.0189955726","37.6344334502","일반차로"
"09143","108000055","강북노인종합복지관","127.0191414322","37.634217125","일반차로"
"09144","108000056","신일병원","127.0222678339","37.6347226913","일반차로"
"09145","108000057","신일병원","127.0212163361","37.6343871166","일반차로"
"09146","108000058","강북구청","127.025665","37.640715","일반차로"
"09147","108000059","강북구청","127.0262068516","37.6406143243","일반차로"
"09148","108000060","강북경찰서입구","127.0286868166","37.6351433469","일반차로"
"09149","108000061","강북경찰서입구","127.0291221925","37.6349869893","일반차로"
"09150","108000062","북부시장입구","127.032014","37.635415","일반차로"
"09151","108000063","북부시장입구","127.0322955083","37.6351732556","일반차로"
"09152","108000064","번동사거리","127.0350310027","37.6361251293","일반차로"
"09153","108000065","번동사거리","127.0345096148","37.6356319935","일반차로"
"09154","108000066","북부수도사업소","127.0361604414","37.6342350364","일반차로"
"09155","108000067","북부고용노동지청","127.0352743398","37.6349568396","일반차로"
"09156","108000068","수유보건지소","127.0174696835","37.6333403549","일반차로"
"09157","108000069","수유보건지소","127.0177047638","37.6332538827","일반차로"
"09158","108000070","빨래골입구.수유1동주민센터","127.017765125","37.629858846","일반차로"
"09159","108000071","빨래골입구.서울수유초등학교","127.017982","37.630007","일반차로"
"09160","108000072","롯데마트삼양점.래미안1차아파트","127.0182240004","37.6252947897","일반차로"
"09161","108000073","롯데마트삼양점.래미안1차아파트","127.0184390605","37.6254702234","일반차로"
"09162","108000074","삼양초등학교","127.0189878991","37.6232424458","일반차로"
"09163","108000075","삼양초등학교","127.019088","37.623407","일반차로"
"09164","108000076","삼양사거리역","127.0201740841","37.6218299513","일반차로"
"09165","108000077","삼양사거리역","127.0205867332","37.62151722","일반차로"
"09166","108000078","삼양동사거리.래미안트리베라","127.0213079919","37.6180883036","일반차로"
"09167","108000079","삼양동사거리.래미안트리베라","127.0214576496","37.6185334123","일반차로"
"09168","108000080","송천초등학교.미아뉴타운입구","127.0221103696","37.6154596915","일반차로"
"09169","108000081","송천초등학교.미아뉴타운입구","127.0223138592","37.6140963114","일반차로"
"09170","108000082","삼양동사거리","127.021935","37.619327","일반차로"
"09171","108000083","삼양동사거리","127.0217902854","37.6191447206","일반차로"
"09172","108000084","성암국제무역고.성암여중","127.0249842203","37.6183241886","일반차로"
"09173","108000085","성암국제무역고.성암여중","127.0255230955","37.6179423926","일반차로"
"09174","108000086","삼양입구사거리","127.0283809304","37.6172887669","일반차로"
"09175","108000087","삼양입구사거리","127.028487","37.61706","일반차로"
"09176","108000088","강북보건소","127.0390339762","37.6322518875","일반차로"
"09177","108000089","신창교.강북소방서","127.0385729384","37.633285201","일반차로"
"09179","108000091","강북보건소","127.039233","37.632478","일반차로"
"09180","108000092","번동주공4단지","127.0399848073","37.6313780406","일반차로"
"09181","108000093","초안교","127.04109","37.63111","일반차로"
"09182","108000094","번동주공3단지","127.0434628856","37.6290195783","일반차로"
"09183","108000095","벌리교.번동주공3단지","127.044375","37.628652","일반차로"
"09184","108000096","번동주공1단지","127.048129578","37.6255071471","일반차로"
"09185","108000097","번동주공1단지.2단지","127.047227","37.627015","일반차로"
"09186","108000098","오현초등학교","127.0479843518","37.6234130879","일반차로"
"09187","108000099","북서울꿈의숲","127.044136","37.618998","일반차로"
"09188","108000100","송중동한일유엔아이","127.0379534336","37.6137499056","일반차로"
"09189","108000101","창문여고앞","127.0354111524","37.611997767","일반차로"
"09190","108000102","숭곡초등학교입구","127.0318277681","37.6100221835","일반차로"
"09194","108000106","강북청소년센터","127.0068382647","37.6456670533","일반차로"
"09195","108000107","강북청소년센터","127.0067787872","37.6457796797","일반차로"
"09196","108000108","국립4.19민주묘지","127.0091441274","37.6468996874","일반차로"
"09197","108000109","국립4.19민주묘지","127.008957","37.64695","일반차로"
"09198","108000110","강북중학교","127.0235480508","37.6448419212","일반차로"
"09199","108000111","북부수도사업소","127.036703825","37.634381273","일반차로"
"09200","108000112","광산사거리","127.0229920646","37.6425235501","일반차로"
"09201","108000113","광산사거리","127.0231023914","37.643844513","일반차로"
"09203","108000115","수유중앙시장","127.0227228438","37.6403601066","일반차로"
"09205","108000117","대한병원","127.0231692841","37.6367337539","일반차로"
"09206","108000118","삼성화재강북지점","127.0248073406","37.6355100656","일반차로"
"09207","108000119","강북구청사거리.번1동주민센터","127.028345","37.638748","일반차로"
"09208","108000120","강북구청사거리.번1동주민센터","127.028612","37.638982","일반차로"
"09209","108000121","수송초등학교","127.031455","37.636832","일반차로"
"09210","108000122","수송초등학교","127.031647","37.636998","일반차로"
"09211","108000123","혜화여고.수유중학교입구","127.0135834136","37.6321134046","일반차로"
"09212","108000124","혜화여고.수유중학교입구","127.013795806","37.6319759796","일반차로"
"09213","108000125","서울정인학교.우광타운","127.013001965","37.6292133906","일반차로"
"09214","108000126","서울정인학교.우광타운","127.013126928","37.6292978747","일반차로"
"09215","108000127","구세군강북종합사회복지관입구","127.0123860255","37.6247738195","일반차로"
"09216","108000128","구세군강북종합사회복지관입구","127.012504","37.62492","일반차로"
"09217","108000129","솔샘중고등학교.팔팔?미송경로당","127.013138","37.623368","일반차로"
"09218","108000130","솔샘중고등학교.팔팔?미송경로당","127.0130269844","37.6232608308","일반차로"
"09219","108000131","동북프라자","127.018109","37.619886","일반차로"
"09220","108000132","동북프라자","127.0187973439","37.6199944163","일반차로"
"09221","108000133","두산위브아파트입구","127.0162572448","37.6200218233","일반차로"
"09222","108000134","두산위브아파트입구","127.0161949742","37.6201498963","일반차로"
"09223","108000135","삼각산동SK아파트북한산시티미양초등학교","127.0133943451","37.6201843608","일반차로"
"09224","108000136","삼양동벽산라이브파크미양초등학교","127.0126071297","37.6203083333","일반차로"
"09225","108000137","SK아파트.벽산아파트상가","127.0111968544","37.6197323732","일반차로"
"09226","108000138","SK아파트.벽산아파트상가","127.0113418872","37.6199369055","일반차로"
"09227","108000139","솔샘터널","127.0092342783","37.6187769661","일반차로"
"09228","108000140","번동주공아파트3단지4단지","127.0399359248","37.6293796927","일반차로"
"09229","108000141","번동주공아파트3단지4단지","127.041138","37.63011","일반차로"
"09230","108000142","번동초등학교","127.0398418797","37.6289388579","일반차로"
"09231","108000143","번동한솔솔파크","127.0382810784","37.627663862","일반차로"
"09232","108000144","번동한솔솔파크","127.037812026","37.6275338363","일반차로"
"09233","108000145","번동해모로아파트","127.0368164778","37.6263750938","일반차로"
"09234","108000146","번동해모로아파트","127.0370034124","37.6268511292","일반차로"
"09235","108000147","강북문화정보도서관","127.0372886392","37.6252315157","일반차로"
"09236","108000148","강북문화정보도서관","127.0369290562","37.6253893015","일반차로"
"09237","108000149","동문굿모닝힐","127.0377556282","37.6235474611","일반차로"
"09238","108000150","동문굿모닝힐","127.0374543779","37.623740389","일반차로"
"09239","108000151","북서울꿈의숲서문","127.0375263014","37.6225842756","일반차로"
"09240","108000152","꿈의숲롯데캐슬아파트","127.0358153703","37.6179925377","일반차로"
"09241","108000153","꿈의숲롯데캐슬아파트","127.0359374797","37.6185988921","일반차로"
"09242","108000154","경남아너스빌.꿈의숲해링턴아파트","127.0345036012","37.6164972882","일반차로"
"09243","108000155","경남아너스빌.꿈의숲해링턴아파트","127.0345744355","37.6167487855","일반차로"
"09244","108000156","송중초등학교","127.031162228","37.6164216339","일반차로"
"09245","108000157","송중초등학교","127.0316486841","37.6165541394","일반차로"
"09246","108000158","수유3동우체국","127.0275793554","37.6400256713","일반차로"
"09247","108000159","수유3동우체국","127.0281157885","37.6400597793","일반차로"
"09248","108000160","수유역.노스페이스문화센터","127.026897397","37.6389518521","일반차로"
"09249","108000161","수유역6번출구","127.0250607476","37.6376933332","일반차로"
"09253","108000165","미아역8번출구.신일중고","127.025544449","37.627378539","일반차로"
"09255","108000382","영신여객차고지(우이동종점)","127.011523","37.662868","일반차로"
"09256","108000383","영신여객차고지(우이동종점)","127.0112627968","37.6629182765","일반차로"
"09260","108000172","미아사거리역.송천동우체국","127.0297349566","37.6153850288","일반차로"
"09261","108000173","미아사거리역","127.030442","37.610209","일반차로"
"09263","108000175","한신대학교","127.0130710226","37.635375886","일반차로"
"09266","108000178","수유사거리","127.0243325744","37.6346209227","일반차로"
"09267","108000179","수유사거리","127.0249133041","37.6349248841","일반차로"
"09269","108000181","송중동주민센터앞","127.0333691522","37.6160580688","일반차로"
"09270","108000182","송중동경남아너스빌정문","127.0340715248","37.6133360851","일반차로"
"09271","108000183","북서울꿈의숲서문","127.0378333766","37.6227175379","일반차로"
"09272","108000184","수유역.강북구청","127.0260514034","37.6386311446","일반차로"
"09273","108000185","삼각산보건지소","127.015438","37.617673","일반차로"
"09274","108000186","삼각산보건지소","127.0152813623","37.6174683906","일반차로"
"09275","108000187","삼각산동삼각산아이원아파트후문","127.0188312494","37.616347829","일반차로"
"09276","108000188","삼각산동삼각산아이원아파트후문","127.0187454371","37.6162710915","일반차로"
"09277","108000189","롯데백화점미아점","127.0307561737","37.614709413","일반차로"
"09278","108000190","우이동주민센터입구","127.0123580949","37.6476640054","일반차로"
"09279","108000375","창문여고","127.0358638935","37.6121340119","일반차로"
"09283","108000192","솔샘터널","127.0092116202","37.6187431808","일반차로"
"09286","108000193","우이동도선사입구","127.0129571525","37.6627897127","일반차로"
"09289","108000194","우이동차고지기점","127.011738","37.663032","일반차로"
"09290","108000195","북부고용노동지청.한성운수종점","127.035297","37.634618","일반차로"
"09291","108000196","화계사입구.종점","127.01343","37.632413","일반차로"
"09293","108000198","SK아파트벽산아파트상가","127.0111164185","37.6196972385","일반차로"
"09294","108000199","우이동차고지종점","127.012147","37.663129","일반차로"
"09295","108000200","삼각산동삼각산아이원아파트정문","127.0166880013","37.6161778465","일반차로"
"09298","108000203","삼각산동삼각산아이원아파트정문","127.0164422295","37.616358098","일반차로"
"09302","108000205","삼각산고.래미안트리베라","127.0218143938","37.6144302952","일반차로"
"09303","108000204","삼각산고.래미안트리베라","127.0212027862","37.6144686987","일반차로"
"09304","108000364","방천시장입구","127.0330881115","37.6111758164","일반차로"
"09305","108000365","화계사입구.한신대학교대학원","127.01343","37.633257","일반차로"
"09306","108000369","미아사거리역.롯데백화점","127.0302283114","37.6140792311","일반차로"
"09307","108000367","삼각산119안전센터","127.0151790977","37.619549299","일반차로"
"09308","108000368","삼각산119안전센터","127.0153453647","37.6197921935","일반차로"
"09310","108000372","무량사입구","127.00794393","37.6462100417","일반차로"
"09311","108000371","무량사입구","127.007842","37.646323","일반차로"
"09312","108000373","꿈의숲주차장입구","127.0453126023","37.6208649775","일반차로"
"09313","108000377","수유중앙시장","127.0223875946","37.6408936108","일반차로"
"09314","108000376","대한병원","127.0228830982","37.6368331317","일반차로"
"09500","108900216","우이동","127.0122904688","37.6634309704","마을버스"
"09501","108900158","미송경로당","127.0127201301","37.6241772665","마을버스"
"09502","108900154","번동초교.솔그린APT.하나은행","127.0395643313","37.6289921152","마을버스"
"09503","108900153","영암마트","127.0303510091","37.6289011321","마을버스"
"09504","108900152","빨래골","127.01017946","37.6274393769","마을버스"
"09505","108900022","본원정사","127.0063793815","37.6381013089","마을버스"
"09506","108900151","아카데미하우스.통일교육원","127.0020125009","37.6420400906","마을버스"
"09507","108900150","성원아파트","127.0133988593","37.6610980709","마을버스"
"09510","108900148","번동슈퍼","127.0378426735","37.627648264","마을버스"
"09512","108900162","동아할인마트","127.0310972055","37.6278746042","마을버스"
"09513","108900147","SH스카이","127.0113566058","37.6277190796","마을버스"
"09514","108900146","모아빌라","127.0074386095","37.638200457","마을버스"
"09515","108900217","신성빌라","127.003531011","37.6435025092","마을버스"
"09516","108900164","송중동주민센터","127.0333691747","37.6161085295","마을버스"
"09517","108900156","스카이빌","127.0129139934","37.6249774078","마을버스"
"09518","108900025","청화슈퍼","127.036646366","37.6278189463","마을버스"
"09520","108900145","믿음슈퍼","127.0321221868","37.6270885851","마을버스"
"09521","108900144","다리앞","127.0122018705","37.6278825764","마을버스"
"09522","108900143","해청빌라","127.0076913639","37.6375342546","마을버스"
"09523","108900142","백련사","127.0045157924","37.6441927035","마을버스"
"09525","108900141","구세군강북종합사회복지관","127.0138350809","37.6251665309","마을버스"
"09526","108900140","교육촌경로당","127.0356413496","37.6271601364","마을버스"
"09528","108900138","당진슈퍼","127.0323057443","37.6255754824","마을버스"
"09529","108900137","삼흥연립","127.013344785","37.628083771","마을버스"
"09530","108900136","기도원입구","127.0079137924","37.6370107775","마을버스"
"09531","108900218","강북청소년수련관","127.0070203007","37.6456973855","마을버스"
"09532","108900135","마을버스사무실","127.015405311","37.6252573458","마을버스"
"09533","108900134","영순슈퍼","127.0344605841","37.6266121006","마을버스"
"09534","108900133","동문굿모닝힐","127.0374657868","37.6238998772","마을버스"
"09535","108900132","하나할인마트","127.0321493948","37.6244988638","마을버스"
"09536","108900131","한빛맹아학교","127.0152179897","37.6287112892","마을버스"
"09537","108900130","형제슈퍼","127.0098045717","37.6366827714","마을버스"
"09539","108900129","쌍문교","127.0246386377","37.6461780008","마을버스"
"09540","108900128","페리카나치킨","127.01654052","37.625406772","마을버스"
"09541","108900174","당진슈퍼","127.0325364143","37.6255924772","마을버스"
"09543","108900127","동성마트","127.0321875376","37.6236275055","마을버스"
"09544","108900126","한빛예술단","127.0162904401","37.6293965888","마을버스"
"09545","108900125","삼성하이츠빌라","127.0110180881","37.6367334755","마을버스"
"09546","108900278","도일타운","127.0119357932","37.6367536584","마을버스"
"09547","108900124","강북중학교","127.023286184","37.6445347047","마을버스"
"09548","108900123","삼양시장","127.0174161828","37.6250705419","마을버스"
"09550","108900122","한영교회","127.0323753581","37.623077793","마을버스"
"09551","108900203","수유1동주민센터.파출소","127.0175250022","37.6301526349","마을버스"
"09553","108900211","광산사거리","127.023056642","37.6424802856","마을버스"
"09554","108900121","삼양파출소","127.0180165771","37.6248776198","마을버스"
"09556","108900119","제일슈퍼","127.0326717873","37.6221991545","마을버스"
"09557","108900204","진주빌딩","127.0179523198","37.6309112824","마을버스"
"09558","108900118","청수탕","127.0126565535","37.6367446746","마을버스"
"09560","108900212","강북구청","127.0256998687","37.6406725215","마을버스"
"09561","108900172","삼양오거리.삼양동주민센터","127.0188481065","37.6247891837","마을버스"
"09562","108900277","도일타운","127.0118237871","37.6369021524","마을버스"
"09563","108900117","홈빌라트","127.0329273916","37.62124033","마을버스"
"09564","108900205","광성슈퍼","127.0186380913","37.6321483624","마을버스"
"09566","108900116","인수초중학교","127.0107834163","37.6435561341","마을버스"
"09567","108900177","수유역","127.0249677991","37.6375906296","마을버스"
"09568","108900195","오현초등학교","127.0459678973","37.6235355369","마을버스"
"09569","108900115","자이홈타운","127.0211399902","37.6248635854","마을버스"
"09571","108900114","한신더휴정문앞","127.033245","37.619899","마을버스"
"09572","108900113","화계유치원","127.019526826","37.6338728904","마을버스"
"09573","108900206","한신대신학대학원.화계사","127.0139839635","37.6337304054","마을버스"
"09576","108900111","주공1.2단지한진아파트","127.0447499944","37.6253372712","마을버스"
"09577","108900163","삼양신협","127.0232915478","37.6254173467","마을버스"
"09578","108900110","번3동주민센터","127.0466039503","37.6261592427","마을버스"
"09579","108900168","미아사거리전철역","127.0304262542","37.6128683546","마을버스"
"09580","108900109","꿈의숲해링턴105동.강북50플러스센터","127.0335841655","37.6183851236","마을버스"
"09582","108900207","삼양탕","127.0149765253","37.6338294026","마을버스"
"09583","108900108","국립재활원","127.0115682035","37.6402544989","마을버스"
"09585","108900106","신원아파트.북서울꿈의교회","127.044224785","37.6261160053","마을버스"
"09586","108900105","미아역6번출구","127.0253864806","37.625939543","마을버스"
"09587","108000386","수유시장","127.024096","37.629647","마을버스"
"09588","108900103","꿈의숲해링턴아파트108동앞","127.033985486","37.6166641214","마을버스"
"09589","108900102","북한산스카이빌딩","127.0236086128","37.6356860225","마을버스"
"09590","108900101","송암교회.화계사거리.수유보건지소","127.016816616","37.6339778333","마을버스"
"09591","108900233","강북구의회.강북문화예술회관","127.0142820851","37.6403416065","마을버스"
"09592","108900100","경남아너스빌정문","127.0344291798","37.6130688648","마을버스"
"09593","108900099","기산아파트.2단지후문","127.0442392677","37.6276136002","마을버스"
"09594","108900098","미아역7번출구","127.0258341771","37.6267385325","마을버스"
"09595","108900178","수유역","127.0253881411","37.6374815091","마을버스"
"09597","108900234","가오리","127.016284405","37.6406305942","마을버스"
"09598","108900169","송중동주민센터","127.0336239934","37.6159868107","마을버스"
"09599","108900215","쌍문교","127.0245795335","37.6456427714","마을버스"
"09600","108900097","주공3단지정문","127.0423068222","37.6282486714","마을버스"
"09631","108900096","미아역6번출구","127.0253321368","37.6260467836","마을버스"
"09642","108900095","8번지입구","127.037865155","37.6137591585","마을버스"
"09656","108900094","번동삼거리","127.0279469112","37.6350975692","마을버스"
"09682","108900093","벽산아파트","127.0199332209","37.6409823569","마을버스"
"09717","108900092","한양아파트입구.삼덕상운","127.0409777233","37.6279896285","마을버스"
"09718","108900091","삼양신협","127.0235196961","37.6256382551","마을버스"
"09739","108000339","미아사거리역2번출구","127.030438","37.613023","일반차로"
"09753","108900090","양지빌라","127.0380243258","37.6150510498","마을버스"
"09754","108900089","성당앞","127.0220299226","37.6422570137","마을버스"
"09760","108900088","하나은행.새마을금고","127.0395277612","37.6287446347","마을버스"
"09767","108000366","북서울꿈의숲","127.0440958536","37.6189853257","일반차로"
"09769","108900087","북서울자이폴라리스입구","127.0214408606","37.6251048164","마을버스"
"09770","108900086","8번지슈퍼","127.0380371932","37.6158503081","마을버스"
"09771","108900085","롯데백화점","127.0309377135","37.6144552857","마을버스"
"09773","108900083","중앙시장","127.0224706365","37.6403898489","마을버스"
"09774","108900184","강북구민운동장.4단지","127.0385973548","37.630107976","마을버스"
"09775","108900173","삼양오거리.삼양동주민센터","127.0188730581","37.624899112","마을버스"
"09776","108900082","산장빌라","127.0380476824","37.6164279001","마을버스"
"09777","108900081","화계유치원","127.0193274421","37.6339936682","마을버스"
"09779","108900189","강북보건소.번2동주민센터","127.0370685406","37.631544792","마을버스"
"09780","108900079","삼일약국.롯데마트","127.0179320311","37.6250378278","마을버스"
"09781","108900078","삼우하이츠빌라","127.0372251142","37.6160812447","마을버스"
"11358","110000257","롯데마트","127.0702112033","37.6471915457","일반차로"
"09782","108900077","꿈의숲해링턴아파트108동앞","127.0340676265","37.6167136521","마을버스"
"09783","108900208","성일빌딩","127.0183911221","37.6322619376","마을버스"
"09785","108900076","금호.현대아파트","127.0363141169","37.6318694163","마을버스"
"09786","108900075","삼양시장","127.0173515224","37.6252316268","마을버스"
"09787","108900074","한일아파트후문","127.0371511878","37.6154856509","마을버스"
"09788","108900073","꿈의숲해링턴105동.강북50플러스센터","127.0336691211","37.6183941092","마을버스"
"09789","108900209","수유1동주민센터.파출소","127.0175703804","37.6304022281","마을버스"
"09790","108900072","수유역","127.0245853867","37.636850809","마을버스"
"09791","108900071","로얄공인중계사무소","127.0350081615","37.632733949","마을버스"
"09792","108900070","페리카나치킨","127.016582455","37.6254842593","마을버스"
"09793","108900069","장미맨션","127.0371417568","37.6147440609","마을버스"
"09794","108900068","꿈의숲해링턴아파트101동앞","127.033337","37.619964","마을버스"
"09795","108900067","한빛예술단","127.0162720978","37.6296268423","마을버스"
"09798","108900066","주공5단지","127.0343739731","37.6333955299","마을버스"
"09799","108900065","마을버스사무실","127.015432518","37.6253402419","마을버스"
"09800","108900064","한일아파트정문","127.0371221189","37.6139772435","마을버스"
"09801","108900063","홈빌라트","127.0330531131","37.6211844276","마을버스"
"09802","108900062","한빛맹아학교","127.015157464","37.6287953314","마을버스"
"09803","108900230","송암교회.화계사거리.수유보건지소","127.0170113546","37.6342732728","마을버스"
"09804","108900061","백년시장","127.0253984583","37.6411606222","마을버스"
"09805","108900060","금강산병원.전자공단","127.0337455976","37.6344085277","마을버스"
"09806","108900157","구세군강북종합사회복지관","127.0137637329","37.625303504","마을버스"
"09807","108900059","8번지입구","127.0377293648","37.6136948475","마을버스"
"09808","108900058","제일슈퍼","127.0327828202","37.6222270573","마을버스"
"09809","108900057","삼흥연립","127.0134410991","37.6282121507","마을버스"
"09811","108900210","성당앞","127.0218894421","37.6423669718","마을버스"
"09812","108900180","번동5거리.북부노동지청","127.0340110218","37.6350464176","마을버스"
"09813","108900056","다리앞","127.0122245437","37.627969078","마을버스"
"09814","108900055","한신대신학대학원.화계사","127.0135376169","37.634119725","마을버스"
"09815","108900054","벽산아파트","127.0199139997","37.6411409504","마을버스"
"09817","108900159","초록마트","127.012515263","37.6252901267","마을버스"
"09818","108900053","방천시장입구","127.0334019855","37.6109552133","마을버스"
"09819","108900052","한영교회","127.0325242794","37.6229939721","마을버스"
"09820","108900051","SH스카이","127.0113792758","37.6278069236","마을버스"
"09821","108900232","유진슈퍼","127.0132670716","37.63553896","마을버스"
"09822","108900235","가오리","127.0162289098","37.6407630608","마을버스"
"09824","108900050","정은빌라","127.012449672","37.6259965831","마을버스"
"09825","108900049","미아사거리역","127.0309369798","37.6127736242","마을버스"
"09826","108900048","보람할인마트","127.0322762463","37.6244222371","마을버스"
"09827","108900047","빨래골","127.0100814183","37.6274903404","마을버스"
"09828","108900046","청수탕","127.0126679297","37.6369587608","마을버스"
"09829","108900236","강북구의회.강북문화예술회관","127.014098535","37.6404389454","마을버스"
"09830","108900045","빨래골입구","127.0123647948","37.6265516594","마을버스"
"09831","108900044","삼성하이츠빌라","127.011080062","37.6368907918","마을버스"
"09832","108900043","국립재활원","127.0119761285","37.6402256236","마을버스"
"09833","108900042","성원아파트","127.0134032107","37.6617153182","마을버스"
"09834","108900041","수유역.강북구청","127.026169","37.637516","마을버스"
"09835","108900040","SM빌라","127.0122706768","37.6260353485","마을버스"
"09836","108900039","믿음슈퍼","127.0322943991","37.6271020543","마을버스"
"09837","108900038","형제슈퍼","127.0097995802","37.6368864275","마을버스"
"09841","108900035","당진슈퍼","127.0327877998","37.6255168584","마을버스"
"09843","108900034","율곡어린이놀이터","127.0316117026","37.6280104647","마을버스"
"09844","108900033","기도원입구","127.0079732801","37.6370738425","마을버스"
"09845","108900032","인수초중학교","127.011019117","37.6435398929","마을버스"
"09847","108900161","솔샘중고등학교","127.0125898279","37.6240619418","마을버스"
"09848","108900031","영순슈퍼","127.0345928361","37.6264670403","마을버스"
"09851","108900030","해청빌라","127.0078345363","37.6375040721","마을버스"
"09853","108900029","벽산아파트","127.0110031514","37.619802676","마을버스"
"09854","108900028","금강슈퍼","127.0357113281","37.6270767404","마을버스"
"09856","108900027","모아빌라","127.0077503725","37.6382309279","마을버스"
"09857","108900026","국립419민주묘지삼거리.윤극영가옥","127.0107157988","37.6461584609","마을버스"
"09859","108900024","청화슈퍼","127.0367029926","37.6277765778","마을버스"
"09860","108900196","동문굿모닝힐","127.0377522537","37.6235952196","마을버스"
"09861","108900023","본원정사","127.0064915618","37.6381346428","마을버스"
"09863","108900021","주공5단지","127.0341463204","37.6335857244","마을버스"
"09865","108900190","번동초등학교","127.0393340964","37.6285317388","마을버스"
"09868","108900020","로얄공인중계사무소","127.0347759274","37.6328106097","마을버스"
"09870","108900019","강북문화정보도서관.해모로아파트","127.0370107352","37.6258127839","마을버스"
"09872","108900018","금호.현대아파트","127.0364126242","37.6317369268","마을버스"
"09873","108900017","강북보건소앞.번2동주민센터","127.0376226365","37.6316563508","마을버스"
"09875","108900016","백련사","127.00480365","37.6445864643","마을버스"
"09876","108900185","강북보건소.번2동주민센터","127.0373743139","37.6312689643","마을버스"
"09877","108900225","신성빌라","127.0034868249","37.6436773202","마을버스"
"09878","108900186","강북구민운동장.4단지","127.0385078133","37.6300386219","마을버스"
"12105","111000917","동명여고","126.924228","37.616295","가로변전일"
"09880","108900015","아카데미하우스.통일교육원","127.0019309161","37.6421608368","마을버스"
"09881","108900014","번동슈퍼","127.0376036568","37.6277177238","마을버스"
"09882","108900199","한양아파트입구.삼덕상운","127.0410988513","37.627812073","마을버스"
"09883","108900013","주공3단지정문","127.0422330792","37.6280702834","마을버스"
"09884","108900012","기산아파트.2단지후문","127.0440252483","37.6277956991","마을버스"
"09885","108900011","신원아파트.북서울꿈의교회","127.0441737213","37.6259772576","마을버스"
"09886","108900010","주공1.2단지한진아파트","127.0448958911","37.6249236185","마을버스"
"09887","108900009","오현초등학교","127.0460254038","37.6230966867","마을버스"
"09888","108900008","주공1.2단지한진아파트","127.0446457062","37.6252363894","마을버스"
"09890","108900007","번3동주민센터","127.0466752399","37.6260240521","마을버스"
"09893","108900004","현대백화점.E마트.빅토리아호텔","127.0304500466","37.6102684942","마을버스"
"09894","108900171","미아사거리역.롯데백화점","127.030133461","37.6142392565","마을버스"
"09895","108900003","광산사거리","127.0227668587","37.6434913546","마을버스"
"09896","108900002","보람빌딩","127.0250915337","37.6348963686","마을버스"
"09897","108900183","번동5거리.북부노동지청","127.0338943188","37.6350509566","마을버스"
"09898","108900192","금강산병원.전자공단","127.0336730577","37.6343535824","마을버스"
"09899","108900201","하나은행.새마을금고","127.0396898577","37.6285541467","마을버스"
"09903","108000379","우이3교","127.0357080785","37.6364064842","일반차로"
"09905","108900001","당진슈퍼","127.0324720413","37.625596726","마을버스"
"09908","108900240","삼성래미안아파트","127.0210554967","37.6144948223","마을버스"
"09909","108900241","성우아파트","127.0217994295","37.6174096971","마을버스"
"09913","108900245","미아사거리역","127.029758625","37.6150849616","마을버스"
"09920","108900250","두산위브아파트","127.0154198988","37.6190948303","마을버스"
"09934","108900272","한영교회","127.0318418008","37.6231428162","마을버스"
"09936","108900271","달팽이계단","127.0311295427","37.6239152351","마을버스"
"09937","108900270","대성빌라정문","127.0304263922","37.6248327216","마을버스"
"09938","108900269","신구.한일아파트입구","127.029785532","37.6257429795","마을버스"
"09939","108900268","실버복지센터","127.0293711961","37.6271731261","마을버스"
"09940","108900267","남양빌라","127.0284681063","37.6269042294","마을버스"
"09941","108900266","미아역3번출구","127.0269767981","37.6265558405","마을버스"
"09942","108900265","미아역1번출구","127.0258843935","37.6275568794","마을버스"
"09943","108900264","수유시장","127.0240584476","37.6321924359","마을버스"
"09944","108900263","요진아파트","127.026553857","37.6336246217","마을버스"
"09945","108900262","우일빌딩앞","127.0274879166","37.634811133","마을버스"
"09946","108900261","신구.한일아파트입구","127.0296336871","37.6256574148","마을버스"
"09947","108900260","대성빌라정문","127.0301941441","37.6248255726","마을버스"
"09948","108900259","달팽이계단","127.0309176532","37.623820677","마을버스"
"09949","108900258","한영교회","127.0320253405","37.6231743045","마을버스"
"09950","108900273","한국전력공사","127.0247048513","37.6305370136","마을버스"
"09994","107900301","창문여고앞","127.0353820571","37.6118839664","마을버스"
"10001","109000001","도봉산역","127.0455120837","37.689202857","중앙차로"
"10002","109000002","도봉산역","127.045813","37.688568","중앙차로"
"10003","109000003","도봉한신아파트","127.0459850042","37.6839229454","중앙차로"
"10004","109000004","도봉한신아파트","127.046067","37.682672","중앙차로"
"10005","109000005","서울북부지방법원.검찰청.도봉역성황당","127.0449581366","37.6777606492","중앙차로"
"10006","109000006","서울북부지방법원.검찰청.도봉역성황당","127.045103","37.677262","중앙차로"
"10007","109000007","신도봉사거리","127.044147339","37.673289362","중앙차로"
"10008","109000008","신도봉사거리","127.044333","37.67275","중앙차로"
"10009","109000009","도봉소방서.방학역남부","127.0429308393","37.6661748051","중앙차로"
"10010","109000010","도봉소방서.방학역남부","127.043051246","37.66567657","중앙차로"
"10011","109000011","도봉보건소","127.0407623758","37.6589364195","중앙차로"
"10012","109000012","도봉보건소.북한산아이파크아파트","127.040517","37.658205","중앙차로"
"10013","109000013","도봉구민회관.도봉문화원","127.0381736668","37.6545598452","중앙차로"
"10014","109000014","도봉구민회관.도봉문화원","127.037977","37.653968","중앙차로"
"10015","109000015","쌍문역","127.0347686574","37.6488174173","중앙차로"
"10016","109000016","쌍문역","127.0344600639","37.6480714136","중앙차로"
"10017","109000017","우이교.한일병원입구","127.0326524367","37.6452929962","중앙차로"
"10018","109000018","우이교.한일병원입구","127.03242","37.644652","중앙차로"
"10019","109000019","신도봉시장.도봉구청.방학역북부","127.0436499626","37.6699992027","중앙차로"
"10020","109000020","신도봉시장.도봉구청.방학역북부","127.043757","37.669197","중앙차로"
"10103","109000023","도봉1동우체국","127.0456109086","37.6826140348","일반차로"
"10104","109000024","도봉동한신아파트","127.0459586654","37.6821047926","일반차로"
"10105","109000407","녹천역3번출구","127.0524268652","37.643222946","일반차로"
"10107","109000025","서울북부지방법원.검찰청.도봉역성황당","127.0451325639","37.6771834389","일반차로"
"10108","109000026","서울북부지방법원.검찰청.도봉역성황당","127.0446529158","37.6770277354","일반차로"
"10109","109000027","도봉견인차량보관소","127.0446001847","37.6741632354","일반차로"
"10110","109000028","도봉견인차량보관소","127.0441500898","37.6741048347","일반차로"
"10111","109000029","방학역1번출구","127.0437945509","37.6692437083","일반차로"
"10113","109000030","도봉소방서","127.043188402","37.6656756185","일반차로"
"10114","109000031","도봉소방서","127.0425798048","37.6651007798","일반차로"
"10115","109000032","방학사거리.바로선병원","127.0422791488","37.6612173924","일반차로"
"10116","109000033","방학사거리","127.0421039333","37.6622176747","일반차로"
"10117","109000034","도봉보건소","127.0402286427","37.6575128224","일반차로"
"10119","109000036","함석헌기념관.정의여중고","127.0373872846","37.6526308865","일반차로"
"10120","109000037","함석헌기념관.정의여중고","127.0365880712","37.6521851028","일반차로"
"10121","109000038","도봉구민회관.도봉문화원","127.0382221679","37.6541047846","일반차로"
"10122","109000039","도봉구민회관.도봉문화원","127.0381420661","37.6548202673","일반차로"
"10124","109000040","쌍문역.쌍문시장","127.0340974005","37.6480246628","일반차로"
"10126","109000041","쌍문역.쌍리단길","127.0342799955","37.6475318122","일반차로"
"10127","109000042","우이교앞","127.0321793259","37.643993768","일반차로"
"10129","109000044","서울북부지방법원.검찰청.성우아파트","127.048374262","37.676134203","일반차로"
"10130","109000045","서울북부지방법원.검찰청.성우아파트","127.0477862346","37.6758077674","일반차로"
"10131","109000046","법조타운공영주차장","127.047318","37.674737","일반차로"
"10132","109000047","법조타운공영주차장","127.046582","37.673315","일반차로"
"10133","109000048","도봉구청","127.0463337031","37.6689552465","일반차로"
"10134","109000049","도봉구청","127.0460153661","37.6688382917","일반차로"
"10135","109000050","방학1동대상타운현대.삼성아파트","127.0464385387","37.665833356","일반차로"
"10136","109000051","방학1동삼성.대상타운현대아파트","127.0460053525","37.6663876289","일반차로"
"10137","109000052","창동성원.쌍용아파트","127.0494952497","37.6604251641","일반차로"
"10138","109000053","창동쌍용아파트","127.04877913","37.6604967889","일반차로"
"10139","109000054","자운고등학교앞","127.0500065597","37.658932863","일반차로"
"10140","109000055","자운고등학교앞","127.0496686321","37.6586807038","일반차로"
"10141","109000056","창동동아청솔아파트","127.0498048344","37.6566813833","일반차로"
"10142","109000057","창동동아청솔아파트","127.0495822895","37.656671335","일반차로"
"10143","109000058","창동농협물류센터","127.0503385996","37.6549321325","일반차로"
"10144","109000059","창동농협물류센터","127.0512466785","37.6542124806","일반차로"
"10145","109000060","창동농협물류센터","127.0510007909","37.6538281446","일반차로"
"10146","109000061","창동역1번출구.노원세무서","127.0505902348","37.6535907021","일반차로"
"10147","109000062","창동동아아파트","127.051465","37.651933","일반차로"
"10148","109000063","창동동아아파트","127.0514438738","37.6513525023","일반차로"
"10149","109000064","창동주공19단지","127.0523899949","37.6490406835","일반차로"
"10150","109000065","창동주공19단지","127.0520286111","37.6492264659","일반차로"
"10151","109000066","창동주공18단지","127.0530436187","37.6470625209","일반차로"
"10152","109000067","창동주공18단지","127.0527729177","37.6472653853","일반차로"
"10153","109000068","도봉산입구","127.0407179415","37.6870828083","일반차로"
"10154","109000069","도봉산성당","127.0441871881","37.6873184373","일반차로"
"10155","109000070","김근태기념도서관","127.0440286782","37.6874938159","일반차로"
"10156","109000071","도봉역","127.0466814888","37.6803220296","일반차로"
"10157","109000072","도봉역.도봉래미안아파트","127.0470845566","37.6803959104","일반차로"
"10158","109000073","노원교","127.0490169573","37.6794237641","일반차로"
"10159","109000074","노원교","127.0491191453","37.6796543968","일반차로"
"10160","109000075","성대야구장.노원교앞","127.049212","37.678442","일반차로"
"10161","109000076","천주교도봉동교회","127.0427070454","37.6712158708","일반차로"
"10162","109000077","천주교도봉동교회","127.0428107756","37.6713119921","일반차로"
"10163","109000078","오봉초등학교","127.0391794072","37.6705203068","일반차로"
"10164","109000079","오봉초등학교","127.0393403556","37.6707868238","일반차로"
"10165","109000080","방학2동제4공영주차장","127.0366363352","37.6694362247","일반차로"
"10166","109000081","방학2동제4공영주차장","127.03657","37.66956","일반차로"
"10167","109000082","방학2동주민센터","127.0348108899","37.6682136969","일반차로"
"10168","109000083","방학2동주민센터","127.0346224327","37.6682708426","일반차로"
"10172","109900164","신방학중학교앞","127.0279943718","37.6637196179","일반차로"
"10173","109000088","방학동신우빌라","127.03514","37.664078","일반차로"
"10174","109000089","방학동신우빌라","127.0348959433","37.6641158948","일반차로"
"10175","109000090","방학동삼익세라믹","127.03493","37.661672","일반차로"
"10176","109000091","방학동삼익세라믹","127.0346738125","37.6617551365","일반차로"
"10177","109000092","쌍문동청구아파트","127.0350817617","37.6597398904","일반차로"
"10178","109000093","쌍문동청구아파트","127.0348107133","37.6596243231","일반차로"
"10179","109000094","샘말어린이공원","127.0318158985","37.6686672058","일반차로"
"10180","109000095","방학중학교정문","127.034428","37.666488","일반차로"
"10181","109000096","방학중학교정문","127.0341413947","37.6665470787","일반차로"
"10182","109000097","신한은행방학동지점","127.0372935845","37.6634557599","일반차로"
"10183","109000098","신한은행방학동지점","127.037197641","37.6632312342","일반차로"
"10184","109000099","연산군.정의공주묘","127.02332141","37.6617317184","일반차로"
"10185","109000100","연산군.정의공주묘","127.0231445962","37.6620015247","일반차로"
"10186","109000101","방학동신동아타워","127.028111025","37.6616802914","일반차로"
"10187","109000102","방학동신동아타워","127.028692","37.662028","일반차로"
"10188","109000103","방학3동신동아프라자","127.027558","37.661225","일반차로"
"10189","109000104","방학동신동아아파트","127.0313834612","37.6619831294","일반차로"
"10190","109000105","방학동신동아아파트","127.03202","37.662362","일반차로"
"10191","109000106","방학초등학교","127.0342414798","37.6623619933","일반차로"
"10192","109000107","방학초등학교","127.034113","37.662595","일반차로"
"10193","109000108","신한은행방학동지점","127.037002395","37.6626546059","일반차로"
"10194","109000109","신한은행방학동지점","127.036807","37.662933","일반차로"
"10195","109000110","방학사거리","127.0406167927","37.6627158579","일반차로"
"10196","109000111","방학사거리","127.0403874289","37.6629772212","일반차로"
"10197","109000112","서울문화고등학교","127.046309519","37.6628720833","일반차로"
"10198","109000113","서울문화고등학교","127.047821244","37.662343449","일반차로"
"10199","109000114","서울문화고등학교","127.0480629127","37.6626297182","일반차로"
"10200","109000115","쌍문동청한빌라","127.0150062055","37.6574593323","일반차로"
"10201","109000116","쌍문동청한빌라","127.014762","37.657732","일반차로"
"10202","109000117","쌍문동우이빌라","127.0190078891","37.6572501084","일반차로"
"10203","109000118","쌍문동우이빌라","127.0180163153","37.6574304604","일반차로"
"10204","109000119","초당초등학교","127.0230480688","37.6574025551","일반차로"
"10205","109000120","초당초등학교","127.022295","37.657531","일반차로"
"10206","109000121","방학동우성아파트","127.0242705926","37.6574046264","일반차로"
"10207","109000122","방학동우성.청구아파트","127.0251","37.657656","일반차로"
"10208","109000123","방학3동신동아프라자","127.0277400677","37.6608342669","일반차로"
"10209","109000124","방학3동주민센터","127.0276286112","37.6598133715","일반차로"
"10210","109000125","쌍문동금호타운2차.성원아파트","127.0289334878","37.6576477672","일반차로"
"10211","109000126","쌍문동성원.금호타운2차아파트","127.0287373024","37.6578472924","일반차로"
"10212","109000127","쌍문동한양.현대아파트","127.0314515194","37.6578398426","일반차로"
"10213","109000128","쌍문동현대.한양아파트","127.0313205806","37.6580003804","일반차로"
"10214","109000129","쌍문동삼익.금호1차아파트","127.0347919771","37.658048383","일반차로"
"10215","109000130","쌍문동금호1차.삼익아파트","127.0345433384","37.6582514168","일반차로"
"10216","109000131","도봉구보건소앞","127.0375306952","37.6572458182","일반차로"
"10217","109000132","도봉구보건소앞","127.0375891737","37.6574389797","일반차로"
"10218","109000133","북서울교회","127.0136533178","37.6572562221","일반차로"
"10219","109000134","서라벌중학교.우이동대우아파트","127.013223","37.655025","일반차로"
"10220","109000417","창동119안전센터","127.0437915624","37.6463788339","일반차로"
"10221","109000135","덕성여대입구","127.013138","37.65106","일반차로"
"10222","109000136","쌍문초등학교","127.0256814814","37.6469743334","일반차로"
"10223","109000137","쌍문초등학교","127.02539","37.647095","일반차로"
"10224","109000138","숭미초등학교","127.027789","37.649556","일반차로"
"10225","109000139","숭미초등학교","127.027819184","37.6498332726","일반차로"
"10226","109000140","둘리뮤지엄.대우이안극동아파트","127.02842575","37.6517710532","일반차로"
"10227","109000141","둘리뮤지엄.대우이안극동아파트","127.0282645929","37.6515270149","일반차로"
"10228","109000142","창동주공1단지","127.0410046287","37.6542705499","일반차로"
"10229","109000143","창동주공1단지아파트","127.0408838385","37.6536699078","일반차로"
"10231","109000145","서울북부지방법원등기국","127.044525","37.651106","일반차로"
"10232","109000146","서울북부지방법원등기국","127.0445412495","37.6514245604","일반차로"
"10234","109000148","창동역서측","127.0461227769","37.652335845","일반차로"
"10235","109000149","창4동주민센터","127.0523314066","37.6525121272","일반차로"
"10236","109000150","창4동주민센터","127.0519925342","37.6527469996","일반차로"
"10241","109000155","창동주공4단지","127.0482244126","37.6451010377","일반차로"
"10242","109000156","창동주공4단지","127.0480754907","37.6453057413","일반차로"
"10244","109000158","도봉문화정보도서관","127.0443542991","37.6440866968","일반차로"
"10245","109000159","도봉문화정보도서관","127.0440281367","37.6442125083","일반차로"
"10246","109000160","창림초교.창동신창아파트앞","127.0410384214","37.6415355739","일반차로"
"10247","109000161","창림초교.창동신창아파트앞","127.0407268539","37.6416284932","일반차로"
"10248","109000162","국립현대미술관창동레지던시","127.0394443113","37.6398501948","일반차로"
"10249","109000163","국립현대미술관창동레지던시","127.0395396001","37.640398878","일반차로"
"10250","109000164","창동서울탁주앞","127.0373826795","37.637707889","일반차로"
"10251","109000165","창동서울탁주앞","127.036931039","37.6375883927","일반차로"
"10252","109000166","창2동건영캐스빌아파트","127.0336397512","37.6408990489","일반차로"
"10253","109000167","창2동건영캐스빌아파트","127.033467","37.640778","일반차로"
"10256","109000170","창2동한일아파트","127.037265","37.64619","일반차로"
"10257","109000171","창1동제1공영주차장입구","127.037607982","37.6463797917","일반차로"
"10258","109000172","한신아파트101동앞","127.034828","37.646023","일반차로"
"10259","109000173","KT도봉지점","127.0351240039","37.6461924766","일반차로"
"10260","109000174","창동청구빌라","127.039732","37.64608","일반차로"
"10261","109000175","창동청구빌라","127.0395258217","37.6461243931","일반차로"
"10262","109000176","창림초등학교후문","127.040517","37.643092","일반차로"
"10263","109000177","창림초등학교후문.창동보건지소","127.040407","37.642856","일반차로"
"10264","109000178","창동대우아파트","127.0367159557","37.6426101856","일반차로"
"10265","109000179","창동역1번출구(도봉방면)","127.0499897686","37.6539743778","일반차로"
"10266","109000180","창동역1번출구(노원방면)","127.0501720008","37.6536576919","일반차로"
"10269","109000181","서울가든아파트앞","127.0442008606","37.6469310032","일반차로"
"10270","109000182","창1동주민센터","127.0430117184","37.6487636037","일반차로"
"10271","109000183","창1동주민센터","127.0427791548","37.6487341017","일반차로"
"10272","109000184","창동주공3단지","127.0417180955","37.6509982018","일반차로"
"10273","109000185","창동주공3단지","127.0414767297","37.6513229545","일반차로"
"10276","109000188","세그루학원","127.0279900823","37.6565423713","일반차로"
"10277","109000189","세그루학원","127.0278333324","37.6556242091","일반차로"
"10278","109000190","창동주공17단지","127.0537656741","37.6457412104","일반차로"
"10279","109000191","창동주공17단지","127.0536101559","37.6461055626","일반차로"
"10280","109000192","창3동염광아트필","127.042349857","37.6344925058","일반차로"
"10281","109000193","창3동염광아트빌","127.0425216938","37.6344040379","일반차로"
"10282","109000194","한승미메이드아파트","127.043671308","37.6332317689","일반차로"
"10283","109000195","한승미메이드아파트","127.0435059071","37.6331768963","일반차로"
"10284","109000196","북서울농협창동지점","127.0414905637","37.6341093323","일반차로"
"10285","109000197","북서울농협창동지점","127.0412154818","37.6338519893","일반차로"
"10286","109000198","신화초교입구","127.0402309119","37.6337044602","일반차로"
"10287","109000199","신화초교입구","127.0400822024","37.6334072452","일반차로"
"10292","109900166","서울외국어고등학교","127.052529","37.645154","일반차로"
"10293","109900165","서울외국어고등학교","127.0527023636","37.6452469971","일반차로"
"10294","109000206","방학동도깨비시장입구","127.0368156452","37.6652984161","일반차로"
"10295","109000207","거성학마을아파트","127.0383406047","37.6663430678","일반차로"
"10296","109000208","도봉새마을금고본점","127.0412481803","37.667145875","일반차로"
"10297","109000209","창5동현대아파트","127.040400444","37.6556229537","일반차로"
"10298","109000210","창5동현대1차아파트","127.040602","37.65587","일반차로"
"10299","109000211","창동아이파크","127.0467532395","37.6616031259","일반차로"
"10301","108000381","창번교","127.0384278157","37.6354839138","일반차로"
"10302","109000214","방학3동주민센터","127.0279037943","37.6591681347","일반차로"
"10303","109000215","도봉동서광아파트","127.0494617013","37.6781990171","일반차로"
"10304","109000216","방학교","127.04192","37.661947","일반차로"
"10305","109000217","창동고등학교.창북중학교","127.0384575543","37.6513664604","일반차로"
"10306","109000218","정의여중고입구","127.0331370812","37.6510121866","일반차로"
"10309","109000221","도깨비시장","127.035503","37.665505","일반차로"
"10310","109000222","방학동도깨비시장","127.0353281335","37.6654565426","일반차로"
"10311","109000223","태영데시앙아파트","127.0324449266","37.642384365","일반차로"
"10312","109000224","창번교앞","127.03822395","37.6354686365","일반차로"
"10313","109000225","금용아파트","127.0351770744","37.637736706","일반차로"
"10314","109000226","창번2교앞","127.034453","37.63859","일반차로"
"10315","109000227","대우아파트104동","127.038349191","37.6432566421","일반차로"
"10317","109000228","도봉산입구","127.0406896745","37.6872224695","일반차로"
"10320","109000231","샘말어린이공원","127.031945","37.668748","일반차로"
"10321","109000232","안방학동종점","127.0299513375","37.6690677721","일반차로"
"10325","109000236","강북씨앤지","127.013997","37.658907","일반차로"
"10330","109000241","창동.신창시장","127.0384760994","37.6388467098","일반차로"
"10331","109000242","신창.창동시장","127.0384574781","37.6392573593","일반차로"
"10333","109000397","안방학동","127.0330084504","37.6676173155","일반차로"
"10334","109000396","안방학동","127.0328952262","37.6678876413","일반차로"
"10335","109000403","창동농협물류센터","127.0500740655","37.6548140039","일반차로"
"10336","109000399","태영데시앙아파트","127.0317878535","37.6426266528","일반차로"
"10337","109000400","방학중학교","127.032370012","37.6667335659","일반차로"
"10339","109000405","도봉산역광역환승센터","127.0444996062","37.6898762161","일반차로"
"10340","109000406","도봉산역광역환승센터","127.0443522431","37.6899483575","일반차로"
"10341","109000408","도봉산역광역환승센터","127.044267","37.690177","일반차로"
"10342","108000384","한국사회봉사회","127.0147587067","37.6618138354","일반차로"
"10343","108000385","한국사회봉사회","127.0146769048","37.6621633293","일반차로"
"10411","109000414","창동교","127.0532459112","37.6517301155","일반차로"
"10412","109000413","창동교","127.0534954867","37.6521106678","일반차로"
"10413","109000416","녹천교","127.0545213045","37.6447333973","일반차로"
"10414","109000415","녹천교","127.0549455285","37.6450286435","일반차로"
"10501","109900181","창동역동측","127.049906","37.653604","마을버스"
"10502","109900006","도봉여성센터","127.0302537587","37.6628827003","마을버스"
"10503","109900114","한일병원","127.0284574972","37.645868972","마을버스"
"10504","109900007","동익아파트","127.0252305774","37.6506949897","마을버스"
"10505","109900104","꽃동네","127.022498822","37.6527572122","마을버스"
"10509","109900002","한일병원입구","127.0286428437","37.6445614593","마을버스"
"10510","109900001","용호약국","127.025211064","37.6499633172","마을버스"
"10511","109900003","에덴약국","127.0233665374","37.6514369621","마을버스"
"10512","109900102","청한빌라","127.0151682419","37.6572646786","마을버스"
"10513","108900279","신창교","127.039682","37.633019","마을버스"
"10514","109900182","신화초교.초안아파트","127.041467","37.631585","마을버스"
"10515","109900100","사거리슈퍼","127.0258093606","37.6497379178","마을버스"
"10516","109900099","쌍문1동현대아파트","127.0226715612","37.6505864786","마을버스"
"10517","109900105","우이성당","127.0157323897","37.6556918915","마을버스"
"10519","109900098","방학신동아1단지.방학3동주민센터","127.027717","37.658726","마을버스"
"10521","109900097","믿음주유소","127.0265163993","37.6493746259","마을버스"
"10522","109900096","오복슈퍼","127.0231778182","37.6495384245","마을버스"
"10526","109900094","쌍문1동주민센터","127.0263788608","37.6482095603","마을버스"
"10527","109900093","코오롱아파트.덕성여대기숙사","127.0229271728","37.6489176294","마을버스"
"10528","109900092","덕성여대후문.효문중고교앞","127.0171019004","37.6526914381","마을버스"
"10529","109900140","창동아이파크","127.0478602057","37.6612378102","마을버스"
"10531","109900090","도봉구보건소앞","127.0377806894","37.6573821506","마을버스"
"10532","109900089","쌍문초등학교","127.025011037","37.6476490168","마을버스"
"10533","109900106","쌍문1치안센터","127.0202835758","37.6500958249","마을버스"
"10535","109900115","신일라이프아파트","127.0294951701","37.6506912973","마을버스"
"10536","109900111","시립도봉노인종합복지관","127.0355267033","37.6581010105","마을버스"
"10537","109900107","경기푸른미래관","127.0219691394","37.6495484449","마을버스"
"10540","109900087","방학삼성래미안1단지아파트","127.0462737888","37.6673955059","마을버스"
"10541","109900086","소피아호텔","127.0349113945","37.651121436","마을버스"
"10542","109900085","쌍문동현대1차아파트","127.0323860104","37.6580622671","마을버스"
"10546","109900084","미래빌라","127.0264643918","37.6479708013","마을버스"
"10549","109900083","도봉중학교.서원아파트","127.0457717409","37.6712739361","마을버스"
"10551","109900082","성원아파트","127.0301168678","37.6579159925","마을버스"
"10553","109900081","세무서앞","127.0509355099","37.6532890093","마을버스"
"10554","109000418","도봉아테라","127.046838","37.673302","마을버스"
"10557","109900080","선덕사거리.세그루학원입구","127.028285241","37.657803811","마을버스"
"10561","109900077","오봉초등학교","127.039825","37.671146","마을버스"
"10563","109900123","방학3동주민센터","127.0274082286","37.6584636075","마을버스"
"10564","109900076","청구아파트","127.0265443002","37.6577150088","마을버스"
"10565","109900075","엘지전자","127.0313946417","37.6508502983","마을버스"
"10568","109900074","시온슈퍼","127.0409094029","37.6728138601","마을버스"
"10569","109900137","창성빌라","127.040308972","37.6441949149","마을버스"
"10570","109900073","김수영문학관","127.0251961284","37.6594246503","마을버스"
"10572","109900072","서울북부지방법원","127.0492414111","37.677670178","마을버스"
"10573","109900071","부부슈퍼","127.0425393678","37.6744514399","마을버스"
"10575","109900126","벽산아파트","127.0249781408","37.6583226778","마을버스"
"10578","109900069","삼거리슈퍼","127.0436465315","37.675670191","마을버스"
"10580","109900068","방학3동주민센터","127.0268961094","37.6582856906","마을버스"
"10582","109900067","믿음주유소","127.0266535322","37.6493926166","마을버스"
"10583","109900066","쌍문초등학교","127.0249119482","37.6478292345","마을버스"
"10585","109900065","도봉역","127.0457799763","37.6809875292","마을버스"
"10586","109900149","성황당","127.043765","37.677162","마을버스"
"10587","109900064","창2동주민센터","127.0356230477","37.6422156092","마을버스"
"10588","109900117","금호타운","127.0293879937","37.6576773905","마을버스"
"10590","109900062","사거리슈퍼앞","127.0259102437","37.6497982681","마을버스"
"10592","109900061","대우.삼성서비스센터","127.0471188426","37.6831304492","마을버스"
"10593","109900150","도봉1동주민센터.럭키아파트","127.043708","37.678797","마을버스"
"10594","109900060","창2동건영아파트","127.0337768025","37.6407674519","마을버스"
"10597","109900058","용호약국","127.0251555744","37.6500858758","마을버스"
"10598","109900057","오복슈퍼","127.0232469679","37.6496014864","마을버스"
"10599","109900056","도봉경찰서.창4동주민센터","127.0516851003","37.6523110123","마을버스"
"10600","109900055","유원.극동아파트","127.048895","37.682771","마을버스"
"10604","109900151","도봉1파출소","127.0436413702","37.6795203048","마을버스"
"10612","109900054","쌍문동한양아파트","127.0325684045","37.657868485","마을버스"
"10617","109000394","거성학마을아파트","127.0378894716","37.6662550301","일반차로"
"10637","109900053","쌍문1동현대아파트","127.0227440715","37.6505188837","마을버스"
"10638","109900052","한신아파트후문","127.0495039881","37.6838280147","마을버스"
"10657","109000293","창동고등학교.창북중학교","127.0381460822","37.6515935012","일반차로"
"10667","109900051","윤성빌라.다리앞","127.0423594433","37.6790145516","마을버스"
"10697","109900050","에덴약국","127.0234515159","37.6513747708","마을버스"
"10698","109900049","도봉파크빌2단지","127.0515734531","37.6842317103","마을버스"
"10700","109900170","녹천북부역","127.0505872975","37.6456721729","마을버스"
"10701","109900171","창1동대우그린아파트","127.0486325542","37.6469959833","마을버스"
"10702","109900172","창일중학교","127.047867374","37.6486610411","마을버스"
"10703","109900173","창동역서측","127.0463383955","37.6523291893","마을버스"
"10704","109900174","상아아파트","127.0432189107","37.6530582958","마을버스"
"10705","109900175","옛고을길입구","127.0315854369","37.6508570874","마을버스"
"10706","109900176","창일중학교","127.0473969976","37.6491535465","마을버스"
"10707","109900177","주공4단지후문","127.0483171871","37.646858824","마을버스"
"10710","109900167","창동아이파크","127.0471636659","37.660954256","마을버스"
"10711","109900168","북한산아이파크","127.0419096759","37.6591925682","마을버스"
"10713","109000410","북한산아이파크","127.0421159066","37.6590798301","마을버스"
"10714","109900169","창동아이파크","127.0474980379","37.66103779","마을버스"
"10722","109900152","도봉초등학교","127.0407189028","37.6784717098","마을버스"
"10726","109900113","도봉구보건소앞","127.0376989713","37.6571578082","마을버스"
"10734","109900108","경기푸른미래관","127.0220348239","37.6496562587","마을버스"
"10735","109000361","서원아파트","127.0466777586","37.6716952848","일반차로"
"10736","109900135","창동이마트","127.0461708888","37.6513329248","마을버스"
"10737","109900048","누원고등학교.한신아파트정문","127.0509577365","37.6858016495","마을버스"
"10740","109000364","서울문화고등학교","127.04668","37.663889","일반차로"
"10744","109900153","부대앞","127.0389713981","37.6781182487","마을버스"
"10745","109900047","소피아호텔","127.0351189022","37.6513619627","마을버스"
"10747","109900046","청구아파트","127.0264127549","37.6575159","마을버스"
"10754","109900109","쌍문1치안센터","127.0204615261","37.6501841","마을버스"
"10757","109900045","무수골","127.0361868209","37.6777532993","마을버스"
"10775","109900044","정의여중고","127.0331242114","37.6512012464","마을버스"
"10777","109900042","덕성여대후문.효문중고교앞","127.0172526514","37.6527716123","마을버스"
"10778","109900154","부대앞","127.0390076255","37.6780200195","마을버스"
"10779","109900041","신일라이프아파트","127.0298771931","37.6509462068","마을버스"
"10780","109900040","약초원.동아슈퍼","127.0160925096","37.6545604185","마을버스"
"10781","109900039","도봉초등학교","127.0404396652","37.6783177932","마을버스"
"10783","109900038","우이1교","127.0317544179","37.6439330888","마을버스"
"10784","109900037","우이성당","127.0157596144","37.6560328264","마을버스"
"10785","109900036","엘지전자","127.0313539323","37.6510629639","마을버스"
"10786","109900035","한신아파트정문","127.0504502354","37.6864731679","마을버스"
"10787","109900034","윤성빌라.다리앞","127.0423843417","37.6789379513","마을버스"
"10789","109900033","한일병원입구","127.0291719949","37.6444216622","마을버스"
"10790","109900032","청한빌라","127.0152985919","37.6573106168","마을버스"
"10791","109900031","도봉파크빌3단지","127.0493865639","37.6879883235","마을버스"
"10792","109900030","도봉1파출소","127.0433971197","37.6795575228","마을버스"
"10797","109900155","도봉1동주민센터.럭키아파트","127.0435711769","37.6786374607","마을버스"
"10798","109900029","신동아아파트16동","127.027803303","37.6601962887","마을버스"
"10799","109900028","도봉산역","127.0466117182","37.6893500743","마을버스"
"10800","109900027","성황당","127.043655","37.677164","마을버스"
"10802","109900025","도봉파크빌3단지","127.0491450189","37.6879397664","마을버스"
"10803","109900024","삼거리슈퍼","127.043556","37.675563","마을버스"
"10804","109900125","대원그린아파트.도봉실버센터","127.0276624996","37.6625589484","마을버스"
"10805","109900023","부부슈퍼","127.042039","37.674166","마을버스"
"10806","109900022","신방학중학교","127.0282160499","37.6636518246","마을버스"
"10807","109900021","시온슈퍼","127.041004","37.673049","마을버스"
"10808","109000411","방학중학교","127.0325922954","37.6666528006","일반차로"
"10809","109900020","오봉초등학교","127.0397113391","37.6710355447","마을버스"
"10810","109900019","누원고등학교.한신아파트정문","127.0506753264","37.6856747197","마을버스"
"10812","109900018","도봉파크빌2단지앞","127.0513389756","37.6841482332","마을버스"
"10813","109900017","도봉중학교.서원아파트","127.0463167964","37.6705522883","마을버스"
"10814","109900016","극동.유원아파트후문","127.050685298","37.6820001335","마을버스"
"10816","109900103","삼환아파트후문","127.0495741502","37.6802200817","마을버스"
"10817","109900015","도봉롯데캐슬골든파크","127.045975","37.667546","마을버스"
"10818","109900014","삼환.동아에코빌아파트","127.0475733049","37.6805570067","마을버스"
"10819","109900013","대상타운현대아파트","127.046203333","37.6657951567","마을버스"
"10821","109900012","서울문화고등학교","127.0464770451","37.6639683106","마을버스"
"10822","109900011","서울북부지방법원","127.0485936182","37.6769856293","마을버스"
"10826","109900161","서울북부지방검찰청.한양수자인아파트","127.0470617037","37.6747299568","마을버스"
"10828","109900162","하나약국","127.046473053","37.6724630827","마을버스"
"10831","109000412","한신아파트정문","127.0500737384","37.6866129511","일반차로"
"10834","109900010","약초원.동아슈퍼","127.0160182342","37.6542863205","마을버스"
"10836","109900009","코오롱아파트.덕성여대기숙사","127.0232739332","37.6488535848","마을버스"
"10838","109900008","법종사","127.0183105701","37.6572458455","마을버스"
"10841","109900178","효문중학교","127.0186268132","37.6515334353","마을버스"
"10842","109900179","효문중학교","127.0183803349","37.6514951821","마을버스"
"10843","109900180","도봉중학교후문","127.0450448623","37.6711168303","마을버스"
"10997","109000395","방학동도깨비시장입구","127.036319008","37.6651868464","일반차로"
"10999","109000393","도봉새마을금고본점","127.0403849917","37.6673886582","일반차로"
"11101","110000001","공릉시장","127.0741781792","37.6227408373","가로변시간"
"11102","110000002","공릉시장","127.0736211764","37.6231160369","가로변시간"
"11103","110000003","태릉입구역4번출구","127.0752002532","37.6195890997","가로변전일"
"11104","110000004","태릉입구역3번출구","127.0748409839","37.6194253308","가로변전일"
"11105","110000005","태릉입구역1번출구","127.0743733189","37.6174050827","일반차로"
"11106","110000006","태릉입구역8번출구","127.0745338498","37.6170160254","일반차로"
"11107","110000007","공릉1동삼익아파트","127.0727577135","37.6179507657","일반차로"
"11108","110000008","공릉초등학교","127.0735465403","37.6186521132","일반차로"
"11109","110000009","대주아파트","127.0719631752","37.6213166942","일반차로"
"11110","110000010","공릉행복발전소","127.0723921996","37.6221490333","일반차로"
"11111","110000011","공릉대아2차아파트","127.0713043223","37.6229904068","일반차로"
"11112","110000012","서울창업디딤터","127.0781312929","37.6197132662","일반차로"
"11113","110000013","경춘선숲길.토끼굴앞","127.0796853957","37.6192099264","일반차로"
"11114","110000014","주유소앞다운복지관","127.0797927204","37.6189463149","일반차로"
"11115","110000015","서울창업디딤터","127.0783739499","37.6188796917","일반차로"
"11116","110000016","서울생활사박물관.농협앞","127.0779971246","37.6186839765","일반차로"
"11117","110000017","태릉입구역7번출구.서울생활사박물관","127.0766766891","37.6178559331","일반차로"
"11118","110000018","화랑대역1번출구","127.0832854305","37.6197810079","일반차로"
"11119","110000019","공연초등학교","127.0761279796","37.6268143537","일반차로"
"11120","110000020","공릉역","127.0741277355","37.6259822146","일반차로"
"11121","110000021","서울과학기술대앞","127.0761457452","37.6303484607","일반차로"
"11122","110000022","동신아파트","127.0775731645","37.6276288051","일반차로"
"11123","110000023","현대성우아파트","127.0777061051","37.6274687926","일반차로"
"11124","110000024","동부아파트","127.0785188231","37.6273894182","일반차로"
"11125","110000025","한보아파트.삼익아파트","127.0804798611","37.6275466907","일반차로"
"11126","110000026","삼익아파트.한보아파트","127.0800990621","37.6273433068","일반차로"
"11127","110000027","원자력병원","127.0820911679","37.628407354","일반차로"
"11128","110000028","원자력병원입구","127.0794578764","37.6262715664","일반차로"
"11129","110000029","안마을","127.0795189611","37.6234578543","일반차로"
"11130","110000030","두산힐스빌아파트","127.0788883617","37.6213870578","일반차로"
"11131","110000031","두산힐스빌아파트","127.079046912","37.6213409964","일반차로"
"11132","110000032","안마을","127.0794300566","37.6236970732","일반차로"
"11133","110000033","원자력병원.공릉해링턴플레이스","127.0850407835","37.6282670614","일반차로"
"11134","110000034","공릉해링턴플레이스","127.0853188634","37.6271440983","일반차로"
"11135","110000035","공릉우방아파트","127.086035","37.626095","일반차로"
"11136","110000036","태릉해링턴플레이스아파트","127.0859251214","37.625334513","일반차로"
"11137","110000037","화랑타운아파트","127.086747","37.623608","일반차로"
"11138","110000038","청솔8단지아파트","127.0865288069","37.623300094","일반차로"
"11139","110000039","화랑대역2번출구","127.083590654","37.6202214222","일반차로"
"11140","110000040","화랑대사거리","127.088121412","37.6218122867","일반차로"
"11141","110000041","화랑대사거리","127.0878830552","37.6219733458","일반차로"
"11142","110000042","경춘선숲길.화랑대철도공원","127.0911284809","37.623843981","일반차로"
"11143","110000043","경춘선숲길.화랑대철도공원","127.0902613846","37.6235352001","일반차로"
"11144","110000044","서울여대.육군사관학교행정안내소","127.0947361313","37.6259021468","일반차로"
"11145","110000045","서울여대.육군사관학교행정안내소","127.0945526831","37.6261675083","일반차로"
"11146","110000046","태릉국제사격장","127.0962777688","37.6276474938","일반차로"
"11147","110000047","태릉국제사격장","127.0961867051","37.6281945254","일반차로"
"11148","110000048","태릉","127.0985753415","37.6301893532","일반차로"
"11149","110000049","태릉","127.098258","37.63046","일반차로"
"11150","110000050","태릉선수촌","127.1032736039","37.633302178","일반차로"
"11151","110000051","태릉선수촌","127.1035996118","37.6338984084","일반차로"
"11152","110000652","태릉국제스케이트장","127.1062793991","37.6355918609","일반차로"
"11153","110000053","태릉국제스케이트장","127.1053040519","37.6351530701","일반차로"
"11154","110000054","삼육대앞","127.1084328965","37.6384153875","일반차로"
"11155","110000055","삼육대앞","127.1083937637","37.638787998","일반차로"
"11156","110000056","담터고개","127.1111217141","37.6408998623","일반차로"
"11157","110000057","원자력병원.공릉동삼익2차아파트","127.0797928224","37.6260432496","일반차로"
"11158","110000058","예수사랑교회","127.0871773715","37.6223048363","일반차로"
"11159","110000059","서울과학기술대입구교차로","127.071801265","37.6284740985","가로변시간"
"11160","110000060","서울과학기술대입구교차로","127.0713744537","37.6283444968","가로변시간"
"11161","110000061","공릉역1번출구","127.0727039269","37.626690375","가로변시간"
"11162","110000062","공릉역4번출구","127.0723130282","37.6266095264","가로변시간"
"11163","110000063","공릉신도2차아파트","127.0713064945","37.6253915545","일반차로"
"11164","110000064","공릉대동2차아파트","127.0710519858","37.6268706243","일반차로"
"11165","110000065","공릉대동2차아파트","127.0707517862","37.6271292281","일반차로"
"11166","110000066","노원문화원","127.0699476545","37.6283778949","일반차로"
"11167","110000067","노원문화원","127.0698345772","37.6286113424","일반차로"
"11168","110000068","용원초등학교","127.0687125746","37.6286591696","일반차로"
"11169","110000069","용원초등학교","127.0686697345","37.628269518","일반차로"
"11170","110000683","공릉동동신아파트앞","127.0775443672","37.6282300863","일반차로"
"11171","110000071","공릉2단지","127.0675701967","37.6306397464","일반차로"
"11172","110000693","서울과학기술대학교후문","127.0831052478","37.6311208645","일반차로"
"11173","110000073","영화교회","127.0716994523","37.6305719879","일반차로"
"11174","110000692","서울과학기술대학교후문","127.0832993935","37.632515003","일반차로"
"11175","110000075","공릉삼익아파트","127.0733714013","37.6294796422","일반차로"
"11176","110000076","공연초등학교","127.0755405228","37.6267236629","일반차로"
"11177","110000077","공릉역","127.0736172131","37.6259895946","일반차로"
"11178","110000078","공릉1단지후문","127.0697006293","37.631316499","일반차로"
"11180","110000080","상계주공9단지","127.0584559747","37.6629604016","가로변전일"
"11181","110000081","노원고등학교","127.0545329249","37.6613205166","일반차로"
"11182","110000082","임광아파트상가","127.057463","37.661178","일반차로"
"11183","110000083","상계주공7단지","127.059198","37.660294","가로변시간"
"11184","110000084","대림아파트상가","127.0586794778","37.6603435605","가로변시간"
"11185","110000085","도봉면허시험장","127.0599658724","37.6574468479","일반차로"
"11186","110000086","도봉면허시험장","127.0595396275","37.6573380333","일반차로"
"11187","110000087","상계10동주민센터.주공7단지","127.0598156383","37.6609052625","일반차로"
"11188","110000088","상계주공7단지.광림교회앞","127.0626050014","37.6605619018","일반차로"
"11189","110000089","상계10동우체국","127.0628214067","37.6607333963","일반차로"
"11190","110000090","청원고등학교","127.0617198674","37.6650492388","일반차로"
"11191","110000091","마들역.상계주공9단지","127.058796161","37.6645767657","일반차로"
"11192","110000092","온곡중학교.노원중앙도서관","127.0645319222","37.6595872028","일반차로"
"11193","110000093","온곡중학교.노원중앙도서관","127.064476727","37.6592927621","일반차로"
"11194","110000094","도심공항수락터미널.두산아파트","127.0531830061","37.6787167696","일반차로"
"11195","110000095","두산아파트.도심공항수락터미널","127.0533188837","37.6785004733","일반차로"
"11196","110000096","수락산역3번출구","127.0555614524","37.6771708775","일반차로"
"11197","110000097","수락산역4번출구","127.0551013061","37.6773540117","가로변전일"
"11198","110000098","노일초등학교","127.0552560424","37.6735135543","일반차로"
"11199","110000099","노원초등학교","127.055873","37.672774","일반차로"
"11200","110000100","상계현대2차아파트","127.0509549057","37.6717178437","일반차로"
"11201","110000101","상경초등학교.상계현대3차아파트","127.0525754362","37.6709521187","일반차로"
"11202","110000102","수락리버시티아파트","127.0552031453","37.6893310475","일반차로"
"11203","110000052","수락리버시티아파트","127.0556485232","37.6890118581","일반차로"
"11204","110000104","수락중고등학교","127.0552708957","37.6828387764","일반차로"
"11205","110000105","수락중고등학교","127.0555582132","37.6829300008","일반차로"
"11206","110000106","은빛아파트2단지","127.0552746136","37.6802094382","가로변시간"
"11207","110000107","홍파복지원.수락산벨리체아파트","127.0555052094","37.6802608778","일반차로"
"11208","110000108","상계초등학교","127.0659938755","37.6576160971","일반차로"
"11209","110000109","상계초등학교","127.065903645","37.6581049302","일반차로"
"11210","110000110","노원역9번출구","127.0619864543","37.6560911065","일반차로"
"11211","110000111","노원역1번출구","127.063365","37.656202","일반차로"
"11212","110000112","롯데백화점노원점.노원역4번출구","127.062274","37.65483","일반차로"
"11213","110000113","와우패션클럽","127.0638662325","37.655191203","일반차로"
"11214","110000114","중앙하이츠2차아파트","127.067488","37.654692","일반차로"
"11215","110000115","상계중학교정문","127.0681368524","37.6525896504","일반차로"
"11216","110000116","상계중학교","127.0694249362","37.6515820512","일반차로"
"11217","110000117","코오롱아파트.양지대림아파트","127.0707159998","37.652497575","일반차로"
"11218","110000118","상계119안전센터","127.0715548974","37.6540787526","일반차로"
"11219","110000119","상계119안전센터","127.0718383476","37.6542272425","일반차로"
"11220","110000120","노원수학문화관","127.0716616354","37.6575511709","일반차로"
"11221","110000121","노원수학문화관","127.0718498531","37.6577519815","일반차로"
"11222","110000122","상계중앙시장입구","127.070695","37.658467","일반차로"
"11223","110000123","상계중앙시장입구","127.070632802","37.6586382774","일반차로"
"11224","110000124","흥안운수종점","127.0809233223","37.6697664795","일반차로"
"11225","110000125","흥안운수종점","127.0805894157","37.6696689099","일반차로"
"11226","110000126","불암현대아파트","127.0793552115","37.6682034017","일반차로"
"11227","110000127","동아불암아파트","127.0777874472","37.6661480625","일반차로"
"11228","110000128","동아불암아파트","127.0787107626","37.6670483264","일반차로"
"11229","110000129","노원롯데캐슬시그니처아파트","127.0771188688","37.6648599952","일반차로"
"11230","110000130","노원롯데캐슬시그니처아파트","127.0769489531","37.6649502043","일반차로"
"11231","110000131","상계불암대림아파트","127.0761169302","37.6631758119","일반차로"
"11232","110000132","흥안운수상계4동종점","127.0825488607","37.6709176644","일반차로"
"11233","110000133","상계역사거리","127.0721269911","37.6597433281","일반차로"
"11234","110000134","상신교회","127.070768","37.661312","일반차로"
"11235","110000135","상신교회","127.070903","37.661425","일반차로"
"11236","110000136","계상초등학교","127.0689792332","37.6628310717","일반차로"
"11237","110000137","상계5동주민센터","127.0691876995","37.6628644876","일반차로"
"11238","110000138","상계한신2차아파트","127.066944","37.664199","일반차로"
"11239","110000139","상계한신2차아파트","127.0666569148","37.6644437316","일반차로"
"11240","110000140","상계역5번출구.상계벽산아파트","127.0734913289","37.661292174","일반차로"
"11241","110000700","당고개입구오거리","127.0753601646","37.6629352854","일반차로"
"11242","110000699","상계2동주민센터","127.0677787534","37.657570036","일반차로"
"11243","110000143","벽산아파트103동","127.0718982879","37.6605656133","일반차로"
"11244","110000144","노원역6번출구.상계주공3단지","127.0610352252","37.6519422405","가로변시간"
"11245","110000145","상계주공2단지","127.0617372427","37.6493744118","가로변시간"
"11246","110000146","상계주공1단지.한국성서대학교","127.062780841","37.6473083568","가로변시간"
"11247","110000147","마들근린공원.노원에코센터","127.0594958083","37.6450508428","일반차로"
"11248","110000148","마들근린공원.노원에코센터","127.0595368052","37.6452860969","일반차로"
"11250","110000150","노원구청.상계6동우체국","127.0581486869","37.6539307032","일반차로"
"11251","110000151","노원구청","127.0572410143","37.6542764042","일반차로"
"11252","110000152","노원구청","127.0574869763","37.6543087235","일반차로"
"11253","110000153","상계주공2단지223동","127.056992054","37.6479063362","일반차로"
"11254","110000154","상계주공2단지203동","127.0604208967","37.6511093271","일반차로"
"11255","110000155","노원역5번출구.상계주공6단지","127.0611445117","37.65318414","가로변전일"
"11256","110000156","상계주공4단지","127.0617647168","37.6507752318","가로변시간"
"11257","110000157","백병원.한국성서대학교","127.06288209","37.6480182386","가로변시간"
"11260","110000160","상계6.7동주민센터","127.06720443","37.6544207283","일반차로"
"11261","110000161","상계중학교","127.0678156944","37.6523542041","일반차로"
"11262","110000698","상계2동주민센터","127.0674898279","37.6576377753","일반차로"
"11266","110000166","상경초등학교","127.0520711414","37.6707971529","일반차로"
"11267","110000167","상계주공15단지","127.0565591686","37.6682902974","가로변전일"
"11268","110000168","마들역","127.05742","37.665283","가로변전일"
"11269","110000169","상계주공10단지","127.0582161724","37.6621441437","가로변전일"
"11270","110000170","노원고등학교","127.0544628693","37.6616899164","일반차로"
"11271","110000171","상계주공10단지상가","127.0576004621","37.6614240662","일반차로"
"11272","110000172","상계주공14단지","127.056828","37.669103","가로변전일"
"11273","110000173","마들역","127.057562","37.666492","일반차로"
"11274","110000174","보람아파트1단지","127.0654519677","37.6644083632","일반차로"
"11275","110000175","보람아파트2단지","127.0643815398","37.6647816002","일반차로"
"11276","110000176","청원고등학교","127.0616145996","37.6652295093","일반차로"
"11277","110000177","상계주공12단지1202동","127.0597893905","37.6649222801","일반차로"
"11278","110000178","광운대역","127.061673","37.622578","일반차로"
"11279","110000179","광운대역","127.0618283741","37.6226060942","일반차로"
"11280","110000180","월계현대아파트","127.0633583399","37.6198348679","일반차로"
"11281","110000181","월계현대아파트","127.063400106","37.6193189084","일반차로"
"11282","110000182","월계1동경로당","127.0641713213","37.617162878","일반차로"
"11283","110000183","석계역1번출구.A","127.065197","37.61493","일반차로"
"11284","110000184","석계역2번출구","127.0669732146","37.615274256","일반차로"
"11285","110000185","광운대학교","127.058639","37.62022","일반차로"
"11286","110000186","월계삼거리","127.0600070288","37.6226677969","일반차로"
"11291","110000191","청백아파트1단지","127.052187","37.635412","일반차로"
"11292","110000192","대우아파트","127.0521635327","37.6331096709","일반차로"
"11293","110000193","청백아파트3단지4단지","127.050831","37.632041","일반차로"
"11294","110000194","청백아파트3단지4단지","127.051035","37.631656","일반차로"
"11295","110000195","초안아파트.흥화브라운빌아파트","127.0443046725","37.632069829","일반차로"
"11296","110000196","흥화브라운빌아파트.초안아파트","127.0440640682","37.6322996705","일반차로"
"11297","110000197","쌍용스윗닷홈아파트","127.0454252205","37.6303980739","일반차로"
"11298","110000198","신창중학교후문","127.0473977009","37.6279668876","일반차로"
"11299","110000199","신창중학교후문","127.0472744107","37.6279194677","일반차로"
"11300","110000200","염광고등학교","127.0503112065","37.6275401275","일반차로"
"11301","110000201","염광고등학교","127.0502378296","37.627301235","일반차로"
"11302","110000202","월계주공1단지상가","127.051625114","37.6266902177","일반차로"
"11303","110000203","월계공단","127.0518546625","37.6271301634","일반차로"
"11304","110000204","월계종합사회복지관","127.052594232","37.6274894153","일반차로"
"11305","110000205","월계종합사회복지관","127.0527726487","37.6274848307","일반차로"
"11306","110000206","월계주공2단지","127.0538076332","37.6283500757","일반차로"
"11307","110000207","월계주공1단지","127.0541042987","37.6282861056","일반차로"
"11308","110000208","인덕대학교.월계도서관","127.0551761985","37.6286565922","일반차로"
"11309","110000209","인덕대학교.월계도서관","127.0554101788","37.6286706713","일반차로"
"11310","110000210","월계주공108동앞.롯데캐슬루나아파트","127.0525926058","37.6261891646","가로변시간"
"11311","110000211","인덕대학교후문입구","127.0552744331","37.6279837976","가로변시간"
"11312","110000212","월릉교앞.한진한화그랑빌아파트","127.0692324274","37.6158054934","일반차로"
"11313","110000213","한진한화그랑빌아파트","127.0698588736","37.6182551734","일반차로"
"11314","110000214","한천초등학교","127.0698707848","37.6194526551","일반차로"
"11315","110000215","한천초등학교","127.0699692449","37.619986091","일반차로"
"11316","110000677","월계동대우아파트","127.052193","37.633037","일반차로"
"11317","110000216","월계미성아파트","127.0693433176","37.6216829103","일반차로"
"11318","110000217","월계미륭아파트","127.068392","37.62317","일반차로"
"11319","110000218","월계미륭아파트","127.068603","37.623325","일반차로"
"11320","110000219","월계삼호아파트","127.0672913812","37.6251751879","일반차로"
"11321","110000220","월계삼호아파트","127.0675294239","37.6253210274","일반차로"
"11322","110000221","월계삼호4차아파트","127.0658231365","37.6264654662","일반차로"
"11323","110000222","월계삼호4차아파트","127.0659819208","37.6266627148","일반차로"
"11324","110000223","녹천초등학교.월계이마트","127.064038","37.628387","일반차로"
"11325","110000224","녹천초등학교.월계이마트","127.0649064093","37.6275517792","일반차로"
"11326","110000225","월계사슴아파트2단지","127.0605903005","37.6321060914","일반차로"
"11327","110000226","월계사슴아파트3단지","127.0604079103","37.6319573995","일반차로"
"11328","110000227","월계역1번출구","127.0592762067","37.6339280991","일반차로"
"11329","110000228","월계역1번출구","127.0590505789","37.6337353806","일반차로"
"11330","110000229","대우아파트","127.0523147751","37.6338935455","일반차로"
"11331","110000230","월계119안전센터","127.057331","37.628492","일반차로"
"11332","110000231","신도브래뉴.한전노원변전소","127.0591991542","37.6281868034","일반차로"
"11333","110000232","광운중.광운인공지능고등학교","127.0563054062","37.6189553524","일반차로"
"11334","110000233","광운중.광운인공지능고등학교","127.0565299947","37.6189484896","일반차로"
"11335","110000234","광운대학교","127.0581457879","37.6198429291","일반차로"
"11336","110000235","월계삼거리","127.0596195164","37.6226139883","일반차로"
"11337","110000236","롯데캐슬루나아파트","127.0515079764","37.6252058932","일반차로"
"11338","110000237","인덕대학교정문입구","127.0575128243","37.629037896","가로변시간"
"11339","110000238","월계보건지소","127.0616208868","37.6319764625","가로변시간"
"11340","110000239","월계보건지소","127.0617141548","37.631739905","가로변시간"
"11341","110000240","교육촌.벼루말","127.0527149439","37.621968564","일반차로"
"11343","110000242","장석교회","127.050612394","37.624206185","일반차로"
"11344","110000243","쌍용스윗닷홈아파트","127.0450262042","37.6306057989","일반차로"
"11345","110000244","월계119안전센터","127.057223","37.628621","일반차로"
"11346","110000245","신도브래뉴.한전노원변전소","127.0588028306","37.6284009858","일반차로"
"11347","110000246","상명고등학교.성원아파트","127.0691542558","37.6499131394","일반차로"
"11348","110000247","중계1동주민센터","127.0769381389","37.6517260526","일반차로"
"11349","110000248","은행사거리","127.0764225838","37.6488502006","일반차로"
"11350","110000249","양지근린공원","127.0763720835","37.6467214594","일반차로"
"11351","110000250","서라벌고등학교","127.0750013294","37.6448411567","일반차로"
"11352","110000251","불암중학교","127.0742897898","37.6465290775","일반차로"
"11353","110000252","불암중학교","127.0741270461","37.6465375422","일반차로"
"11354","110000253","중계주공10단지.중계건영3차아파트","127.0736280814","37.6477075282","일반차로"
"11355","110000254","롯데우성아파트","127.0738318466","37.647506932","일반차로"
"11356","110000255","중계구민체육센터","127.0712087432","37.6476008953","일반차로"
"11357","110000256","중계구민체육센터","127.0712792746","37.6477683703","일반차로"
"11359","110000258","을지중학교","127.0718008004","37.6505399939","일반차로"
"11360","110000259","을지중학교","127.0709042219","37.6502087203","일반차로"
"11361","110000260","청암중.고등학교","127.0739504972","37.6528902309","일반차로"
"11364","110000263","중계주공5단지514동","127.0749325352","37.6508108548","일반차로"
"11365","110000264","원광초등학교","127.076600728","37.6544907121","일반차로"
"11366","110000265","중계역","127.0643729214","37.6440707149","가로변시간"
"11367","110000266","노원구민의전당","127.0664180981","37.6393911575","가로변전일"
"11368","110000267","건영옴니백화점","127.0641135366","37.6389014586","일반차로"
"11369","110000268","브라운스톤중계.우리은행앞","127.0640918612","37.6394555843","일반차로"
"11370","110000269","서울아이티고등학교","127.0624369874","37.6426301809","일반차로"
"11371","110000270","서울아이티고등학교","127.063103394","37.6416979423","일반차로"
"11372","110000271","어린이교통공원","127.0628698469","37.6453576799","일반차로"
"11373","110000272","중계역","127.0650888491","37.6432188922","가로변전일"
"11374","110000273","서울시립북서울미술관","127.0667400159","37.6397469276","가로변시간"
"11375","110000274","중계건영2차아파트","127.0652453816","37.6460992901","일반차로"
"11376","110000275","중계역2번출구","127.0649391251","37.6456175479","일반차로"
"11377","110000276","상명초등학교","127.0677841912","37.6478506148","일반차로"
"11378","110000277","중계3단지목련아파트","127.0679665353","37.6475000013","일반차로"
"11379","110000278","상명고등학교","127.0690664892","37.6494835403","일반차로"
"11380","110000279","목련아파트상가","127.0698765896","37.6468582175","일반차로"
"11381","110000280","중계목화아파트4단지","127.0714066755","37.6435314138","일반차로"
"11382","110000281","용동초등학교","127.069131057","37.6421162703","일반차로"
"11383","110000282","용동초등학교","127.0690118488","37.6418721472","일반차로"
"11384","110000283","2001아울렛중계점","127.067663219","37.6416882067","일반차로"
"11385","110000284","서울시립북서울미술관후문","127.066846218","37.6413078231","일반차로"
"11386","110000285","홈플러스중계점","127.0686266493","37.6407225926","일반차로"
"11387","110000286","노원평생학습관","127.0689347229","37.6393428578","일반차로"
"11388","110000287","대진여자고등학교","127.0671607204","37.6445489348","일반차로"
"11389","110000288","청계초등학교","127.0669303287","37.6445081062","일반차로"
"11390","110000289","중계역1번출구","127.0637572701","37.6462649447","가로변시간"
"11391","110000290","상계역5번출구","127.0739702355","37.6613639532","일반차로"
"11392","110000291","상계역3번출구","127.073033","37.6593","일반차로"
"11393","110000292","상계역3번출구","127.0732121987","37.659431118","일반차로"
"11394","110000293","중계주공3단지","127.0770171958","37.6569539508","일반차로"
"11395","110000294","중계주공2단지","127.0778332524","37.6570502707","일반차로"
"11396","110000295","중계주공4단지","127.07801","37.655012","일반차로"
"11397","110000296","중계주공4단지","127.0783571637","37.6541374992","일반차로"
"11398","110000297","중계1동주민센터","127.0775628848","37.651867022","일반차로"
"11399","110000298","신한은행중계동지점","127.0774015203","37.6505432096","일반차로"
"11400","110000299","기업은행중계동WM센터","127.0776283567","37.6507367718","일반차로"
"11401","110000696","공릉신도2차아파트","127.0715005195","37.6254122748","일반차로"
"11402","110000301","노원문화예술회관.불암초등학교","127.0801602952","37.6506776631","일반차로"
"11403","110000302","노원문화예술회관.불암초등학교","127.0809177871","37.6500481925","일반차로"
"11404","110000303","영신여자고등학교입구","127.081117547","37.6498199266","일반차로"
"11405","110000304","불암고등학교","127.0805749976","37.6485021744","일반차로"
"11406","110000305","중계본동주민센터","127.0806838117","37.6474739679","일반차로"
"11407","110000306","노원우체국","127.0817180202","37.6460324291","일반차로"
"11408","110000307","노원우체국","127.0819108069","37.6461584467","일반차로"
"11409","110000308","중계본동종점","127.083058","37.644643","일반차로"
"11410","110000309","중계주공7단지","127.079788","37.647938","일반차로"
"11411","110000310","중계주공6단지상가","127.0794424677","37.6481262911","일반차로"
"11412","110000311","대림벽산아파트","127.077428","37.647837","일반차로"
"11413","110000312","중계주공6단지","127.0775774413","37.6480879151","일반차로"
"11414","110000313","은행사거리","127.076882","37.649797","일반차로"
"11415","110000314","대림벽산아파트","127.0767460489","37.646757256","일반차로"
"11416","110000315","하계역","127.0677830754","37.6373880054","가로변시간"
"11417","110000316","하계미성아파트","127.0688261293","37.6350943944","가로변전일"
"11418","110000317","서울과학기술대앞","127.0760825727","37.6305565211","일반차로"
"11419","110000318","중계주공9단지후문","127.0766005742","37.6430227729","일반차로"
"11420","110000319","중계주공9단지후문","127.0762238387","37.6430297743","일반차로"
"11421","110000320","시립과학관.삼익선경아파트후문","127.0763594384","37.6399032712","일반차로"
"11422","110000321","시립과학관.한신동성아파트","127.0760934791","37.640196263","일반차로"
"11423","110000322","삼익선경아파트","127.0775270502","37.6381084499","일반차로"
"11424","110000323","대진고등학교.하계우방아파트","127.0773942359","37.6378760581","일반차로"
"11425","110000324","하계역3번출구.을지병원","127.0694328255","37.6365847976","가로변시간"
"11426","110000325","하계역2번출구","127.0694876352","37.6368537465","가로변시간"
"11428","110000327","한성여객종점","127.070056","37.63813","일반차로"
"11429","110000328","한성여객종점","127.070816008","37.6372710586","일반차로"
"11431","110000687","북부여성발전센터앞","127.062362481","37.6432608103","일반차로"
"11432","110000685","그린아파트101동앞","127.0619180071","37.6443053969","일반차로"
"11433","110000695","대진고등학교","127.0736490566","37.6379362241","일반차로"
"11434","110000333","골마을근린공원","127.0742334891","37.6383459245","일반차로"
"11435","110000334","서울온천","127.0743080173","37.6393648263","일반차로"
"11436","110000335","하계1동주민센터","127.0728303267","37.6404263202","일반차로"
"11437","110000336","노원경찰서.혜성여고","127.0725259962","37.6420899031","일반차로"
"11438","110000337","노원경찰서","127.072129677","37.6420164888","일반차로"
"11439","110000338","동천학교","127.0742363652","37.6440829404","일반차로"
"11440","110000339","동천학교","127.0737689624","37.6440742238","일반차로"
"11441","110000340","서라벌고등학교","127.0747386856","37.6450151415","일반차로"
"11442","110000341","하계현대아파트","127.0711485363","37.6449579802","일반차로"
"11443","110000342","홈플러스중계점","127.0689922571","37.6404665818","일반차로"
"11444","110000343","하계한신청구아파트","127.0689460415","37.6391915536","일반차로"
"11445","110000344","경기기계공업고등학교","127.0740537568","37.6309290578","일반차로"
"11446","110000345","한천중학교","127.0734430848","37.6309420546","일반차로"
"11447","110000346","하계역","127.067615433","37.6368047138","가로변시간"
"11448","110000347","하계장미아파트상가","127.0688040917","37.634078815","가로변전일"
"11449","110000348","하계2동주민센터","127.0681378605","37.6319841413","일반차로"
"11450","110000349","하계2동주민센터","127.0681178395","37.6317701688","일반차로"
"11451","110000350","중평초등학교","127.0653719794","37.6365987516","일반차로"
"11452","110000351","하계극동아파트","127.064587841","37.6338331586","가로변시간"
"11453","110000352","하계시영아파트","127.0654518866","37.6340534239","가로변시간"
"11454","110000353","하계우성아파트","127.0666509253","37.6351406925","가로변시간"
"11455","110000354","하계장미아파트","127.0669625244","37.6349277927","가로변전일"
"11456","110000355","중평초등학교","127.0650012481","37.6369593504","일반차로"
"11457","110000356","석계역1번출구","127.064773","37.615298","일반차로"
"11458","110000357","중계1동신안아파트","127.0722915838","37.6512469657","일반차로"
"11459","110000689","하계5단지아파트","127.0663248698","37.633941468","일반차로"
"11460","110000686","그린아파트101동앞","127.0616415379","37.644343387","일반차로"
"11461","110000684","북부여성발전센터앞","127.0621743013","37.643175307","일반차로"
"11462","110000361","당현초등학교","127.0589261989","37.6483442236","일반차로"
"11463","110000362","상계주공2단지상가","127.0570694279","37.6504106403","일반차로"
"11464","110000363","월계미성아파트","127.0691617763","37.6214670481","일반차로"
"11465","110000364","벼루말교","127.055220831","37.6198488394","일반차로"
"11466","110000365","청구빌라.연촌초등학교","127.0714772101","37.6350950706","일반차로"
"11467","110000366","청구빌라.연촌초등학교","127.071537","37.63528","일반차로"
"11468","110000367","벼루말교","127.0552252263","37.6196650162","일반차로"
"11469","110000368","하계1치안센터","127.0724127941","37.6331123322","일반차로"
"11470","110000369","하계1치안센터","127.0722633137","37.6329494935","일반차로"
"11474","110000373","월계중학교","127.0511179201","37.6300545578","일반차로"
"11475","110000374","염광중학교후문","127.0510739268","37.6303366157","일반차로"
"11476","110000375","월계1동경로당","127.0640318343","37.6170537289","일반차로"
"11477","110000376","월계역신도브래뉴아파트앞","127.0590758831","37.6298807194","일반차로"
"11478","110000377","구묵동교","127.0786053295","37.6183307692","일반차로"
"11481","110000379","석계역1번출구.B","127.065202","37.614924","일반차로"
"11482","110000380","삼화상운차고지","127.0529460051","37.6260862831","일반차로"
"11485","110000383","월계동진아교통","127.064418","37.627735","일반차로"
"11486","110000384","월계동진아교통","127.06447","37.627618","일반차로"
"11487","110000385","중계본동종점","127.082796","37.644617","일반차로"
"11489","110000387","한성여객종점","127.0706354793","37.6375349947","일반차로"
"11491","110000389","흥안운수상계4동종점","127.0822757357","37.6708342206","일반차로"
"11493","110000391","삼화상운","127.05038","37.627217","일반차로"
"11499","110000396","유원.극동아파트","127.0461279839","37.6296015672","일반차로"
"11500","110000397","유원.극동아파트","127.0462390596","37.6296727092","일반차로"
"11501","110000398","월계미륭아파트","127.0680456484","37.6240374947","일반차로"
"11502","110000399","7단지영업소","127.0637357104","37.6602778615","일반차로"
"11503","110000640","수락리버시티3.4단지","127.0526873942","37.6872109624","일반차로"
"11504","110000694","7단지영업소","127.0641070552","37.6596419854","일반차로"
"11505","110000653","경춘선숲길방문자센터","127.0703978385","37.6318318995","일반차로"
"11506","110000656","월계주공1단지아파트앞","127.05156","37.62626","일반차로"
"11507","110000676","불암산스포츠타운","127.0828056335","37.6390159235","일반차로"
"11509","110000675","불암산스포츠타운","127.0824367108","37.6386873571","일반차로"
"11511","110900001","수락현대아파트","127.0602823906","37.6746356354","마을버스"
"11512","110900002","서울특별시기술교육원북부캠퍼스","127.0571172663","37.6421605433","마을버스"
"11513","110900003","상계8동주민센터","127.051942026","37.6669730538","마을버스"
"11514","110900004","온곡초등학교","127.0664537758","37.6667154619","마을버스"
"11515","110900005","상계역1번출구","127.0736491547","37.660644234","마을버스"
"11516","110900006","수락산디자인거리","127.0578760501","37.6749732449","마을버스"
"11518","110900007","상계주공11단지","127.055119735","37.667017757","마을버스"
"11519","110900121","보람아파트앞","127.0661699718","37.6649666306","마을버스"
"11521","110900008","노원센트럴푸르지오아파트상가","127.075112","37.66394","마을버스"
"11522","110900113","7호선수락산역","127.0558589832","37.6758346525","마을버스"
"11524","110900009","마들역8번출구","127.057202","37.666379","마을버스"
"11527","110900010","오뚜기슈퍼","127.0727573729","37.664375249","마을버스"
"11530","110900136","상계주공9단지","127.0593675238","37.6646710926","마을버스"
"11532","110900011","대동아파트","127.0722416267","37.6201359781","마을버스"
"11534","110900012","또또슈퍼","127.0716043605","37.6653067674","마을버스"
"11535","110900013","상계주공14단지","127.0578625428","37.6709217102","마을버스"
"11537","110900014","청원고등학교","127.0611130008","37.6645170181","마을버스"
"11538","110900015","수락산역5번출구","127.0552228287","37.6778216107","마을버스"
"11539","110900016","대동택시","127.0708375154","37.6658821177","마을버스"
"11540","110900017","14단지상가","127.0595053381","37.6697567019","마을버스"
"11542","110900019","상곡초등학교.상계주공9단지","127.0616937591","37.6622649228","마을버스"
"11545","110900020","상계금호어울림아파트입구","127.0695323546","37.666592042","마을버스"
"11546","110900087","상원초등학교","127.0603076176","37.6681065609","마을버스"
"11549","110900086","주유소앞","127.0658941981","37.655617199","마을버스"
"11550","110900085","건민약국앞","127.0719758027","37.6250138329","마을버스"
"11551","110900115","노일중학교","127.0546941742","37.6725397529","마을버스"
"11552","110900084","한신1차아파트후문","127.0692075262","37.6659065133","마을버스"
"11553","110900131","청원고등학교후문","127.0616682026","37.6669955926","마을버스"
"11554","110900083","벽산상가","127.0655683222","37.6355998817","마을버스"
"11558","110900082","상계1차현대아파트","127.0528006763","37.6720621442","마을버스"
"11559","110900081","상계한신1차아파트상가","127.0689224185","37.6652660143","마을버스"
"11560","110900080","상계주공13단지","127.063432919","37.6667468606","마을버스"
"11562","110900118","노원역10번출구","127.0644341674","37.6566407298","마을버스"
"11566","110900078","한신1차아파트정문","127.068237921","37.665426804","마을버스"
"11567","110900077","보람아파트정문","127.0644308067","37.6645548999","마을버스"
"11571","110900120","한신3차아파트","127.067273","37.665476","마을버스"
"11576","110900075","상계주공15단지.16단지","127.0536169926","37.6706380752","마을버스"
"11577","110900074","보람사거리","127.0670671762","37.6643687096","마을버스"
"11583","110900108","청솔7단지아파트","127.0722281429","37.6317303507","마을버스"
"11587","110900070","대림아파트105동앞","127.0737280558","37.6628687433","마을버스"
"11590","110900128","상계6동우체국","127.0588725833","37.6536989107","마을버스"
"11594","110900067","석계역","127.0644586182","37.615421632","마을버스"
"11595","110900119","노원역2번출구","127.0631567004","37.6562751871","마을버스"
"11596","110900130","노원역5번출구","127.0616021898","37.6543273712","마을버스"
"11597","110900066","중현초등학교","127.0669924831","37.6329598124","마을버스"
"11599","110900091","월계472교","127.059951","37.61641","마을버스"
"11601","110900065","KT플라자노원점","127.0636626522","37.654889655","마을버스"
"11602","110900149","중계센트럴파크아파트","127.0596902572","37.6437893671","마을버스"
"11603","110900150","장석교회","127.0509399385","37.6242668613","마을버스"
"11604","107900332","교육촌.벼루말","127.0526752265","37.6218672206","마을버스"
"11605","107900333","꿈의숲SK뷰아파트","127.0536514986","37.6208711896","마을버스"
"11607","107900337","석계역문화공원","127.0643656736","37.6148875788","마을버스"
"11609","107900334","꿈의숲SK뷰아파트","127.0537704394","37.6208778929","마을버스"
"11634","110900063","하계장미아파트정문","127.0664870208","37.6340828467","마을버스"
"11664","110000655","불암산역","127.0784855626","37.6692446012","일반차로"
"11675","110900062","동신아파트","127.0609644558","37.6173040527","마을버스"
"11680","110900061","순복음교회","127.0659777956","37.6553098844","마을버스"
"11689","110000670","수락산역","127.0552859878","37.680258992","가로변시간"
"11723","110900111","하계역","127.0683618531","37.6353446877","마을버스"
"11781","110900060","지에스마트","127.0659762338","37.6637908331","마을버스"
"11784","110900059","보람아파트상가","127.0651801458","37.6646590132","마을버스"
"11793","110900058","삼창아파트","127.0596522656","37.618195896","마을버스"
"11796","110900057","포레나노원","127.0616933878","37.6631858244","마을버스"
"11801","110000587","청솔7단지앞","127.0723073234","37.6315960409","일반차로"
"11803","110000589","경춘선숲길방문자센터","127.0704050243","37.6316152129","일반차로"
"11804","110900056","메디아이산부인과","127.0669716859","37.6564915397","마을버스"
"11818","110900132","보람1차후문","127.065699307","37.6621032692","마을버스"
"11819","110900054","상계주공13단지","127.0638597271","37.6666698801","마을버스"
"11827","110000668","노일초교","127.0559095992","37.6727734628","일반차로"
"11828","110000667","노일초교앞","127.0552549636","37.6735874431","일반차로"
"11831","110000665","노원역","127.0609915402","37.6518335013","가로변시간"
"11832","110000671","노원역","127.0612202549","37.6529525233","가로변전일"
"11833","110000669","중계역","127.0627647339","37.6472686025","가로변시간"
"11834","110000663","중계역","127.0628447488","37.6480849384","가로변시간"
"11835","110000661","하계역","127.068859365","37.6350402373","가로변시간"
"11836","110000662","하계역","127.0683473286","37.6351558735","가로변시간"
"11842","110900053","선곡경로당","127.0586613199","37.61708085","마을버스"
"11843","110900145","청백아파트4단지","127.0523483204","37.6322084397","마을버스"
"11844","110900148","청백아파트4단지","127.0525501962","37.6325284238","마을버스"
"11845","110900146","월계주공2단지앞","127.0546628905","37.6292003493","마을버스"
"11846","110900147","인덕대후문","127.0547791118","37.6293422007","마을버스"
"11847","110900052","청원고등학교","127.0613182514","37.6646214365","마을버스"
"11848","110900144","청백아파트종점","127.0524831681","37.6355589675","마을버스"
"11859","110000660","롯데캐슬루나아파트","127.0515462538","37.6252290714","일반차로"
"11860","110000658","인덕대학교","127.0554494371","37.6286964721","일반차로"
"11861","110000657","인덕대학교","127.0551905495","37.6279225632","가로변전일"
"11862","110000659","롯데캐슬루나아파트","127.051303919","37.6253859655","일반차로"
"11863","110000666","수락터미널","127.0536285639","37.678761784","일반차로"
"11866","110900153","상계2동주민센터","127.0682709722","37.6580461346","마을버스"
"11867","110900049","온곡중학교","127.0653475903","37.6604211521","마을버스"
"11868","110900133","청원고등학교후문","127.061973194","37.6670774308","마을버스"
"11869","110900090","월계472교","127.0607955382","37.6157506698","마을버스"
"11874","110900047","석계역","127.0639696032","37.6152947954","마을버스"
"11875","110900046","마들역6번출구","127.0568606257","37.6644779771","마을버스"
"11879","110900116","수락리버시티3.4단지","127.0528498554","37.687056013","마을버스"
"11880","110900045","14단지상가","127.0596913435","37.6698782533","마을버스"
"11881","110900044","월계1동경로당.농협","127.0643090243","37.6166561998","마을버스"
"11882","110900043","동일초등학교","127.0557933772","37.6644124259","마을버스"
"11884","110900042","월계1동주민센터","127.0635603154","37.6193859905","마을버스"
"11885","110900041","주공11단지.노원성당","127.0534873722","37.6644946663","마을버스"
"11886","110900040","건민약국앞","127.071869529","37.6252418718","마을버스"
"11887","110900039","상계청소년문화의집.상계주공14단지","127.0566788642","37.6706636759","마을버스"
"11888","110900038","광운대역","127.0613442435","37.6231879357","마을버스"
"11890","110900037","대아아파트","127.0711682681","37.6229882552","마을버스"
"11893","110900036","대주아파트","127.0716879666","37.6215621284","마을버스"
"11894","110900035","7호선수락산역","127.0560307331","37.6755694441","마을버스"
"11897","110900097","대동아파트","127.0721221193","37.6196579989","마을버스"
"11898","110900033","성원아파트","127.0655775882","37.6603174005","마을버스"
"11899","110900032","수락산디자인거리","127.0576989633","37.6748739104","마을버스"
"11901","110900095","공릉1동삼익아파트","127.0725315452","37.6183293199","마을버스"
"11902","110900135","보람1차후문","127.0659577499","37.6621166411","마을버스"
"11903","110900031","수락현대아파트","127.059571351","37.6743422459","마을버스"
"11904","110900030","하계실버센터","127.0648936512","37.6337428922","마을버스"
"11906","110900029","지에스마트","127.0661459181","37.6634077801","마을버스"
"11907","110900028","벽산상가","127.0658820328","37.6354312046","마을버스"
"11910","110900027","현대우성아파트","127.0651882488","37.6370290736","마을버스"
"11915","110900025","미도아파트앞","127.060864533","37.6447970339","마을버스"
"11916","110900024","상계현대3차아파트","127.053742889","37.6707308288","마을버스"
"11927","110900023","원자력병원입구","127.0775985987","37.6273693051","마을버스"
"11928","110900022","상원초등학교","127.0605993817","37.6679870315","마을버스"
"11929","110900021","상원중학교","127.0579499838","37.671119003","마을버스"
"11931","110000679","노원역8번출구","127.0592603529","37.6553199153","일반차로"
"11938","110900143","중계그린아파트","127.0641790384","37.6407016676","마을버스"
"11939","110900142","브라운스톤중계","127.0640734649","37.640479158","마을버스"
"11988","110000701","노원센트럴푸르지오아파트앞","127.0754905183","37.6653893564","일반차로"
"11989","110000702","노원롯데캐슬시그니처아파트앞","127.0757607508","37.665390418","일반차로"
"11990","110000650","불암산역","127.079711295","37.6706170199","일반차로"
"11992","110000648","동막골유원지","127.0866348621","37.6751003976","일반차로"
"11994","110000646","상계3.4동주민센터","127.0831808706","37.6723158562","일반차로"
"11995","110000645","상계3.4동주민센터","127.0834249516","37.6730037112","일반차로"
"11996","110000644","상계4동","127.0844987818","37.6738791873","일반차로"
"11997","110000643","동막골유원지","127.0864366179","37.6752275947","일반차로"
"12001","111000001","덕은교.은평차고지앞","126.884114477","37.5895977455","중앙차로"
"12002","111000002","덕은교.은평차고지앞","126.8847866387","37.5891649798","중앙차로"
"12003","111000003","수색교","126.8886727095","37.5857595064","중앙차로"
"12004","111000004","수색교","126.8901789227","37.5846958272","중앙차로"
"12005","111000005","수색역앞","126.8932380184","37.5832230348","중앙차로"
"12006","111000006","수색역앞","126.894103","37.583047","중앙차로"
"12007","111000007","디지털미디어시티역","126.900505","37.579047","중앙차로"
"12008","111000008","디지털미디어시티역","126.9013445361","37.5786172251","중앙차로"
"12009","111000009","은평뉴타운10단지","126.915165","37.642948","중앙차로"
"12010","111000010","은평뉴타운10단지","126.9138270919","37.6435943143","중앙차로"
"12011","111000011","구파발역입구","126.917023","37.636164","중앙차로"
"12012","111000012","구파발역입구","126.916837","37.637116","중앙차로"
"12013","111000013","박석고개.신도고등학교","126.919374","37.629919","중앙차로"
"12014","111000014","박석고개.신도고등학교","126.919017","37.631088","중앙차로"
"12015","111000926","세명컴퓨터고등학교","126.9199734902","37.6242147932","중앙차로"
"12016","111000925","세명컴퓨터고등학교","126.9199961366","37.6252825924","중앙차로"
"12017","111000928","연신내역.연서시장","126.9218398322","37.6183598996","중앙차로"
"12018","111000927","연신내역.연서시장","126.9209337015","37.6193225551","중앙차로"
"12019","111000930","동명여고.천주교불광동성당","126.9250897142","37.6156068499","중앙차로"
"12020","111000929","동명여고.천주교불광동성당","126.9240159589","37.6161715335","중앙차로"
"12021","111000932","불광역3.6호선","126.9287979055","37.6119112959","중앙차로"
"12022","111000931","불광역3.6호선","126.9281552459","37.6124473901","중앙차로"
"12023","111000934","불광역3호선.서울혁신파크","126.9316257787","37.6086506795","중앙차로"
"12024","111000933","불광역3호선.서울혁신파크","126.9310647897","37.6090648082","중앙차로"
"12025","111000936","한전서대문은평.북한산푸르지오","126.934329604","37.6055573158","중앙차로"
"12026","111000935","한전서대문은평.북한산푸르지오","126.9338053516","37.6060931118","중앙차로"
"12027","111000938","녹번역","126.935322042","37.6018619707","중앙차로"
"12028","111000937","녹번역","126.9350485981","37.6024349118","중앙차로"
"12101","111001134","신사1동주민센터","126.911347","37.598063","일반차로"
"12103","111000017","불광역1번출구","126.9304602536","37.6100879267","가로변전일"
"12104","111000018","불광역3.6호선","126.9283885506","37.6124835753","가로변시간"
"12106","111000020","연신내역","126.9221617234","37.6181925106","가로변시간"
"12107","111000021","선일하이츠빌라","126.919942637","37.6227910995","가로변전일"
"12109","111000023","세명컴퓨터고등학교","126.9202811322","37.6257486454","가로변시간"
"12111","111000025","구파발역2번출구","126.9189889746","37.6367680033","일반차로"
"12112","111001116","구파발역.롯데몰","126.918577","37.637248","일반차로"
"12113","111001117","구파발역.롯데몰","126.9185307406","37.6372464535","일반차로"
"12117","111000029","박석고개","126.9198715831","37.6262373755","가로변시간"
"12118","111000030","신한은행갈현지점","126.9196883967","37.6238469574","가로변시간"
"12119","111000031","연신내역","126.9225592814","37.617346376","가로변전일"
"12120","111000032","동명여고","126.9240648193","37.6159770824","가로변시간"
"12121","111000033","불광역3.6호선","126.9278448811","37.6126668394","가로변전일"
"12122","111000034","불광역4번출구","126.9303364827","37.6097581422","가로변전일"
"12125","111000037","녹번역","126.932868","37.601221","가로변전일"
"12126","111000038","은평구청","126.930407158","37.6014275543","가로변시간"
"12127","111000039","응암지구대","126.925956","37.601346","일반차로"
"12128","111000040","본서부병원","126.9237965161","37.6008996231","일반차로"
"12129","111000041","신진과학기술고교.이마트은평점","126.918510745","37.5998598128","일반차로"
"12130","111000042","응암역.신사오거리","126.9148666663","37.5990352266","일반차로"
"12131","111000043","응암역.신사오거리","126.9149894161","37.5987592495","일반차로"
"12132","111000044","신진과학기술고교.이마트은평점","126.9186295811","37.5995376513","일반차로"
"12133","111000045","본서부병원","126.9235787889","37.6005501772","일반차로"
"12134","111000046","응암지구대","126.9266529623","37.6012216354","일반차로"
"12135","111000047","은평구청","126.9303925947","37.6011965196","가로변전일"
"12136","111001138","은평마을예술창작소","126.909611","37.614877","일반차로"
"12137","111000049","녹번초등학교","126.92615785","37.6028391102","일반차로"
"12138","111000050","역촌역.역촌오거리","126.9224758463","37.606957085","일반차로"
"12139","111000051","삼성타운","126.9209709958","37.6087032927","일반차로"
"12140","111000052","구산역1번출구.예일여고","126.918180036","37.6108522823","일반차로"
"12141","111000053","구산동청년주택.디지털동행플라자","126.9147150471","37.612815754","일반차로"
"12142","111000054","구산사거리","126.912487","37.613613","일반차로"
"12143","111000055","선진운수종점","126.9104574621","37.6143442807","일반차로"
"12144","111000056","선정중고등학교","126.9083885964","37.6158315758","일반차로"
"12145","111000057","서울경찰청86.87기동대.우남아파트","126.906434","37.618049","일반차로"
"12146","111000058","서울경찰청86.87기동대.우남아파트","126.9058308185","37.6185284274","일반차로"
"12147","111000059","선정중고등학교","126.9080800916","37.6157164599","일반차로"
"12148","111000060","선진운수종점","126.910860076","37.6138985962","일반차로"
"12149","111000061","구산사거리","126.9125387021","37.6132406179","일반차로"
"12150","111000062","구산동청년주택.디지털동행플라자","126.9146767259","37.6125210285","일반차로"
"12151","111000063","구산역2번출구.예일여고","126.9177586143","37.6107737973","일반차로"
"12152","111000064","하나은행역촌동지점","126.9200382135","37.6092676452","일반차로"
"12153","111000065","역촌역.역촌오거리","126.9224014904","37.6065740745","일반차로"
"12154","111000066","녹번초등학교","126.9250309695","37.603666166","일반차로"
"12155","111000067","응암초등학교","126.9211239608","37.5870793679","일반차로"
"12156","111000068","은평문화예술정보학교","126.9189004955","37.5888974078","일반차로"
"12157","111000069","응암오거리","126.9165521769","37.5907361763","일반차로"
"12158","111000070","신사초등학교","126.9135451755","37.5931399182","일반차로"
"12159","111000071","신사동고개사거리","126.9098622734","37.5960379684","일반차로"
"12160","111000072","신사동고개사거리","126.9099682771","37.5956071263","일반차로"
"12161","111000073","신사초등학교","126.9128484808","37.5933583703","일반차로"
"12162","111000074","응암오거리","126.916146787","37.5907322847","일반차로"
"12163","111000075","은평문화예술정보학교","126.9186175094","37.5888296386","일반차로"
"12164","111000076","응암초등학교","126.9203088175","37.5874770514","일반차로"
"12165","111000077","대림시장","126.9165435736","37.5878268986","일반차로"
"12166","111000078","대림시장","126.9170368506","37.5886847389","일반차로"
"12167","111000079","응암역.신사오거리","126.9152247795","37.5979358249","일반차로"
"12168","111000080","신흥시장","126.9145640351","37.5954014899","일반차로"
"12169","111000081","새절역","126.9133950466","37.5906960085","일반차로"
"12170","111000082","와산교","126.9126985944","37.587889553","일반차로"
"12172","111000084","증산종합시장.증산중학교입구","126.9061474532","37.5808308281","일반차로"
"12173","111000085","증산종합시장.증산중학교입구","126.9063881275","37.5805912987","일반차로"
"12174","111000086","증산역.증산동주민센터","126.909681456","37.5836809982","일반차로"
"12175","111000087","와산교","126.9130844852","37.5880943849","일반차로"
"12176","111000088","새절역.숭실고입구","126.9138927882","37.5916824313","일반차로"
"12177","111000089","신흥시장","126.9148958447","37.5954017296","일반차로"
"12178","111000090","응암역.신사오거리","126.9156062368","37.5981073049","일반차로"
"12179","111000091","역촌초등학교","126.9160546584","37.6021814396","일반차로"
"12180","111000092","역말사거리","126.9155586421","37.6061494708","일반차로"
"12181","111000093","구산역2번출구.예일여고","126.9169033629","37.6099512058","일반차로"
"12182","111000094","구산역1번출구","126.91753691","37.6116583062","일반차로"
"12183","111000095","대조동주민센터","126.9179363667","37.6140725919","일반차로"
"12184","111000096","연신내역.로데오거리","126.9199962033","37.6178207167","일반차로"
"12185","111000097","연서시장","126.9225910997","37.6192425563","일반차로"
"12186","111000098","종로약국","126.9246380909","37.6203765441","일반차로"
"12187","111000099","불광지구대","126.9267891079","37.6217745784","일반차로"
"12188","111000100","북한산대창센시티아파트","126.9288094985","37.6248070601","일반차로"
"12189","111000101","은평경찰서","126.9294752418","37.6276323558","일반차로"
"12190","111000102","폭포동","126.931032","37.630715","일반차로"
"12192","111000104","신도중학교","126.9315290754","37.6333482679","일반차로"
"12195","111000107","은평노인종합복지관.신도중학교","126.931533","37.632495","일반차로"
"12197","111000109","폭포동.은평노인종합복지관","126.9310069167","37.6313826666","일반차로"
"12198","111000110","은평경찰서","126.9292714833","37.6281128817","일반차로"
"12199","111000111","연신초등학교","126.9287702008","37.6256234179","일반차로"
"12200","111000112","불광지구대","126.926505814","37.6218554999","일반차로"
"12201","111000113","새장골유래비","126.9243796594","37.6205196512","일반차로"
"12202","111000114","연서시장","126.9225340914","37.619596645","일반차로"
"12203","111000115","연신내역.로데오거리","126.9196550241","37.618013317","일반차로"
"12204","111000116","은평연세병원","126.9177313127","37.6147392532","일반차로"
"12205","111000117","구산역4번출구","126.9171879732","37.6118940018","일반차로"
"12206","111000118","구산역3번출구.예일여고","126.9167761276","37.6105039368","일반차로"
"12207","111000119","역말사거리","126.9151429014","37.6062104465","일반차로"
"12208","111000120","역촌초등학교","126.9155726294","37.6027929337","일반차로"
"12209","111000121","응암역2번출구","126.9158607077","37.6004214787","일반차로"
"12210","111000122","신사동고개삼거리","126.910253684","37.5984133304","일반차로"
"12211","111000123","서울기독대학교입구","126.9103848244","37.6014374785","일반차로"
"12212","111000124","시립서북병원세현교회앞","126.910658933","37.6061458636","일반차로"
"12213","111000125","구산중학교.구산교회","126.91102","37.608955","일반차로"
"12214","111000126","구산동주민센터","126.911363","37.61138","일반차로"
"12215","111000127","구산동주민센터","126.9112924774","37.6122095685","일반차로"
"12216","111000128","구산중학교.구산교회","126.9108335829","37.6088023972","일반차로"
"12217","111000129","시립서북병원세현교회앞","126.9104597465","37.6060168573","일반차로"
"12218","111000130","서울기독대학교입구","126.9102266857","37.6020320757","일반차로"
"12219","111000131","우남교통","126.9101252157","37.5997666658","일반차로"
"12220","111000132","신사동고개삼거리","126.9100665956","37.5986006142","일반차로"
"12221","111000133","갈현1동주민센터","126.9169240149","37.623967591","일반차로"
"12222","111000134","한일탕","126.918368","37.626073","일반차로"
"12223","111000135","한일탕","126.918707","37.626162","일반차로"
"12224","111000136","갈현1동주민센터","126.9170449022","37.6232468092","일반차로"
"12225","111001121","불광롯데캐슬아파트","126.9320721326","37.6130745033","일반차로"
"12227","111000138","진관초교입구","126.9258465241","37.6469051663","일반차로"
"12229","111000150","푸르지오625동앞.관음사입구","126.9286737884","37.6489838336","일반차로"
"12230","111000141","삼천리골입구56사단북한산부대","126.9351054314","37.6504258786","일반차로"
"12231","111000142","백화사","126.9389594548","37.653550933","일반차로"
"12232","111000143","흥국사","126.9420101744","37.656762115","일반차로"
"12233","111000144","북한산성입구교차로","126.9453651665","37.6580874009","일반차로"
"12234","111000145","북한산성입구교차로","126.9453412916","37.6581874095","일반차로"
"12235","111000146","흥국사","126.9421886946","37.6572667556","일반차로"
"12236","111000147","백화사","126.9390034965","37.6537446878","일반차로"
"12237","111000148","삼천리골입구56사단북한산부대","126.9333102284","37.6500812402","일반차로"
"12238","111000149","진관초교관음사입구","126.926868987","37.6477735446","일반차로"
"12239","111000140","푸르지오618동앞.관음사입구","126.9292312003","37.6496846837","일반차로"
"12240","111000151","진관중고교약수사입구","126.9233824457","37.6456049544","일반차로"
"12241","111001132","응암2동주민센터","126.9236015835","37.5959245549","일반차로"
"12242","111001131","응암2동주민센터","126.9230828294","37.5956531408","일반차로"
"12243","111000153","이마트은평점","126.918585473","37.6000492124","일반차로"
"12244","111000154","서부경찰서","126.920594101","37.6013637746","일반차로"
"12245","111000155","해주드림빌APT","126.9220664791","37.604167052","일반차로"
"12246","111000156","역촌역.역촌오거리","126.923243231","37.6068015906","일반차로"
"12247","111000157","대조시장앞","126.9265165396","37.6086555139","일반차로"
"12248","111000158","양광교회앞","126.9282417636","37.6084619409","일반차로"
"12249","111000159","불광역.불광1동주민센터","126.9322904306","37.6090959943","일반차로"
"12250","111000160","독박골.북한산래미안APT앞","126.9397954573","37.610512964","일반차로"
"12251","111000161","구기터널입구","126.9449374785","37.6104100652","일반차로"
"12252","111000162","구기터널입구","126.9457747343","37.6107519472","일반차로"
"12253","111000163","독박골.북한산래미안APT","126.9396027141","37.6107435434","일반차로"
"12254","111000164","불광역.불광1동주민센터","126.9326083189","37.6095286975","일반차로"
"12255","111000165","양광교회","126.9289518591","37.6085452704","일반차로"
"12256","111000166","대조시장","126.9261611387","37.6087915452","일반차로"
"12257","111000167","역촌오거리","126.9239679445","37.6076554963","일반차로"
"12258","111000168","역촌역1번출구","126.9221735304","37.6052406679","일반차로"
"12259","111000169","서부경찰서","126.9205481069","37.6020192141","일반차로"
"12260","111000170","이마트은평점","126.9181379622","37.6002403634","일반차로"
"12261","111000171","응암1동주민센터","126.9267670248","37.6001514291","일반차로"
"12262","111000172","영락중학교입구","126.9243403259","37.5973360696","일반차로"
"12263","111000173","시립은평병원","126.9229692929","37.5932001174","일반차로"
"12264","111000174","백련산힐스테이트4차","126.9226750731","37.5900103713","일반차로"
"12265","111000175","충암고교앞.대주피오레아파트","126.9226529706","37.5868458253","일반차로"
"12266","111000176","충암고교앞.대주피오레아파트","126.9228521457","37.5869567896","일반차로"
"12267","111000177","백련산힐스테이트2차","126.9228701963","37.5903133577","일반차로"
"12268","111000178","시립은평병원","126.9231277275","37.5932858149","일반차로"
"12269","111000179","영락중학교입구","126.92416574","37.5969092616","일반차로"
"12270","111000180","응암1동주민센터","126.9270456288","37.600396483","일반차로"
"12271","111000181","한솔아파트입구.선정중학교후문","126.9137069892","37.6157960537","일반차로"
"12272","111000182","갈현동미미아파트","126.9151519292","37.6182029973","일반차로"
"12273","111000183","선일여고입구","126.9157125131","37.6193423695","일반차로"
"12274","111000184","갈현동성당앞","126.9165922246","37.6207946411","일반차로"
"12275","111000185","갈현동성당앞","126.9162269018","37.6205383043","일반차로"
"12276","111000186","선일여고입구","126.9155259034","37.6194003078","일반차로"
"12277","111000187","갈현동미미아파트","126.9149435132","37.6181857266","일반차로"
"12278","111000188","한솔아파트입구.선정중학교후문","126.9137542396","37.6160781278","일반차로"
"12279","111000189","불광역9번출구.불광초등학교","126.9305162707","37.6112854246","일반차로"
"12280","111000190","불광대호아파트","126.9324705005","37.6144800026","일반차로"
"12281","111000191","불광1동공동주차장앞","126.9329988956","37.6156974301","일반차로"
"12282","111000192","불광1치안센터.독바위역","126.9331412473","37.6173596033","일반차로"
"12283","111000193","수리초등학교입구","126.932556215","37.6192490925","일반차로"
"12284","111000194","북한산한양수자인.불광삼익아파트","126.931665598","37.6216806133","일반차로"
"12285","111000195","불광중학교","126.9309500937","37.6228723855","일반차로"
"12286","111000196","북한산대창센시티아파트","126.9299354838","37.6237282359","일반차로"
"12287","111000197","북한산대창센시티아파트","126.9296816036","37.6238488301","일반차로"
"12288","111000198","불광중학교","126.9310525109","37.6225007168","일반차로"
"12289","111000199","북한산한양수자인.불광삼익아파트","126.9316569055","37.6210460453","일반차로"
"12290","111000200","수리초등학교입구","126.9325110516","37.6190891413","일반차로"
"12291","111000201","불광1치안센터.독바위역","126.9330727682","37.6179384493","일반차로"
"12292","111000202","불광1동공동주차장앞","126.9327287763","37.6163007079","일반차로"
"12293","111000203","불광대호아파트","126.9319923595","37.6138828478","일반차로"
"12294","111000204","불광초등학교","126.9304574428","37.6115701913","일반차로"
"12295","111001122","신사동고개사거리","126.910343","37.595676","일반차로"
"12296","111001128","백련산SK뷰아이파크아파트","126.9191562245","37.5958464822","일반차로"
"12303","111000213","서부경찰서후문","126.9223367061","37.6024326383","일반차로"
"12304","111000214","신진과학기술고등학교","126.9203231697","37.5979105453","일반차로"
"12305","111000215","응암시장","126.9179795859","37.5943144974","일반차로"
"12307","111000217","서서울농협본점","126.918083","37.593496","일반차로"
"12308","111000218","신진과학기술고등학교","126.9206733351","37.5978224711","일반차로"
"12309","111000219","서부경찰서후문","126.922648","37.602673","일반차로"
"12310","111000220","디지털미디어시티역","126.900601","37.579265","일반차로"
"12311","111000221","수색역","126.8961946716","37.5818901726","일반차로"
"12314","111000224","덕은교.은평차고지앞","126.885614161","37.5885782748","일반차로"
"12315","111000225","덕은교.은평차고지앞","126.8834469451","37.589961128","일반차로"
"12316","111000226","수색교","126.888691653","37.5855616396","일반차로"
"12317","111000227","수색동주민센터.은평문화원","126.8924280896","37.583469198","일반차로"
"12318","111000228","수색역","126.8972983814","37.5807252119","일반차로"
"12319","111000229","디지털미디어시티역","126.9012938809","37.5782704462","일반차로"
"12320","111000230","수색초등학교.DMC아트포레자이","126.898899","37.584885","일반차로"
"12321","111000231","e편한세상수색에코포레","126.9002070161","37.585871126","일반차로"
"12322","111000232","은평터널앞","126.905834169","37.5916129815","일반차로"
"12323","111000233","e편한세상수색에코포레","126.9002689854","37.5861018572","일반차로"
"12324","111000234","수색초등학교.DMC아트포레자이","126.898375","37.58469","일반차로"
"12325","111001136","DMC파인시티자이","126.896608","37.583379","일반차로"
"12326","111001137","DMC파인시티자이","126.896455","37.583013","일반차로"
"12329","111000239","새마을금고앞","126.9118521827","37.5890004737","일반차로"
"12330","111000240","새마을금고앞","126.9123692391","37.5887219151","일반차로"
"12331","111000241","미성아파트앞","126.9101243601","37.5899609798","일반차로"
"12332","111000242","미성아파트앞","126.9101746617","37.5897240784","일반차로"
"12333","111000243","상신중학교앞","126.906102","37.590661","일반차로"
"12334","111000244","상신중학교앞","126.906163","37.590549","일반차로"
"12335","111000245","숭실고입구","126.906148","37.591691","일반차로"
"12336","111000246","현대아파트앞","126.9079429786","37.5937119295","일반차로"
"12337","111000247","현대아파트앞","126.9077166053","37.5936396734","일반차로"
"12338","111000248","신사사거리","126.9089727568","37.5956793509","일반차로"
"12339","111000249","신사사거리","126.9088141552","37.595726085","일반차로"
"12340","111000250","동명여고후문","126.9243200422","37.613396539","일반차로"
"12341","111000251","동명탕앞","126.922048761","37.6113775306","일반차로"
"12343","111000253","하나은행역촌동지점","126.9204238095","37.6083362023","일반차로"
"12345","111000255","충북슈퍼앞","126.9178343774","37.6059929743","일반차로"
"12347","111000257","역촌동주민센터","126.9148242474","37.6057279605","일반차로"
"12350","111000260","제각말5단지.은평뉴타운도서관","126.93551","37.638398","일반차로"
"12351","111000261","제각말5단지.은평뉴타운도서관","126.9344374778","37.636736149","일반차로"
"13550","112900089","포방시장","126.9483922502","37.5994652097","마을버스"
"12361","111000271","연신초등학교","126.9291886235","37.6258964052","일반차로"
"12364","111000274","증산역.증산동주민센터","126.9093224341","37.5837546123","일반차로"
"12365","111000275","연신초등학교.연신내성당","126.9290432643","37.6268716359","일반차로"
"12366","111000276","신사1동주민센터","126.9108258962","37.5981632618","일반차로"
"12367","111000277","시립서북병원","126.9103118348","37.6046894448","일반차로"
"12368","111000278","신사동고개","126.9099169775","37.5977669942","일반차로"
"12381","111000291","녹번역","126.9342261424","37.6008721092","가로변시간"
"12388","111000298","시립서북병원","126.910563","37.605176","일반차로"
"12390","111000299","구산동사거리","126.9122339199","37.6142712329","일반차로"
"12391","111000300","구산동사거리","126.9121200751","37.6143667731","일반차로"
"12393","111000302","역촌동성당","126.9121474028","37.6055600914","일반차로"
"12394","111000303","역촌동성당","126.9125361624","37.6057372754","일반차로"
"12406","111000312","호림아파트앞","126.9208187439","37.6091519314","일반차로"
"12409","111000315","은평권역공영차고지","126.8843758106","37.591461986","일반차로"
"12415","111000320","응암정보도서관","126.9198965286","37.5865712748","일반차로"
"12416","111000321","응암정보도서관","126.9201891291","37.5867495708","일반차로"
"12417","111000322","서울중앙교회앞","126.9181435403","37.5852370433","일반차로"
"12418","111000323","대림에코빌","126.918876351","37.5850429138","일반차로"
"12419","111000324","응암오거리","126.9159858454","37.5908592237","일반차로"
"12420","111000325","갈현노인복지센터","126.917214331","37.6247220019","일반차로"
"12421","111000326","녹번동대림.JR아파트앞","126.937210112","37.5992697862","가로변시간"
"12422","111000327","연서중학교입구","126.9122781788","37.5862294351","일반차로"
"12423","111000328","연서중학교입구","126.9117539841","37.5861713747","일반차로"
"12424","111000329","은덕교.금암문화공원","126.9174939449","37.645043752","일반차로"
"12425","111000330","은덕교.금암문화공원","126.9196866859","37.6448493012","일반차로"
"12426","111000331","진관중고교약수사입구","126.9229619673","37.6451606289","일반차로"
"12427","111000332","응암3동주민센터","126.9173132277","37.5911611009","일반차로"
"12429","111000334","롯데캐슬823동앞","126.9217560692","37.6420727334","일반차로"
"12430","111000335","진관중고교.약수사앞","126.92309","37.643408","일반차로"
"12431","111000918","아이파크701동앞","126.9280934321","37.6460451246","일반차로"
"12432","111000337","푸르지오621동앞","126.930478843","37.6484353114","일반차로"
"12433","111000338","진관초교앞","126.9293236181","37.6462300075","일반차로"
"12434","111000339","생태공원앞.구립상림도서관","126.9289701583","37.6440749929","일반차로"
"12435","111000340","진관중고교.약수사앞","126.9241288304","37.6436290464","일반차로"
"12436","111000341","래미안909동앞","126.921548","37.641157","일반차로"
"12437","111000342","하나고.삼천사.진관사입구","126.938408","37.641815","일반차로"
"12439","111000344","응암3동주민센터","126.9176960361","37.5916290571","일반차로"
"12440","111000345","입곡삼거리","126.936391","37.649452","일반차로"
"12441","111000346","입곡삼거리","126.9373769489","37.6516917235","일반차로"
"12442","111000347","아이파크709동앞","126.9266769344","37.64485753","일반차로"
"12445","111000350","은진초교입구.은뜨락도서관","126.9208007398","37.6307586517","일반차로"
"12446","111000351","은진초교입구.은뜨락도서관","126.9209179115","37.6310195075","일반차로"
"12447","111000352","은평구민체육센터앞","126.922569","37.631421","일반차로"
"12448","111000353","은평구민체육센터앞","126.9232490659","37.6316559976","일반차로"
"12449","111000354","신도초중교입구.한국고전번역원","126.9253371709","37.6314891556","일반차로"
"12450","111000355","신도초중교입구.한국고전번역원","126.9269041367","37.6315631161","일반차로"
"12451","111001133","은평성모병원","126.9177505869","37.6332275182","일반차로"
"12453","111000358","아이파크714동앞","126.926199185","37.6447747188","일반차로"
"12455","111000360","푸르지오604동앞","126.9300942037","37.6477638516","일반차로"
"12456","111000361","푸르지오614동앞","126.931495","37.649745","일반차로"
"12457","111000916","아이파크708동앞","126.9271303103","37.6456334846","일반차로"
"12458","111000551","진관동주민센터.은평우체국","126.9197809696","37.6345427048","가로변전일"
"12459","111000550","진관동주민센터.은평우체국","126.91982","37.634698","일반차로"
"12460","111000549","동부센트레빌324동앞","126.9246490829","37.6341556356","일반차로"
"12461","111000548","두산위브253동앞","126.9231676603","37.6342740607","일반차로"
"12462","111000547","동부센트레빌320동앞","126.9278043408","37.6340945394","일반차로"
"12463","111000546","신도초교.은평메디텍고등학교","126.9292486123","37.6343139033","일반차로"
"12464","111000552","하나고.삼천사.진관사입구","126.9381067653","37.6417643622","일반차로"
"12465","111000922","두산위브205동앞","126.9262624499","37.6342668645","일반차로"
"12466","111000920","래미안922동앞","126.9213361406","37.6440800714","일반차로"
"12467","111000921","롯데캐슬820동앞","126.921569335","37.6440018231","일반차로"
"12469","111001112","진관공영차고지","126.9079541625","37.6466539601","일반차로"
"12470","111001113","진관공영차고지","126.908325","37.646847","일반차로"
"12471","111000924","기자촌11단지앞","126.93258","37.634757","일반차로"
"12472","111000939","수국사입구","126.9067818944","37.61677185","일반차로"
"12473","111000940","응암초교.백련산힐스테이트3차","126.9228091836","37.5887478897","일반차로"
"12474","111000941","신도초교.은평메디텍고등학교","126.93053931","37.6340923943","일반차로"
"12475","111001120","응암초교.백련산힐스테이트3차","126.9225525515","37.5883344878","일반차로"
"12476","111000943","녹번센트레빌아파트","126.9259022216","37.5987999451","일반차로"
"12477","111000944","녹번센트레빌아파트","126.925981141","37.5991595285","일반차로"
"12478","111000945","선진운수종점","126.9096051215","37.6143774179","일반차로"
"12479","111001111","기자촌사거리","126.932131807","37.6344327251","일반차로"
"12480","111001110","갈현중앙시장","126.9183928591","37.6234657781","일반차로"
"12481","111001109","갈현중앙시장","126.9189621884","37.6233585723","일반차로"
"12498","111001123","덕산중학교.씨티아파트","126.9045107403","37.6001887986","일반차로"
"12499","111001124","덕산중학교.두산위브아파트","126.9045804777","37.6003715553","일반차로"
"12500","111900102","대성중.고등학교","126.9113648182","37.622241841","마을버스"
"12501","111900101","시립은평병원.파크자이아파트","126.9219585281","37.5933751468","마을버스"
"12502","111900111","경향파크아파트","126.9064058814","37.6098126903","마을버스"
"12503","111900058","12번지건영아파트","126.9139681277","37.6292661384","마을버스"
"12504","111900057","상신초교.두산.한신아파트","126.906505892","37.5995793833","마을버스"
"12506","111900100","선일여고.빅데이터고","126.9127522188","37.6205134295","마을버스"
"12507","111900118","신비로마트","126.9207130204","37.5935080891","마을버스"
"12508","111900099","대동슈퍼","126.9069186823","37.6091453914","마을버스"
"12509","111900098","미미슈퍼","126.9145009345","37.6287486686","마을버스"
"12510","111900097","신사1동경로당","126.9065878058","37.6011047367","마을버스"
"12512","111900095","미미아파트","126.9145751762","37.6193298376","마을버스"
"12513","111900119","응암시장입구","126.9184081548","37.5938507341","마을버스"
"12514","111900094","구산근린공원.GS편의점","126.9081005205","37.6078442485","마을버스"
"12515","111900093","충남슈퍼","126.9152380123","37.6281888678","마을버스"
"12516","111900092","라이프씨티후문.광성교회","126.9065369075","37.6019571245","마을버스"
"12518","111900090","갈현초교.로데오거리","126.9171432868","37.6183017293","마을버스"
"12520","111900089","구산마트","126.9099346707","37.6075149639","마을버스"
"12521","111900088","신창슈퍼","126.9162130815","37.6275398834","마을버스"
"12522","111900087","역촌센트레빌","126.9066729719","37.6036440665","마을버스"
"12524","111900112","연신내역.물빛공원","126.9200640466","37.6179370025","마을버스"
"12525","111900085","금호아파트","126.9215937962","37.5991458825","마을버스"
"12526","111900084","엔에스아파트","126.9129600864","37.6074009938","마을버스"
"12527","111900083","대한슈퍼","126.9170390302","37.6264916063","마을버스"
"12528","111900018","천사원입구.서북병원","126.9072233446","37.6046059597","마을버스"
"12531","111900080","서부경찰서후문","126.922503383","37.6011577098","마을버스"
"12532","111900079","미주아트빌","126.9144620117","37.607360642","마을버스"
"12533","111900078","한일탕","126.9181148695","37.6258625007","마을버스"
"12534","111900077","GS편의점.제일영광교회","126.9090006442","37.6038691675","마을버스"
"12536","111900103","응암지구대","126.9266541847","37.6026268302","마을버스"
"12538","111900076","동아문구","126.9172320767","37.6250653271","마을버스"
"12539","111900075","역촌노인복지관","126.9110909239","37.6029022786","마을버스"
"12540","111900074","불광보건소","126.9276959244","37.6212263774","마을버스"
"12541","111900104","은평문화예술회관","126.9275532384","37.6036578292","마을버스"
"12542","111900122","구산전철역","126.9176987121","37.6107888716","마을버스"
"12543","111900073","갈현1동주민센터","126.9169038114","37.6237981731","마을버스"
"12544","111900072","역촌초등학교후문","126.9130783097","37.6021657689","마을버스"
"12545","111900071","금강골드","126.9300582848","37.6220396778","마을버스"
"12546","111900070","현대아파트","126.9289335194","37.6052022296","마을버스"
"12547","111900069","삼성아파트후문","126.9212918796","37.6094541116","마을버스"
"12548","111900068","우리들약국","126.9155822164","37.6023270787","마을버스"
"12549","111900067","불광중학교","126.9315964607","37.6223118057","마을버스"
"12550","111900066","삼거리","126.9308932967","37.6060269864","마을버스"
"12551","111900065","동명탕","126.9222594504","37.6113704609","마을버스"
"12554","111900063","불광동팀수양관","126.9337169448","37.6225815388","마을버스"
"12555","111900105","서울혁신파크","126.933287288","37.6064338527","마을버스"
"12556","111900062","동명여고후문","126.9245556417","37.6134047996","마을버스"
"12557","111901153","은평성모병원","126.915263","37.633821","마을버스"
"12559","111900060","불광중학교","126.9315479397","37.6225288027","마을버스"
"12560","111900059","녹번전철역","126.9352219968","37.6016520167","마을버스"
"12561","111900056","대조동우체국","126.9266354132","37.6130918108","마을버스"
"12562","111900123","하나은행역촌지점","126.9203621159","37.6082433296","마을버스"
"12564","111900054","금강골드","126.930019077","37.6221532998","마을버스"
"12566","111900053","불광전철역","126.9304044087","37.6097874644","마을버스"
"12567","111900052","갈현1동주민센터","126.9171783379","37.6234667674","마을버스"
"12569","111900050","불광보건소","126.927728474","37.6214750716","마을버스"
"12571","111900113","양광교회앞","126.9288804949","37.6085524361","마을버스"
"12572","111900049","갈현노인복지센터","126.9173681302","37.6249708087","마을버스"
"12577","111900046","한일탕","126.9182679378","37.6257490703","마을버스"
"12581","111900110","연신내역.물빛공원","126.9196188444","37.6179484142","마을버스"
"12582","111900044","서강스카이빌","126.9215785571","37.599637866","마을버스"
"12584","111900043","금원빌라","126.9182215668","37.6273083678","마을버스"
"12585","111900042","갈현초교.로데오거리","126.9172043613","37.6183891774","마을버스"
"12588","111900040","영진빌라","126.9172282867","37.6280239699","마을버스"
"12589","111900039","미미아파트","126.9147744045","37.6194836087","마을버스"
"12590","111900038","응암시장입구","126.9191082332","37.5936340537","마을버스"
"12592","111900036","일진빌라","126.9165086746","37.6286459709","마을버스"
"12593","111900035","선일여고.빅데이터고","126.9128739979","37.6205854307","마을버스"
"12594","111900034","신비로마트","126.9203269078","37.593465478","마을버스"
"12595","111900033","미주아트빌","126.9148764255","37.6074762806","마을버스"
"12596","111900032","미곡빌라","126.9157102264","37.6292031766","마을버스"
"12598","111900030","시립은평병원.파크자이아파트","126.9223154295","37.5931591443","마을버스"
"12599","111900029","엔에스아파트","126.9131547681","37.6075146741","마을버스"
"12600","111900028","양지빌라","126.9149120747","37.6287104174","마을버스"
"12603","111900027","구산마트","126.9100391865","37.6076913632","마을버스"
"12608","111000915","구파발역.롯데몰","126.9185015559","37.6375737328","일반차로"
"12612","111900124","하나은행역촌지점","126.9201615172","37.6083549287","마을버스"
"12615","111900026","구산근린공원.GS편의점","126.9085218863","37.6078265542","마을버스"
"12623","111900025","은평마을","126.9072186213","37.60822376","마을버스"
"12627","111900024","대동슈퍼","126.9070930846","37.6091680559","마을버스"
"12679","111900023","우리들약국","126.915544736","37.6024207649","마을버스"
"12682","111900022","역촌초등학교후문","126.913043084","37.6022657636","마을버스"
"12684","111900021","역촌노인복지관","126.9110704122","37.6030076903","마을버스"
"12685","111900020","GS편의점.제일영광교회","126.9089627251","37.6039125765","마을버스"
"12705","111900019","천사원입구","126.9072809761","37.6047114321","마을버스"
"12706","111900017","역촌센트레빌","126.9065348376","37.6036115181","마을버스"
"12713","111900016","라이프씨티아파트후문.광성교회","126.9063998164","37.6019984659","마을버스"
"12714","111900015","신사1동경로당","126.9064259132","37.6010559497","마을버스"
"12725","111900014","연신내역6번출구","126.920609953","37.6187941297","마을버스"
"12727","111900013","상신초교.두산.한신아파트","126.9063506929","37.5996258649","마을버스"
"12733","111900012","청구성심병원후문","126.9193772591","37.6203235076","마을버스"
"12741","111000483","역촌역","126.9234378955","37.6055237229","일반차로"
"12742","111000484","역촌역","126.9219467184","37.604969841","일반차로"
"12743","111000485","응암역","126.915151456","37.5976816655","일반차로"
"12744","111000486","응암역","126.9156177958","37.597900063","일반차로"
"12745","111000487","새절역","126.9134206649","37.5911367076","일반차로"
"12746","111000488","새절역","126.9140270141","37.591669694","일반차로"
"12747","111000489","증산역","126.9097617912","37.5837279163","일반차로"
"12748","111000490","증산역","126.9093755737","37.5838186304","일반차로"
"12750","111900010","연갈현공판장후문","126.9191124639","37.6231941796","마을버스"
"12792","111900009","삼성래미안아파트","126.9379628881","37.6113931879","마을버스"
"12794","111900008","현대힐스테이트1차정문","126.937084611","37.6120189102","마을버스"
"12795","111900007","현대힐스테이트1차후문","126.9358352057","37.6122743017","마을버스"
"12804","111900006","현대홈타운아파트","126.9332606867","37.6121205904","마을버스"
"12806","111900106","불광역9번출구","126.9302407459","37.6110519588","마을버스"
"12807","111900004","현대홈타운아파트","126.9333185837","37.6119764495","마을버스"
"12808","111900003","현대힐스테이트1차후문","126.9352811899","37.6124118652","마을버스"
"12809","111900002","현대힐스테이트1차정문","126.936716506","37.6120344807","마을버스"
"12810","111900001","삼성래미안아파트","126.9380064656","37.6110914359","마을버스"
"12811","111900129","힐스테이트302동앞","126.9253747237","37.5883424842","마을버스"
"12812","111900131","힐스테이트116동앞","126.9249091668","37.589629845","마을버스"
"12813","111900126","서울연은초등학교","126.9245151054","37.5907478447","마을버스"
"12814","111900125","힐스테이트1단지정문앞","126.9242436989","37.5915036842","마을버스"
"12816","111900132","힐스테이트2단지후문앞","126.923985","37.5920072263","마을버스"
"12817","111900128","서울연은초등학교","126.9244417099","37.5905405474","마을버스"
"12818","111900127","힐스테이트212동앞","126.9248209789","37.5894937244","마을버스"
"12819","111900133","힐스테이트302동앞","126.9253154119","37.5881177776","마을버스"
"12820","111900135","태평양약국","126.9178287272","37.5931110564","마을버스"
"12821","111900136","국민은행","126.9166596611","37.5898036255","마을버스"
"12827","111900142","풍림아그네스앞","126.9186054162","37.6030068196","마을버스"
"12828","111900141","역촌유치원입구","126.9184603197","37.6041610114","마을버스"
"12829","111900140","새생명약국앞","126.9182215705","37.6060224907","마을버스"
"12830","111900139","새생명약국앞","126.9180755331","37.6059584123","마을버스"
"12831","111900138","역촌유치원입구","126.9182961091","37.6041473815","마을버스"
"12832","111900137","풍림아그네스앞","126.9184491833","37.6029499433","마을버스"
"12833","111901113","대림e편한세상1단지","126.9061448253","37.6122236066","마을버스"
"12834","111900161","대림e편한세상2단지","126.9066309054","37.6128333067","마을버스"
"12835","111900160","현대아파트입구","126.9064105253","37.6133377398","마을버스"
"12836","111900159","임창빌라","126.9079917288","37.6136362494","마을버스"
"12837","111900158","온누리약국","126.9091981199","37.6143112872","마을버스"
"12838","111900157","G캐슬아파트","126.9150771747","37.6152059361","마을버스"
"12839","111900156","길마어린이공원","126.9160551992","37.6148011476","마을버스"
"12840","111900155","길천사우나","126.9172394904","37.6142901678","마을버스"
"12841","111900154","대림모터스","126.9180072593","37.6145006565","마을버스"
"12842","111900153","연서시장","126.9210136547","37.6195798013","마을버스"
"12843","111900152","청구성심병원","126.9191023707","37.6208558722","마을버스"
"12844","111900151","아름다운교회","126.9185422575","37.6163142927","마을버스"
"12845","111900150","길마어린이공원","126.9161595705","37.6149318595","마을버스"
"12846","111900149","G캐슬아파트","126.9153720356","37.6152443908","마을버스"
"12847","111900148","한솔아파트입구","126.9138949752","37.6158421464","마을버스"
"12848","111900147","온누리약국","126.9092716485","37.6143933425","마을버스"
"12849","111900146","임창빌라","126.908003","37.613689","마을버스"
"12850","111900145","현대아파트입구","126.9065349731","37.6134594849","마을버스"
"12851","111900144","대림e편한세상2단지","126.9064477086","37.612863109","마을버스"
"12852","111900143","대림e편한세상1단지","126.9060994338","37.6122933971","마을버스"
"12853","111900162","와산교","126.9141942524","37.5888854535","마을버스"
"12854","111900164","서울정형외과","126.9187565139","37.5952882098","마을버스"
"12855","111900163","벧엘블래스빌","126.9185163078","37.5954033834","마을버스"
"12856","111901114","숭실고등학교","126.9037465738","37.5924359314","마을버스"
"12857","111901115","숭실고등학교입구","126.9058386761","37.5922844503","마을버스"
"12858","111901116","서신초교.내를건너서숲으로도서관","126.9074020312","37.5916437305","마을버스"
"12859","111901117","삼거리.명진아파트","126.9106559732","37.5904186369","마을버스"
"12860","111901118","안디옥교회.새절역","126.9127733944","37.5903413838","마을버스"
"12861","111901119","신사초등학교.새절역","126.9134793725","37.5931645919","마을버스"
"12863","111901121","상신초등학교입구","126.9080526428","37.5967350848","마을버스"
"12864","111901122","행운슈퍼","126.9059234022","37.5959549827","마을버스"
"12865","111901123","상신초교후문.산새마을종점","126.9051264097","37.5968616877","마을버스"
"12866","111901124","행운슈퍼","126.9057839273","37.5958997274","마을버스"
"12867","111901125","상신초등학교입구","126.9084801208","37.5966000242","마을버스"
"12869","111901127","새절역","126.913387","37.590645","마을버스"
"12870","111901128","삼거리.명진아파트","126.9104975116","37.590585901","마을버스"
"12871","111901129","서신초교.내를건너서숲으로도서관","126.9073480469","37.5918058667","마을버스"
"12872","111901130","숭실고등학교입구","126.905773399","37.592419547","마을버스"
"12873","111901131","경남아너스빌.서북병원","126.9055112666","37.6048441969","마을버스"
"12874","111901132","힐스테이트상가","126.9238016009","37.5926436602","마을버스"
"12875","111901133","서부중앙교회","126.9223210216","37.5891814717","마을버스"
"12876","111901134","응암초등학교","126.9212381918","37.5893764234","마을버스"
"12877","111901135","성암문구사거리","126.9200405855","37.58970267","마을버스"
"12880","111901138","응암감리교회대림시장앞","126.9186628308","37.5888003875","마을버스"
"12881","111901139","응암동성당","126.9195323069","37.589040611","마을버스"
"12882","111901140","성암문구사거리","126.9200061957","37.5895742757","마을버스"
"12883","111901141","응암초등학교","126.9213628305","37.5891693716","마을버스"
"12884","111901142","백련산힐스테이트2차앞","126.9227921057","37.5893460086","마을버스"
"12885","111901143","백련산힐스테이트2차상가앞","126.9230130166","37.5919747972","마을버스"
"12886","111901144","은평세무서음식문화거리","126.9251390628","37.6020443537","마을버스"
"12887","111901145","은평여성인력개발센터","126.9321452206","37.6072139011","마을버스"
"12888","111901146","대조시장.NC백화점","126.9278360602","37.6095175554","마을버스"
"12889","111001126","행정연구원건너편","126.9364616275","37.6096079683","마을버스"
"12890","111901149","파크자이105동앞","126.9229167793","37.5919679769","마을버스"
"12891","111901152","브라운스톤빌앞","126.9124577519","37.5905437355","마을버스"
"12991","111900134","6번지입구","126.9190319477","37.6268686558","마을버스"
"13001","112000001","북가좌동삼거리","126.9045265135","37.5754463835","중앙차로"
"13002","112000002","북가좌동삼거리","126.905143","37.575143","중앙차로"
"13003","112000003","DMC래미안e편한세상.요진아파트","126.9096099146","37.5716775164","중앙차로"
"13004","112000004","DMC래미안e편한세상.요진아파트","126.910313","37.571577","중앙차로"
"13005","112000005","모래내시장.가좌역","126.9150627853","37.5690774104","중앙차로"
"13006","112000006","모래내시장.가좌역","126.913786","37.569862","중앙차로"
"13007","112000007","사천교","126.9181539325","37.5675591039","중앙차로"
"13008","112000008","연희104고지앞.궁동근린공원","126.9250825384","37.56628429","중앙차로"
"13009","112000009","연희104고지앞.궁동근린공원","126.9257860764","37.5663570321","중앙차로"
"13010","112000010","서대문우체국","126.9319882204","37.5619524262","중앙차로"
"13011","112000011","서대문우체국","126.9314621185","37.5625326219","중앙차로"
"13012","112000012","연세대앞","126.935337338","37.5599563479","중앙차로"
"13013","112000013","연세대앞","126.9354996016","37.5601569117","중앙차로"
"13014","112000014","세브란스병원앞","126.9384506818","37.5599674551","중앙차로"
"13015","112000015","세브란스병원앞","126.9389236898","37.5601326008","중앙차로"
"13016","112000016","이대후문","126.9433012302","37.5626001751","중앙차로"
"13017","112000017","이대후문","126.943648393","37.5630635031","중앙차로"
"13019","113000415","동교동삼거리","126.92951964","37.5577646946","중앙차로"
"13021","113000416","신촌오거리.현대백화점","126.9345037666","37.5559833987","중앙차로"
"13023","113000417","신촌오거리.2호선신촌역","126.9386937609","37.5557324618","중앙차로"
"13025","113000411","이대역","126.9472705221","37.5568755655","중앙차로"
"13026","112000405","산골고개.e편한세상서대문","126.9399957025","37.5953018189","중앙차로"
"13027","112000406","산골고개.e편한세상서대문","126.940515779","37.5949694506","중앙차로"
"13028","112000407","홍제역.서대문세무서","126.944365257","37.5884908289","중앙차로"
"13029","112000408","홍제역.서대문세무서","126.9453225684","37.5878433932","중앙차로"
"13030","112000416","홍제삼거리.인왕산한신휴플러스","126.9478427379","37.585207045","중앙차로"
"13031","112000398","무악재역","126.9498097936","37.5831543142","중앙차로"
"13032","112000400","무악재역","126.9506553191","37.5818652109","중앙차로"
"13033","112000404","안산초등학교","126.951572","37.580686","중앙차로"
"13034","112000402","독립문역.한성과학고","126.9575774512","37.5746889121","중앙차로"
"13035","112000401","독립문역.한성과학고","126.9565608295","37.5756411364","중앙차로"
"13036","100000363","영천시장","126.9625329584","37.5699391328","중앙차로"
"13037","100000362","영천시장","126.9631353297","37.5695278692","중앙차로"
"13038","112000403","서대문역","126.9658300015","37.5664745324","중앙차로"
"13039","112000399","경찰청.동북아역사재단","126.9692243077","37.5624764161","중앙차로"
"13040","112000409","인왕산.홍제원아파트","126.9488623648","37.5843965104","중앙차로"
"13041","101000332","경찰청.동북아역사재단","126.968047","37.564312","중앙차로"
"13042","113000475","웨딩타운","126.9525537641","37.5572390055","중앙차로"
"13044","113000478","아현역","126.9568854911","37.5573893313","중앙차로"
"13045","112000430","충정로역","126.9633122036","37.5608580892","중앙차로"
"13046","112000429","충정로역","126.9624921672","37.5598014128","중앙차로"
"13047","101000304","서대문역사거리","126.966565","37.565579","중앙차로"
"13107","112000024","모래내시장.가좌역","126.9139631219","37.5699234895","일반차로"
"13109","112000026","사천교","126.918313","37.567753","일반차로"
"13110","112000027","연희104고지앞.궁동근린공원","126.9242109644","37.5662972487","일반차로"
"13111","112000028","연희104고지앞.궁동근린공원","126.924998","37.56655","일반차로"
"13112","112000029","서대문우체국","126.9304420835","37.5632286878","일반차로"
"13113","112000030","서대문우체국","126.9311628502","37.5630010161","일반차로"
"13114","112000031","연세대학교앞","126.9353063323","37.5598189289","일반차로"
"13115","112000032","연대앞","126.9348360825","37.560453873","일반차로"
"13116","112000033","세브란스병원","126.9378406593","37.5598680153","일반차로"
"13117","112000034","세브란스병원","126.9392418031","37.5602647606","일반차로"
"13118","112000035","이대부중","126.9429924976","37.5622161608","일반차로"
"13119","112000036","이대부중","126.9441630049","37.5636440514","일반차로"
"13120","112000037","이대부고","126.9464306606","37.5655323127","일반차로"
"13121","112000038","이대부고","126.9464759832","37.5663177634","일반차로"
"13122","112000039","홍은동동부센트레빌","126.9387082438","37.5967569936","일반차로"
"13123","112000040","산골고개.e편한세상서대문","126.9405745726","37.59506873","가로변시간"
"13124","112000041","홍은사거리.북한산더샵아파트앞","126.9412659588","37.5923780828","일반차로"
"13125","112000042","홍제우체국","126.946047","37.586895","가로변시간"
"13133","112000050","영천시장","126.9620200068","37.5702280395","일반차로"
"13134","112000051","금화초등학교.서울시교육청","126.9643259996","37.5679014179","일반차로"
"13137","112000054","충정로역2번출구","126.9640265994","37.5596112723","일반차로"
"13140","112000057","이대역4번출구","126.9465754208","37.5569841725","일반차로"
"13141","112000058","신촌기차역입구","126.9438432587","37.5568082054","가로변전일"
"13142","112000059","신촌역2호선","126.9396412239","37.5561879537","가로변전일"
"13143","112000433","신촌아트레온","126.9407880306","37.5565096313","일반차로"
"13144","112000061","동교동삼거리연희동방면","126.9274994875","37.5586582575","가로변전일"
"13145","112000062","연세로.명물거리","126.9369771454","37.5581462307","일반차로"
"13146","112000063","연세로.스타광장","126.936763576","37.5564094444","일반차로"
"13147","112000064","연희동대우아파트","126.9279552211","37.5626233467","일반차로"
"13148","112000065","연희교차로","126.9302898099","37.5658534534","일반차로"
"13149","112000066","연희교차로","126.930035","37.565947","일반차로"
"13150","112000067","연희3거리","126.931902","37.567905","일반차로"
"13151","112000068","연희3거리","126.9316095114","37.5679329873","일반차로"
"13152","112000069","한성화교중고교.서대문소방서","126.9354132782","37.572300887","일반차로"
"13153","112000070","한성화교중고교.서대문소방서","126.935209346","37.5724773892","일반차로"
"13154","112000071","서대문자연사박물관입구","126.935409088","37.5751696986","일반차로"
"13155","112000072","서대문자연사박물관입구","126.9352420646","37.5752259192","일반차로"
"13156","112000073","서대문구청.보건소.구의회","126.9360659508","37.5782448388","일반차로"
"13157","112000074","서대문구청.서대문구의회","126.9358425895","37.5786159669","일반차로"
"13158","112000075","동신병원.홍제폭포","126.9360098808","37.5808305209","일반차로"
"13159","112000076","서대문보건소별관.홍제폭포","126.9362856888","37.5826619393","일반차로"
"13160","112000077","정원여중","126.9349879316","37.5862495334","일반차로"
"13161","112000078","정원여중.스위스그랜드호텔","126.9352599978","37.5876617984","일반차로"
"13162","112000079","홍은현대아파트.스위스그랜드호텔","126.9364277763","37.5886491136","일반차로"
"13163","112000080","홍은현대아파트","126.9383457541","37.5900579315","일반차로"
"13164","112000081","유진상가","126.9428678255","37.5917540721","일반차로"
"13165","112000082","유진상가","126.9431392494","37.5921799219","일반차로"
"13166","112000083","문화촌현대아파트","126.9465445621","37.5922468351","일반차로"
"13167","112000084","문화촌현대아파트","126.9468069077","37.5926521614","일반차로"
"13168","112000085","서울여자간호대학교.홍은초등학교","126.9492224035","37.596107216","일반차로"
"13169","112000086","서울여자간호대학교.홍은초등학교","126.948705185","37.595642031","일반차로"
"13170","112000087","유원하나아파트","126.9526777041","37.595884281","일반차로"
"13171","112000088","유원하나아파트","126.9520650666","37.5957428014","일반차로"
"13172","112000089","홍지문.옥천암","126.9565922341","37.5965724145","일반차로"
"13173","112000090","홍지문","126.956263","37.59691","일반차로"
"13174","112000091","북가좌오거리","126.911478","37.579833","일반차로"
"13175","112000092","북가좌오거리","126.9114608746","37.5802996548","일반차로"
"13176","112000093","북가좌2동주민센터","126.9131368767","37.5820367519","일반차로"
"13177","112000094","북가좌2동주민센터","126.9134019708","37.582863608","일반차로"
"13178","112000095","동도하이츠아파트","126.9150178885","37.5846770601","일반차로"
"13179","112000096","동도하이츠아파트","126.9147685281","37.5849012516","일반차로"
"13180","112000097","DMC파크뷰자이","126.9162367644","37.5738624722","일반차로"
"13181","112000098","삼성래미안2차아파트","126.913812","37.57125","일반차로"
"13182","112000099","모래내삼거리","126.9132772911","37.5707856905","일반차로"
"13183","112000100","DMC래미안e편한세상2.4단지","126.9109918398","37.576740896","일반차로"
"13184","112000101","모래내우체국.증가교회","126.9117262959","37.5764407614","일반차로"
"13185","112000102","북가좌삼호.DMC아이파크아파트","126.9133099754","37.5752684365","일반차로"
"13186","112000103","북가좌삼호.DMC아이파크아파트","126.913058","37.57553","일반차로"
"13188","112000105","DMC센트레빌아파트","126.915772","37.575307","일반차로"
"13189","112000106","DMC파크뷰자이.별동상가","126.9160852843","37.575189079","일반차로"
"13190","112000107","래미안루센티아.DMC쌍용","126.9185357219","37.5755669605","일반차로"
"13191","112000108","명지대사거리","126.9209818476","37.5773706116","일반차로"
"13192","112000109","DMC에코자이아파트","126.9195564567","37.5764335942","일반차로"
"13193","112000110","DMC센트럴아이파크아파트","126.9218530795","37.5782195826","일반차로"
"13194","112000111","명지대","126.9235485995","37.5791366844","일반차로"
"13195","112000112","명지대","126.9242905927","37.5798843005","일반차로"
"13196","112000113","명지대삼거리","126.9260980643","37.5809598808","일반차로"
"13197","112000114","명지대삼거리","126.926363438","37.5812704533","일반차로"
"13198","112000115","고은초등학교.홍제센트럴아이파크","126.9446994488","37.5852299437","일반차로"
"13199","112000116","신연중학교서대문도서관","126.9408336411","37.583957533","일반차로"
"13200","112000117","백련교.홍제폭포","126.9375486367","37.5829006647","일반차로"
"13201","112000118","서대문문화체육회관입구","126.9353906921","37.5814081994","일반차로"
"13202","112000119","홍연2교.두산아파트앞","126.9308803247","37.5784212336","일반차로"
"13203","112000120","홍남교","126.927497","37.576642","일반차로"
"13204","112000121","연가교","126.922182071","37.5725614324","일반차로"
"13205","112000122","연희파크푸르지오앞","126.9273349864","37.5753590003","일반차로"
"13206","112000123","홍연시장","126.9306866952","37.5771334404","일반차로"
"13207","112000124","연희홍연아파트","126.9323548321","37.577997674","일반차로"
"13208","112000125","서대문구청","126.934871913","37.5790506621","일반차로"
"13209","112000126","남가좌현대아파트","126.9218592217","37.5749175727","일반차로"
"13210","112000127","신촌기차역","126.9424516144","37.5587819764","일반차로"
"13211","112000128","신촌기차역","126.942932947","37.5583564889","일반차로"
"13212","112000129","증산교앞","126.9048028539","37.5780399456","일반차로"
"13213","112000130","연희지하차도","126.9325574117","37.5771502914","일반차로"
"13214","112000131","연희지하차도","126.9322061541","37.5775014779","일반차로"
"13215","112000132","홍연2교.현대교통종점","126.9299866353","37.5782142202","일반차로"
"13216","112000133","홍연2교.현대교통종점","126.9302043856","37.5784013054","일반차로"
"13217","112000134","명지대입구.서울무용센터","126.9274075515","37.5808491187","일반차로"
"13218","112000135","명지중고등학교","126.9256976401","37.5825611977","일반차로"
"13219","112000136","명지중고등학교","126.9256885404","37.5829327992","일반차로"
"13220","112000137","명지전문대.충암중고등학교","126.9235951233","37.5846658745","일반차로"
"13221","112000138","명지전문대.충암중고등학교","126.9239584623","37.5846680823","일반차로"
"13222","112000139","연희동자치회관","126.9312682155","37.5695181223","일반차로"
"13223","112000140","연희동자치회관","126.9312958858","37.5697475722","일반차로"
"13224","112000141","서대문구보훈회관","126.9293638634","37.5717018011","일반차로"
"13225","112000142","서대문구보훈회관","126.9295369529","37.5718307606","일반차로"
"13226","112000143","홍남교.서대문구행복그린센터","126.9269827008","37.5746380958","일반차로"
"13227","112000144","홍남교.서대문구행복그린센터","126.9270266699","37.5748855063","일반차로"
"13228","112000145","백련시장","126.9249301317","37.5766469566","일반차로"
"13229","112000146","백련시장","126.9247007242","37.5770899891","일반차로"
"13230","112000147","명지대사거리.백련시장","126.9225808324","37.5774257307","일반차로"
"13231","112000148","명지대사거리.국민은행앞","126.9224193215","37.5776103285","일반차로"
"13232","112000149","연가초교.DMC래미안클라시스","126.9172942879","37.5791189521","일반차로"
"13233","112000150","연가초.연희중.래미안클라시스","126.91806787","37.5789588794","일반차로"
"13234","112000151","북가좌사거리","126.9146690658","37.5811819257","일반차로"
"13235","112000152","북가좌사거리","126.9141424887","37.5818379941","일반차로"
"13236","112000153","북가좌119안전센터","126.9126208621","37.5827046271","일반차로"
"13237","112000154","북가좌119안전센터","126.9120370471","37.5834459918","일반차로"
"13238","112000155","충정로역9번출구","126.964018","37.561714","일반차로"
"13240","112000157","미동초등학교","126.9644505142","37.5631581038","일반차로"
"13241","112000158","DMC한양아파트","126.9085188895","37.5764898997","일반차로"
"13242","112000159","북가좌초교?DMC현대아파트","126.9084364654","37.5767876006","일반차로"
"13243","112000440","DMC파크뷰자이1단지입구","126.91693","37.571091","일반차로"
"13250","112000167","독립문역?서대문형무소역사관","126.9564326063","37.5754192746","일반차로"
"13252","112000169","경찰청","126.968395","37.563413","일반차로"
"13253","112000170","충정로역2호선","126.9642110489","37.5597212618","일반차로"
"13256","112000173","연가교","126.9221469551","37.5728168589","일반차로"
"13257","113000532","가좌역3번출구","126.914759","37.569163","일반차로"
"13258","112000175","명지대입구.신원지벤스타","126.9281505144","37.5804565915","일반차로"
"13259","112000176","창서초등학교.현대백화점","126.9330023083","37.5566664866","가로변전일"
"13260","112000177","서대문종합사회복지관","126.9200245273","37.5712597156","일반차로"
"13261","112000178","서대문종합사회복지관","126.9201437133","37.5709633371","일반차로"
"13262","112000179","홍남교.백련시장입구","126.9251839684","37.5752855695","일반차로"
"13263","112000180","북가좌초교사거리","126.9102546757","37.5787263414","일반차로"
"13264","112000181","북가좌초교사거리","126.910333","37.578365","일반차로"
"13265","112000182","은가어린이공원.구150번종점","126.9196202751","37.5829339719","일반차로"
"13267","112000184","DMC두산위브아파트","126.915323745","37.5805574973","일반차로"
"13268","112000185","DMC두산위브아파트","126.915940812","37.5803471667","일반차로"
"13270","112000187","서대문독립공원?극동아파트","126.9593190984","37.5718528892","일반차로"
"13278","112000195","봉원동사거리","126.9464767265","37.5668611224","일반차로"
"13279","112000196","봉원사","126.9461047804","37.5701024648","일반차로"
"13280","112000197","봉원사","126.9461148977","37.570109","일반차로"
"13281","112000198","봉원동사거리","126.9467009136","37.5667963452","일반차로"
"13282","112000199","서대문독립공원.삼호아파트","126.9594106078","37.5714897037","일반차로"
"13285","112000202","서부운수기점","126.910257","37.581632","일반차로"
"13299","112000216","중소기업은행","126.9129894423","37.5822573867","일반차로"
"13313","112000230","봉원사길","126.946017179","37.5683540231","일반차로"
"13314","112000231","봉원사길","126.9461086912","37.5686023092","일반차로"
"13324","112000392","연세로.문학의거리","126.9370041956","37.5562631609","일반차로"
"13325","112000314","독립공원사거리","126.955308749","37.5763938404","일반차로"
"13326","112000313","독립공원사거리","126.9552249123","37.5764875221","일반차로"
"13327","112000415","가재울초등학교","126.9189766576","37.5739820992","일반차로"
"13328","112000414","가재울초등학교","126.9187610612","37.5744342988","일반차로"
"13329","112000417","산골고개.e편한세상서대문","126.9403025508","37.5948326835","일반차로"
"13330","112000426","DMC래미안e-편한세상3단지","126.9067640004","37.5751661304","일반차로"
"13331","112000422","DMC래미안e-편한세상3단지","126.9070551106","37.5750474159","일반차로"
"13332","112000421","연흥교회","126.9211651676","37.5726089786","일반차로"
"13334","112000424","홍제역4번출구","126.943082762","37.5893732847","일반차로"
"13335","112000425","남가좌동새마을금고","126.917304","37.574429","일반차로"
"13336","112000427","국립대한민국임시정부기념관","126.9535721283","37.5758314601","일반차로"
"13337","112000428","독립문파크빌.한성과학고","126.9518579342","37.5745776862","일반차로"
"13338","112000431","두산아파트","126.9320567839","37.578770322","일반차로"
"13339","112000432","DMC파크뷰자이","126.9163415838","37.5737656896","일반차로"
"13340","112000437","아현가구단지","126.9608923538","37.5586613075","일반차로"
"13341","112000439","DMC쌍용.래미안루센티아","126.9188102139","37.575591927","일반차로"
"13500","112900227","정원슈퍼","126.9317244197","37.5864360186","마을버스"
"13501","112900116","홍은동국민주택","126.9498503303","37.6056753028","마을버스"
"13502","112900218","백련사","126.9285294071","37.5848355947","마을버스"
"13503","112900007","풍진베이스타운.안산자락길입구","126.9433200359","37.5824266586","마을버스"
"13505","112900205","개미마을","126.9539148251","37.589797675","마을버스"
"13506","112900005","두산아파트","126.949261098","37.5591201611","마을버스"
"13507","112900180","북아현삼거리","126.9529748039","37.5648050703","마을버스"
"13508","112900004","궁동근린공원입구","126.9241991219","37.5695765271","마을버스"
"13509","112900003","뜨란채아파트101동","126.9587733457","37.565837009","마을버스"
"13510","112900002","삼성빌라","126.9338401245","37.5956010964","마을버스"
"13511","112900219","소공원","126.9325182667","37.5863364542","마을버스"
"13512","112900115","풍림.극동아파트","126.9494723222","37.6036389041","마을버스"
"13513","112900220","명지고후문","126.929089453","37.584106951","마을버스"
"13514","112900001","명진아트빌라","126.9436821958","37.5828145423","마을버스"
"13515","112900114","홍은초등학교","126.9503226419","37.5968898285","마을버스"
"13516","112900207","삼거리연탄가게","126.9533843286","37.5904915483","마을버스"
"13517","112900112","초원약국","126.9500337563","37.5597710801","마을버스"
"13518","112900111","추계초등학교","126.9541934784","37.5635916001","마을버스"
"13519","112900189","궁동근린공원회관","126.9253683141","37.5709433271","마을버스"
"13520","112900223","서서울농협홍은지점.동신병원","126.9361173049","37.580979243","마을버스"
"13521","112900170","뜨란채아파트.노인복지관","126.9590155058","37.568067297","마을버스"
"13522","112900181","금화장오거리","126.9592914762","37.5643630011","마을버스"
"13523","112900110","미성아파트","126.9344642894","37.5932894508","마을버스"
"13524","112900109","삼성그린빌","126.9326750877","37.5869709106","마을버스"
"13526","112900108","팔각정","126.9301670114","37.5832993159","마을버스"
"13527","112900107","고은초교삼거리","126.9438520431","37.5843122345","마을버스"
"13528","112900106","문화촌주유소","126.9485919264","37.5952728242","마을버스"
"13529","112900105","버드나무가게","126.9528846042","37.5910365086","마을버스"
"13530","112900104","신촌푸르지오1단지후문.힐스테이트신촌","126.9516429305","37.5608509379","마을버스"
"13531","112900103","새마을금고","126.9548740803","37.5631196895","마을버스"
"13532","112900190","서대문지역자활센터","126.9262762163","37.5721234264","마을버스"
"13534","112900168","산경아파트","126.9603003349","37.5685268448","마을버스"
"13535","112900102","경기대후문","126.9614458786","37.5639149801","마을버스"
"13536","112900101","홍은중학교","126.9346010147","37.5923361752","마을버스"
"13537","112900100","동원빌라","126.9332966622","37.5870541637","마을버스"
"13538","112900099","포방공영주차장","126.948937151","37.6008891646","마을버스"
"13539","112900098","서대문문화체육회관","126.9319952523","37.5812287775","마을버스"
"13540","112900097","성원아파트","126.9427866202","37.584232427","마을버스"
"13541","112900096","홍은사회복지관별관","126.9480491692","37.5941733769","마을버스"
"13542","112900095","금강빌라.인왕중학교","126.951991775","37.5918227992","마을버스"
"13544","112900093","중앙여고","126.9555537949","37.5622215575","마을버스"
"13545","112900232","홍제초등학교","126.9434055817","37.5922380009","마을버스"
"13546","112900169","천연동마을금고","126.9614503394","37.568438466","마을버스"
"13547","112900092","미동초교","126.9649491898","37.5642738059","마을버스"
"13548","112900091","차고앞","126.9348869143","37.5917253952","마을버스"
"13549","112900090","싸이버아파트","126.9340020442","37.5871221418","마을버스"
"13551","112900088","서대문내품애센터","126.9333967449","37.5802086413","마을버스"
"13553","112900087","문화촌현대아파트","126.9473597602","37.5923192809","마을버스"
"13554","112900086","오동나무앞","126.951110117","37.5928682464","마을버스"
"13556","112900177","경남아파트.북아현119안전센터","126.9558700919","37.5610274127","마을버스"
"13557","112900194","행복하우스","126.9286952481","37.5731363439","마을버스"
"13560","112900084","삼거리","126.9352937891","37.5900216603","마을버스"
"13561","112900083","정원여중입구","126.9345801332","37.5864367347","마을버스"
"13562","112900082","호박골다리","126.9467080038","37.5981452692","마을버스"
"13563","112900202","송죽원","126.9390725472","37.5839495785","마을버스"
"13564","112900081","홍제역해링턴플레이스","126.9467051053","37.5910942532","마을버스"
"13565","112900080","동성교회","126.9496042131","37.5941790512","마을버스"
"13566","112900079","중앙여고","126.9548553237","37.5618692519","마을버스"
"13567","112900078","한성고교","126.9564975053","37.5594522562","마을버스"
"13570","112900076","현대그린마트","126.9610204725","37.5713449478","마을버스"
"13571","112900075","충정로역8번출구","126.963069492","37.5609058481","마을버스"
"13572","112900074","스위스그랜드호텔앞","126.9363704352","37.5889769825","마을버스"
"13574","112900073","간호대정문","126.9474272357","37.596999962","마을버스"
"13575","112900216","홍은사거리","126.9412976503","37.5923950001","마을버스"
"13577","112900072","인왕초등학교","126.9455049823","37.5892500775","마을버스"
"13578","112900071","문화공원입구","126.9483947754","37.5944055102","마을버스"
"13583","112900069","충정로역7번출구","126.962423","37.559865","마을버스"
"13586","112900067","산골고개","126.9406034792","37.5950393216","마을버스"
"13587","112900066","홍은초등학교.간호대입구","126.9488940175","37.5964555066","마을버스"
"13589","112900199","가산빌라","126.9360670682","37.584882269","마을버스"
"13590","112900065","사러가쇼핑","126.930245878","37.5672943164","마을버스"
"13591","112900063","영천시장입구","126.9630256888","37.5692775009","마을버스"
"13592","112900062","나이스신용정보.(구)한국예술원","126.961904561","37.5612397836","마을버스"
"13593","112900215","반석블레스아파트","126.9410116214","37.5951671678","마을버스"
"13594","112900203","평화슈퍼","126.9357069372","37.5862688501","마을버스"
"13595","112900178","북아현로입구","126.956271","37.557825","마을버스"
"13596","112000410","아현역1번출구","126.9553924724","37.5575069757","일반차로"
"13597","112900172","육교앞","126.9643010771","37.5679383551","마을버스"
"13598","112900061","광염교회","126.9619360631","37.562301158","마을버스"
"13599","112900060","풍림1차아파트","126.9420858176","37.5943540172","마을버스"
"13600","112900200","스위스그랜드호텔","126.9364416698","37.5877677594","마을버스"
"13617","112900056","웨딩타운","126.9515261108","37.5572720684","마을버스"
"13626","112000256","서대문문화체육회관","126.9349134591","37.5807483392","일반차로"
"13654","112900163","서대문사거리","126.9654574653","37.5666951917","마을버스"
"13656","112900059","경기대사회교육원","126.9624252992","37.5633648333","마을버스"
"13659","112900057","팔각정","126.9432424727","37.5952754911","마을버스"
"13660","112900201","남양아파트","126.9383406199","37.5891240045","마을버스"
"13664","112900054","서대문전철역","126.9659992155","37.5652797325","마을버스"
"13665","112900053","인창중고","126.9636417757","37.5642130373","마을버스"
"13667","112900052","홍은유원아파트","126.9450463638","37.5969649835","마을버스"
"13668","112900208","유진상가다리앞","126.9446843067","37.5919205228","마을버스"
"13669","112900051","문화촌현대아파트입구","126.9471389075","37.5926048425","마을버스"
"13683","101000248","바비엥스위트","126.9673182162","37.5647772952","일반차로"
"13695","112900164","종근당","126.9629183473","37.5598271919","마을버스"
"13698","112900183","이대농협","126.9440526436","37.5568236234","마을버스"
"13699","112900162","미동초등학교","126.9651506262","37.5643964142","마을버스"
"13700","112900165","인창중고","126.9641668008","37.5646637442","마을버스"
"13715","112900050","사천교","126.9180638508","37.5680630996","마을버스"
"13716","112900049","벽산아파트후문","126.9459766195","37.5962886959","마을버스"
"13720","112900260","현대백화점","126.9347143466","37.5561694068","마을버스"
"13724","112900226","아트레온","126.940090405","37.5562630013","마을버스"
"13725","112900184","신촌자이엘라","126.9425352186","37.5567637834","마을버스"
"13726","112900047","인창중고","126.9642045993","37.5644916315","마을버스"
"13731","112000337","연희초등학교","126.9335745537","37.5699570285","일반차로"
"13737","112900046","광산사우나","126.9645783982","37.5656091147","마을버스"
"13740","112900045","스위스그랜드호텔.현대아파트","126.9363778811","37.5893324262","마을버스"
"13747","112900044","모래내시장","126.9156151886","37.5690928967","마을버스"
"13749","112000352","연희초등학교","126.9330310414","37.5697196069","일반차로"
"13751","112900043","홍은성당","126.9464082826","37.5960212696","마을버스"
"13754","112900042","간호대입구올해피장애인복지센터","126.9491285283","37.5959314635","마을버스"
"13755","112900209","우리은행홍제동지점","126.9451782303","37.5917792198","마을버스"
"13764","112900166","미동초등학교","126.9648856423","37.5631094992","마을버스"
"13773","112000372","연희삼거리","126.9344980432","37.5715704986","일반차로"
"13774","112000373","연희삼거리","126.9332681588","37.5695126174","일반차로"
"13775","112000374","서대문구청","126.9357996958","37.5784645604","일반차로"
"13776","112000375","서대문구청","126.936131388","37.5785143003","일반차로"
"13777","112000376","그랜드힐튼호텔","126.9357565292","37.5878538931","일반차로"
"13778","112000377","그랜드힐튼호텔","126.9355163118","37.5880402875","일반차로"
"13793","112900041","CGV신촌아트레온","126.938554851","37.5557927422","마을버스"
"13794","112900040","경기대후문","126.961672228","37.5640060641","마을버스"
"13795","112900173","서대문성당","126.9640444243","37.5672714689","마을버스"
"13796","112900039","삼거리","126.935433086","37.5900046159","마을버스"
"13798","112900038","벽산아파트정문","126.9460106487","37.594645127","마을버스"
"13801","112900037","서대문역7번출구","126.9669874701","37.5652394638","마을버스"
"13802","112900230","신촌전철역","126.9371485343","37.5553901125","마을버스"
"13803","112900182","금화장오거리","126.9593378205","37.5644864668","마을버스"
"13804","112900036","동명여중","126.9629186057","37.5680640191","마을버스"
"13805","112900035","차고앞","126.9351293826","37.5915705415","마을버스"
"13808","112900034","고은초교삼거리","126.9436845024","37.5842616936","마을버스"
"13813","112900032","영천시장입구","126.9619594904","37.5684809789","마을버스"
"13814","112900031","홍은중학교","126.9347015063","37.5926714357","마을버스"
"13816","112900030","정원여중입구","126.9346366412","37.5865602152","마을버스"
"13818","112900029","명진아트빌라","126.943546249","37.5829135972","마을버스"
"13819","112900028","문화공원입구","126.9484966108","37.5942912091","마을버스"
"13820","112900233","가재울초등학교","126.9183585228","37.5745622293","마을버스"
"13821","112900188","연대앞.세브란스병원","126.9355917024","37.5602943607","마을버스"
"13822","112900027","미성아파트","126.9346802635","37.5936545113","마을버스"
"13823","112900224","남가좌동아이파크후문","126.9206142993","37.5745040424","마을버스"
"13824","112900026","싸이버아파트","126.9340393252","37.5872194803","마을버스"
"13826","112900025","동신병원사거리","126.9356034175","37.5815669075","마을버스"
"13827","112900024","동성교회","126.9494683467","37.5941402463","마을버스"
"13828","112900196","연희성당","126.9311005456","37.5630514409","마을버스"
"13830","112900225","남가좌동아이파크정문","126.9215738878","37.5749489217","마을버스"
"13831","112900023","동원빌라","126.9333033629","37.5871586938","마을버스"
"13832","112900022","홍은2동주민센터","126.934715178","37.5809086238","마을버스"
"13833","112900021","오동나무","126.9507351582","37.593009015","마을버스"
"13834","112900020","연희브라운스톤","126.9302298489","37.5657082519","마을버스"
"13835","112900019","3호선독립문역","126.9584504401","37.5724599224","마을버스"
"13837","112900018","삼성그린빌","126.9325460681","37.5868978487","마을버스"
"13838","112900017","서대문내품애센터","126.9334962806","37.5803213337","마을버스"
"13839","112900016","금강빌라.인왕중학교","126.9516257391","37.5922107348","마을버스"
"13840","112900015","하나은행연희동지점","126.931247474","37.5669938067","마을버스"
"13841","112900014","이진아기념도서관","126.9565857109","37.5727088538","마을버스"
"13844","112900013","서대문문화체육회관","126.9318571973","37.5815354767","마을버스"
"13845","112900012","버드나무가게","126.9527510089","37.590994104","마을버스"
"13846","112900011","종근당후문","126.9637436891","37.5594697141","마을버스"
"13847","112900064","사러가쇼핑","126.9303732956","37.5672110495","마을버스"
"13848","112900197","국민은행","126.931818","37.56781","마을버스"
"13849","112900010","극동아파트119동","126.9547526626","37.5729676798","마을버스"
"13850","112900009","사천교","126.9185424288","37.5683166376","마을버스"
"13852","112900008","팔각정","126.9303357066","37.583313833","마을버스"
"13853","112900210","삼거리연탄.약수터입구","126.9532665726","37.5904725788","마을버스"
"13855","112900118","민속식당","126.9296164448","37.5679615197","마을버스"
"13857","112900119","이진아기념도서관","126.9564804632","37.5726421343","마을버스"
"13858","112900120","유진상가","126.9426778859","37.591660052","마을버스"
"13859","112900222","명지고후문","126.9292207427","37.5841656006","마을버스"
"13860","112900206","개미마을","126.9537786344","37.5897135968","마을버스"
"13861","112900121","아현전철역","126.9577230295","37.5574907123","마을버스"
"13862","112900122","서연중학교","126.928589688","37.5691422348","마을버스"
"13864","112900123","3호선독립문역","126.9583836762","37.5724049323","마을버스"
"13865","112900185","이대입구","126.9452863295","37.5568998934","마을버스"
"13866","112900221","백련사","126.9286278498","37.5849059393","마을버스"
"13867","112900124","평화교회","126.9260014418","37.5695046821","마을버스"
"13869","112900174","극동아파트입구","126.9585322513","37.5719201973","마을버스"
"13870","112900125","신촌아트레온","126.9407252016","37.5564894962","마을버스"
"13871","112900126","북아현동주민센터","126.9567766726","37.5596417843","마을버스"
"13874","112900127","삼호아파트.천연동주민센터","126.9593909971","37.5707914279","마을버스"
"13875","112900128","홍은초등학교.간호대입구","126.9483983653","37.5968134349","마을버스"
"13876","112900179","경남아파트.북아현119안전센터","126.9560391181","37.5607808911","마을버스"
"13877","112900129","홍제폭포.동신병원","126.9354666025","37.5800385838","마을버스"
"13878","112900130","영천시장입구","126.9614410169","37.5689547887","마을버스"
"13879","112900131","간호대정문","126.9471326","37.5973129248","마을버스"
"13880","112900132","중앙여고","126.9549530248","37.5620580263","마을버스"
"13881","112900133","중앙여고","126.9556170486","37.562450459","마을버스"
"13882","112900134","홍은2동어린이집앞","126.9341740353","37.5795467759","마을버스"
"13883","112900135","감리신학대학교","126.9625724585","37.5679216001","마을버스"
"13885","112900137","추계초등학교","126.9542624655","37.5636952525","마을버스"
"13886","112900138","두산아파트","126.9320428222","37.5787201694","마을버스"
"13887","112900175","서대문센트레빌","126.9639357971","37.5671723156","마을버스"
"13888","112900139","포방시장","126.9485644718","37.5993508468","마을버스"
"13891","112900141","홍은2동주민센터","126.9344518005","37.5804137793","마을버스"
"13892","112900142","광산사우나","126.9644312366","37.5656108726","마을버스"
"13893","112900143","포방공영주차장","126.9491591491","37.6008595246","마을버스"
"13894","112900144","힐스테이트신촌.신촌푸르지오1단지후문","126.9515497876","37.5608966456","마을버스"
"13895","112900167","인창중고","126.9641139341","37.5647326205","마을버스"
"13897","112900145","호박골다리","126.9468857242","37.5981372208","마을버스"
"13898","112900146","초원약국","126.9498696017","37.5598106586","마을버스"
"13902","112900113","홍은동국민주택","126.9499071147","37.6051967755","마을버스"
"13905","112900147","풍림.극동아파트","126.9495050706","37.6034755286","마을버스"
"13907","112900217","홍은동국민주택","126.949965709","37.6056464425","마을버스"
"13911","112000413","홍제역3번출구","126.9442328155","37.5884321956","일반차로"
"13912","112900204","홍제우체국","126.9463325749","37.5867611042","마을버스"
"13913","112900148","홍제2동주민센터","126.949649234","37.5861855115","마을버스"
"13915","112900214","인왕산현대아파트입구","126.9479674436","37.5854477501","마을버스"
"13916","112900149","삼호아파트.천연동주민센터","126.9600087407","37.570506964","마을버스"
"13917","112000411","홍제역1번출구","126.944047791","37.5890349366","일반차로"
"13918","112000412","유진상가.인왕시장","126.9421882308","37.5907884605","일반차로"
"13919","112900193","연희브라운스톤","126.930217","37.566066","마을버스"
"13922","112900186","신촌기차역","126.9426327429","37.5587257522","마을버스"
"13923","112900151","인왕산현대아파트입구","126.9487531269","37.5851813121","마을버스"
"13924","112900212","인왕산현대아파트117동","126.9510210022","37.5863067328","마을버스"
"13926","112900152","북아현로입구","126.9564549195","37.5581795882","마을버스"
"13927","112900213","인왕산현대아파트117동","126.9510203195","37.5864158661","마을버스"
"13928","112900187","이대전철역","126.9468188341","37.5569744833","마을버스"
"13929","112900153","유진상가","126.9419373753","37.5906566603","마을버스"
"13930","112900154","인왕산현대아파트101동","126.9504373685","37.5861227688","마을버스"
"13933","112900155","홍은2동주민센터","126.9341610096","37.5801955537","마을버스"
"13934","112900157","뜨란채아파트101동","126.958513127","37.5659098551","마을버스"
"13935","112900156","뜨란채아파트101동","126.958626211","37.5657892","마을버스"
"13936","112900211","홍지문35통","126.9561380553","37.5967940402","마을버스"
"13937","112900158","옥천교앞","126.9543661773","37.5963608926","마을버스"
"13938","112900234","대명빌라","126.9270218704","37.5729270056","마을버스"
"13939","112900235","인왕시장","126.942912416","37.591139002","마을버스"
"13940","112900159","창덕에버빌","126.91742748","37.5693943762","마을버스"
"13941","112900160","영천동","126.9605988267","37.5701370515","마을버스"
"13942","112900176","독립문","126.9593725088","37.5714816578","마을버스"
"13943","112900161","영천동","126.960381957","37.5700627813","마을버스"
"13944","112900237","동원베네스트아파트입구","126.9447652539","37.5982578813","마을버스"
"13945","112900236","홍은유원아파트입구","126.9451708339","37.5972309406","마을버스"
"13946","112900261","동원베네스트주차장.두산위브입구","126.9442149137","37.5991156733","마을버스"
"13947","112900228","홍은사회복지관별관","126.9474377485","37.5941280566","마을버스"
"13952","112900229","서강아파트1차정문앞","126.934065371","37.5949183961","마을버스"
"13953","112900238","연희상가아파트","126.928044361","37.5731224341","마을버스"
"13955","112900239","봉원사입구","126.9464269727","37.5667306356","마을버스"
"13956","111901147","증산역(증산2교)","126.9113530601","37.5837069844","마을버스"
"13957","112900240","행운부동산앞","126.916578396","37.5809892128","마을버스"
"13958","112900241","은가경로당앞","126.9179580379","37.5810400985","마을버스"
"13959","112900242","우리동네키움센터.삼성유치원","126.9185042381","37.5815105244","마을버스"
"13960","112900243","두란노어린이집앞","126.9207840836","37.5815815396","마을버스"
"13961","112900244","은혜감사어린이집","126.9224798172","37.5820455097","마을버스"
"13962","112900245","백련어린이공원(공영주차장)","126.9236989303","37.5826610496","마을버스"
"13963","112900246","상록운수","126.9233580202","37.5840282682","마을버스"
"13964","112900247","명지대학교교회","126.9253633984","37.5825812067","마을버스"
"13965","112900248","명지대후문(세븐일레븐)","126.9248522221","37.5814681556","마을버스"
"13966","112900249","백련어린이공원","126.9239938349","37.5822559752","마을버스"
"13967","112900250","은혜감사어린이집앞","126.9223608986","37.5820882288","마을버스"
"13968","112900251","두란노어린이집","126.9205272051","37.5817423785","마을버스"
"13969","112900252","우리동네키움센터.삼성유치원","126.9184796033","37.581739926","마을버스"
"13971","112900254","행운부동산앞","126.9165576051","37.5808266426","마을버스"
"13972","112900255","북가좌사거리","126.9137827727","37.5815349216","마을버스"
"13973","112900256","북가좌오거리","126.9124960014","37.5811559999","마을버스"
"13974","112900257","북가좌파출소","126.9111737609","37.5813659825","마을버스"
"13975","111901148","해담는다리앞","126.9093836158","37.5822276439","마을버스"
"13976","112900258","이마트24앞","126.9214779936","37.5819344759","마을버스"
"13977","111001129","증산2교","126.9109326449","37.5839069226","마을버스"
"13978","112900259","홍제천입구","126.9321466162","37.5788352473","마을버스"
"14001","113000001","마포역","126.9479644874","37.5409425139","중앙차로"
"14002","113000002","마포역","126.9467854312","37.540277175","중앙차로"
"14003","113000003","공덕역","126.9509046196","37.5436049054","중앙차로"
"14004","113000004","공덕역","126.9513544428","37.5445016819","중앙차로"
"14005","113000005","아현동주민센터","126.9529070766","37.546364876","중앙차로"
"14006","113000006","아현동주민센터","126.9532416189","37.5470777755","중앙차로"
"14007","113000007","마포경찰서","126.9552123486","37.5501999331","중앙차로"
"14008","113000008","마포경찰서","126.9553048134","37.5507703612","중앙차로"
"14009","113000009","아현초등학교","126.9571001865","37.5540780443","중앙차로"
"14010","113000010","아현초등학교","126.9573351399","37.5548981253","중앙차로"
"14011","113000424","합정역","126.9129885095","37.5489993779","중앙차로"
"14012","113000412","합정역","126.9138559699","37.5495322937","중앙차로"
"14013","113000423","서교동","126.9195815796","37.5536367406","중앙차로"
"14014","113000413","서교동","126.920047245","37.554149067","중앙차로"
"14015","113000422","홍대입구역","126.9234653018","37.5566403375","중앙차로"
"14016","113000414","홍대입구역","126.9243162516","37.5573256439","중앙차로"
"14061","113000421","동교동삼거리","126.928542674","37.558067095","중앙차로"
"14062","113000420","신촌오거리.현대백화점","126.9358930618","37.5553966479","중앙차로"
"14063","113000419","신촌오거리.2호선신촌역","126.940153403","37.5561071246","중앙차로"
"14064","113000418","이대역","126.9444960625","37.5566543493","중앙차로"
"14067","113000476","웨딩타운","126.951517","37.557092","중앙차로"
"14068","113000477","아현역","126.9549417458","37.5572940008","중앙차로"
"14100","113000474","아현동가구단지","126.9606652753","37.5579672892","일반차로"
"14101","113000011","마포구청.성산자동차검사소","126.9024231067","37.5649538546","일반차로"
"14102","113000012","마포구청","126.9018904171","37.5649023958","일반차로"
"14103","113000013","마포농수산물시장.월드컵공원","126.8974542618","37.5661067292","일반차로"
"14104","113000014","월드컵경기장남측.월드컵공원","126.8963261593","37.5666679881","일반차로"
"14105","113000015","월드컵경기장서측.문화비축기지","126.895467768","37.569236499","일반차로"
"14106","113000016","월드컵경기장서측.문화비축기지","126.894294","37.568726","일반차로"
"14107","113000017","월드컵파크3단지.난지천공원","126.8879570409","37.5733547348","일반차로"
"14108","113000018","월드컵파크3단지.난지천공원","126.8884623272","37.5723190695","일반차로"
"14109","113000019","서부면허시험장","126.880437164","37.5778826192","일반차로"
"14110","113000020","서부면허시험장","126.8803980947","37.5775610281","일반차로"
"14111","113000021","DMC첨단산업센터","126.8851878625","37.5853442979","일반차로"
"14112","113000022","DMC첨단산업센터","126.884787","37.585598","일반차로"
"14115","113000025","월드컵공원입구.문화비축기지입구","126.892748","37.568523","일반차로"
"14116","113000026","월드컵파크3단지정문","126.889228","37.573822","일반차로"
"14117","113000027","월드컵파크2단지.에스플렉스센터","126.890647","37.575267","일반차로"
"14118","113000028","월드컵파크2단지.에스플렉스센터","126.8902909609","37.5753384971","일반차로"
"14119","113000029","합정역7번출구","126.9143006049","37.5485905004","일반차로"
"14120","113000030","합정역6번출구","126.9146251811","37.5487970862","일반차로"
"14121","113000031","성산중학교","126.9175061586","37.5481890927","일반차로"
"14122","113000032","성산중학교","126.9174453228","37.5479367436","일반차로"
"14123","113000033","상수역","126.9216470319","37.5476829367","일반차로"
"14124","113000034","상수역","126.9215637852","37.5478737711","일반차로"
"14125","113000035","서강초등학교","126.9253669692","37.5478027651","일반차로"
"14126","113000036","서강초등학교","126.9261941009","37.5474910871","일반차로"
"14127","113000037","광흥창역","126.9305409732","37.5476090642","일반차로"
"14128","113000038","광흥창역","126.9305842172","37.5473522775","일반차로"
"14129","113000039","광흥창역4번출구","126.9339394067","37.5473123228","일반차로"
"14130","113000040","마포세무서","126.9390917397","37.5469713032","일반차로"
"14131","113000485","중앙잔디광장","126.8792488862","37.5664760626","일반차로"
"14132","113000042","마포역","126.9457368286","37.5397090071","일반차로"
"14133","113000486","노을공원입구(난지미술창작스튜디오)","126.8806949077","37.569406359","일반차로"
"14134","113000471","공덕역10번출구","126.9528746311","37.5419401801","일반차로"
"14135","113000470","공덕역10번출구","126.9528901577","37.5417232771","일반차로"
"14136","113000493","난지천공원다목적구장","126.8834400255","37.5735598425","일반차로"
"14137","113000487","난지천공원","126.8860993187","37.5741661044","일반차로"
"14138","113000491","월드컵경기장역","126.9001971302","37.5695262377","일반차로"
"14139","113000492","마포구청.농수산물시장","126.8995833556","37.566298907","일반차로"
"14140","113000488","난지천공원다목적구장","126.8832782507","37.5738570108","일반차로"
"14141","113000051","공덕역.공덕시장","126.9530314936","37.5444134861","일반차로"
"14142","113000052","공덕시장","126.9541479054","37.544351852","일반차로"
"14143","113000053","신덕성결교회","126.9566906448","37.5459410072","일반차로"
"14144","113000054","신덕성결교회","126.9561622385","37.5458923284","일반차로"
"14145","113000055","한겨레신문사","126.9588159115","37.548146748","일반차로"
"14146","113000056","한겨레신문사","126.9589872289","37.5479971758","일반차로"
"14147","113000489","노을공원입구(난지미술창작스튜디오)","126.8804861814","37.5695835026","일반차로"
"14149","113000058","공덕역6번출구","126.9531626402","37.5430732748","일반차로"
"14150","113000059","공덕역7번출구","126.9533323949","37.5427512615","일반차로"
"14151","113000060","용마루고개.신공덕삼성아파트","126.955885","37.541871","일반차로"
"14152","113000061","서울대동창회관","126.9507441044","37.542444957","일반차로"
"14153","113000062","공덕역8번출구","126.951631774","37.5434939017","일반차로"
"14154","113000063","도화동현대아파트","126.9557014553","37.5403322186","일반차로"
"14155","113000064","도화동현대아파트","126.955832541","37.5405429216","일반차로"
"14156","113000065","중동초등학교","126.9104194588","37.5668726108","일반차로"
"14157","113000066","중동초등학교","126.9103076889","37.5666220223","일반차로"
"14158","113000067","성산2동주민센터","126.9083263491","37.5677928213","일반차로"
"14159","113000068","성산2동주민센터","126.9084370307","37.5680037628","일반차로"
"14160","113000069","성산119안전센터","126.9038566649","37.5698617774","일반차로"
"14161","113000070","성산119안전센터","126.9037125673","37.569712828","일반차로"
"14162","113000071","성산아파트","126.9014985417","37.571597138","일반차로"
"14163","113000072","성산아파트","126.9014134049","37.5714611354","일반차로"
"14164","113000073","DMC상암센트럴파크","126.896039836","37.5751843905","일반차로"
"14165","113000074","DMC상암센트럴파크","126.8954851821","37.5751546184","일반차로"
"14166","113000075","상암초등학교","126.8934221518","37.5763917144","일반차로"
"14167","113000076","상암초등학교","126.8937200609","37.5765495834","일반차로"
"14168","113000077","신촌로터리","126.9368825067","37.5538094529","일반차로"
"14169","113000078","신촌로터리","126.9372675673","37.5535240112","일반차로"
"14170","113000079","서강대학교","126.93797","37.5511","일반차로"
"14171","113000080","서강대학교","126.9373153932","37.5518272757","일반차로"
"14172","113000081","광성중고등학교","126.9386715493","37.5493548145","일반차로"
"14173","113000082","광성중고등학교","126.93986","37.548952","일반차로"
"14174","113000083","대흥역","126.9409887457","37.5481067455","일반차로"
"14175","113000084","대흥역","126.9427204259","37.5476750559","일반차로"
"14176","113000085","용강초등학교","126.9435145128","37.546977106","일반차로"
"14177","113000086","동도중학교.서울디자인고등학교","126.945401461","37.5464778856","일반차로"
"14178","113000087","동도중학교.서울디자인고등학교","126.9467666745","37.5456406475","일반차로"
"14179","113000088","공덕역2번출구","126.9483406072","37.5451999014","일반차로"
"14180","113000089","공덕역1번출구","126.9493208487","37.5444323434","일반차로"
"14181","113000090","서서울농협홍대역점","126.91971","37.556592","일반차로"
"14182","113000091","동교로사거리","126.9209476216","37.5558462446","일반차로"
"14184","113000479","성산동","126.9069033254","37.564768944","일반차로"
"14185","113000094","성산2교","126.912473","37.564277","일반차로"
"14186","113000095","성산2교","126.9132054677","37.5638632409","일반차로"
"14187","113000096","성미약수터","126.9151050102","37.5617966139","일반차로"
"14188","113000097","성미약수터","126.9140662478","37.5624635723","일반차로"
"14189","113000098","경성중고.홍대부속여중고입구","126.9158070869","37.560551806","일반차로"
"14190","113000099","경성중고.홍대부속여중고입구","126.9166140242","37.5596512854","일반차로"
"14191","113000100","경성중고.홍대부속여중고입구","126.9172809899","37.5594093604","일반차로"
"14192","113000101","아만티호텔서울","126.9193196292","37.5572277306","일반차로"
"14193","113000102","아만티호텔서울","126.9182029073","37.5578790449","일반차로"
"14194","113000103","마포구청역7번출구","126.902662558","37.5627277529","일반차로"
"14195","113000104","마포구청역6번출구","126.9024722199","37.5624588168","일반차로"
"14196","113000105","마포중앙도서관","126.9067285152","37.5636762812","가로변전일"
"14197","113000106","마포중앙도서관","126.907457","37.564253","가로변전일"
"14198","113000107","성산2교","126.9135548771","37.56566824","가로변시간"
"14199","113000108","성산2교","126.9126441333","37.5656929458","일반차로"
"14200","113000109","광흥창역.서강동주민센터","126.9319142889","37.5482784766","일반차로"
"14201","113000110","광흥창역.서강동주민센터","126.931412223","37.548254678","일반차로"
"14202","113000111","창전현대홈타운","126.9326546465","37.5508818035","일반차로"
"14203","113000112","창전현대홈타운","126.932199547","37.5507124982","일반차로"
"14204","113000113","신촌로터리","126.9345617","37.5538899564","일반차로"
"14205","113000114","신촌로터리","126.9356825619","37.5540511998","일반차로"
"14207","113000116","이대역6번출구","126.9447874756","37.5564896634","일반차로"
"14208","113000117","이화여대입구","126.9457318695","37.5559161044","일반차로"
"14209","113000118","이대역5번출구","126.946020578","37.5557990945","일반차로"
"14210","113000119","대흥교회","126.9457581231","37.5540499504","일반차로"
"14211","113000120","대흥교회","126.9460582466","37.5537887705","일반차로"
"14212","113000121","서강대후문.마포아트센터","126.9439464603","37.5504951872","일반차로"
"14213","113000472","마포자이2차아파트.대흥역","126.942535","37.548758","일반차로"
"14215","113000124","굴레방다리.아현역","126.9574606253","37.5571518068","일반차로"
"14216","113000125","양화진성지공원입구","126.9122481343","37.5486575374","일반차로"
"14217","113000494","홍대입구","126.920375476","37.5545944804","일반차로"
"14218","113000127","홀트아동복지회","126.9121780839","37.5490106533","가로변전일"
"14219","113000128","합정역2번출구","126.9156095164","37.5510604429","일반차로"
"14220","113000129","합정역4번출구","126.9153071515","37.5502177028","가로변전일"
"14224","113000133","홍대입구역1번출구","126.9230438058","37.5565612263","가로변전일"
"14225","113000134","홍대입구역","126.923813304","37.556651825","일반차로"
"14226","113000135","연남동","126.9275410215","37.5625221708","일반차로"
"14228","113000137","신촌역8번출구","126.9347610004","37.555637521","가로변전일"
"14230","113000139","극동방송","126.9231511533","37.5494237971","일반차로"
"14231","113000140","극동방송","126.9229225322","37.5494290547","일반차로"
"14232","113000141","홍익대학교","126.923804758","37.5521905815","일반차로"
"14233","113000142","홍익대학교","126.924641406","37.5530705865","일반차로"
"14234","113000143","산울림소극장","126.9298077585","37.5543703111","일반차로"
"14235","113000144","산울림소극장","126.9301572482","37.554958166","일반차로"
"14236","113000145","신수중학교","126.9326481273","37.545242206","일반차로"
"14237","113000146","신수중학교","126.9327520694","37.5454360008","일반차로"
"14238","113000147","래미안웰스트림아파트","126.9362364705","37.5442313666","일반차로"
"14239","113000148","한국출판콘텐츠센터","126.9354090177","37.5446547963","일반차로"
"14240","113000149","용강동주민센터","126.9404187472","37.5419177341","일반차로"
"14241","113000150","용강동주민센터","126.9411793777","37.5417099622","일반차로"
"14242","113000151","용강동입구","126.9441050979","37.5396325539","일반차로"
"14244","113000153","메세나폴리스","126.9129324905","37.5509477452","일반차로"
"14245","113000154","마포한강푸르지오","126.912592","37.550787","일반차로"
"14246","113000155","성산초등학교입구","126.9118676593","37.5531302266","일반차로"
"14247","113000156","성산초등학교입구","126.912262","37.553218","일반차로"
"14248","113000157","기업은행서교동지점(최규하대통령가옥)","126.9114638988","37.5547915422","일반차로"
"14350","113000442","가좌행복주택.건영월드컵아파트","126.9121016153","37.5694513482","일반차로"
"14249","113000158","기업은행서교동지점(최규하대통령가옥)","126.9108956213","37.5548695099","일반차로"
"14250","113000159","망원시장.망원동월드컵시장입구","126.9087601732","37.5573371725","일반차로"
"14251","113000160","망원시장.망원동월드컵시장입구","126.9089432755","37.5575911259","일반차로"
"14252","113000161","망원동방울내길입구","126.906364689","37.5604275533","일반차로"
"14253","113000162","망원동방울내길입구","126.9057249395","37.5605946475","일반차로"
"14254","113000163","성서초등학교","126.9114976368","37.5588032368","일반차로"
"14255","113000164","성서초등학교","126.9111731244","37.5585137421","일반차로"
"14256","113000234","합정한강아파트","126.9072376566","37.5510938111","일반차로"
"14257","113000166","미원아파트입구","126.9032162229","37.5591229348","일반차로"
"14258","113000167","미원아파트입구","126.9033225674","37.5591653733","일반차로"
"14259","113000168","망원2동주민센터","126.9030950972","37.5600059068","일반차로"
"14260","113000169","망원2동주민센터","126.9029286079","37.5600805608","일반차로"
"14261","113000170","청기와빌라","126.9043928297","37.560782282","일반차로"
"14262","113000171","청기와빌라","126.9047512686","37.5607605683","일반차로"
"14263","113000172","망원정입구","126.9069935902","37.5525939414","일반차로"
"14264","113000173","성산초등학교","126.9100992042","37.553593858","일반차로"
"14265","113000174","서서울농협","126.906062842","37.553553121","일반차로"
"14266","113000175","서서울농협","126.9060056297","37.5534086494","일반차로"
"14267","113000176","망원1동주민센터","126.9048936302","37.5556235492","일반차로"
"14268","113000177","망원1동주민센터","126.9051055187","37.5554407976","일반차로"
"14269","113000178","동교초등학교","126.90421537","37.557946251","일반차로"
"14270","113000179","동교초등학교","126.9040871071","37.5578909496","일반차로"
"14271","113000180","월드컵파크7단지","126.8784199476","37.5811497135","일반차로"
"14272","113000181","월드컵파크7단지","126.878963","37.581876","일반차로"
"14273","113000182","월드컵경기장북측","126.8994695568","37.5728554605","일반차로"
"14274","113000183","상암사거리.월드컵경기장북측","126.898104","37.573967","일반차로"
"14275","113000184","경성중고.홍대부속여중고입구","126.9156529372","37.5597317011","일반차로"
"14276","113000531","한강버스망원선착장","126.897648","37.555741","일반차로"
"14283","113000189","삼진제약","126.9267223052","37.5533537628","일반차로"
"14284","113000190","홍대입구역사거리","126.9222053762","37.5547384096","일반차로"
"14286","113000192","상암DMC홍보관.YTN","126.891323","37.577985","일반차로"
"14287","113000193","상암DMC홍보관.YTN","126.8912875667","37.5774605863","일반차로"
"14288","113000194","월드컵파크5단지.상암중고등학교입구","126.886335","37.580921","일반차로"
"14289","113000195","월드컵파크5단지","126.8865178403","37.5803332786","일반차로"
"14290","113000196","구룡근린공원","126.8826124496","37.5834310105","일반차로"
"14291","113000197","상암고등학교","126.8841995172","37.5819239214","일반차로"
"14292","113000198","월드컵파크3단지후문","126.889762","37.571242","일반차로"
"14293","113000199","서강대후문.마포아트센터","126.943770647","37.54982788","일반차로"
"14295","113000201","월드컵파크4단지후문.JTBC","126.8898953585","37.5773614776","일반차로"
"14296","113000202","디지털미디어시티역2번출구","126.8996741287","37.5752078233","일반차로"
"14306","113000203","월드컵파크4단지후문.JTBC","126.889945572","37.577857071","일반차로"
"14307","113000204","누리꿈스퀘어.MBC","126.889637","37.578988","일반차로"
"14308","113000205","월드메르디앙아파트","126.9234283579","37.5450734893","일반차로"
"14309","113000206","월드메르디앙아파트","126.924290977","37.5448091234","일반차로"
"14310","113000207","한강밤섬자이아파트","126.9277926676","37.5457358405","일반차로"
"14311","113000208","한강밤섬자이아파트","126.9277294722","37.5455492751","일반차로"
"14312","113000209","서강해모로아파트","126.9294970623","37.5456864091","일반차로"
"14313","113000210","서강해모로아파트","126.928887","37.545537","일반차로"
"14314","113000211","서교동주민센터.마포신문사","126.9163533449","37.5548915242","일반차로"
"14315","113000212","동교로사거리","126.91982843","37.5556445461","일반차로"
"14316","113000213","상암사거리.월드컵경기장북측","126.8979917064","37.5737580172","일반차로"
"14317","113000214","강변한신코아","126.9439785202","37.5374403051","일반차로"
"14330","113000430","난지한강공원","126.8781937234","37.5680089232","일반차로"
"14331","113000428","난지한강공원","126.8750873208","37.5687642494","일반차로"
"14332","113000410","월드컵공원입구.문화비축기지입구","126.892749","37.568177","일반차로"
"14333","113000425","디지털미디어시티역","126.9007548894","37.5750780768","일반차로"
"14334","113000433","월드컵파크9.10.11.12단지","126.878833","37.58533","일반차로"
"14335","113000432","월드컵파크9.10.11.12단지","126.8799671809","37.5843953147","일반차로"
"14336","102000254","용마루고개.브라운스톤공덕아파트","126.9568297914","37.541133045","일반차로"
"14337","113000436","하늘초등학교","126.879658","37.585322","일반차로"
"14338","113000435","월드컵파크10단지","126.881348387","37.5862054537","일반차로"
"14339","113000437","월드컵파크11.12단지","126.8808993224","37.5862704288","일반차로"
"14340","113000438","수색교","126.8839820122","37.5872149306","일반차로"
"14341","113000434","수색교","126.8839598515","37.5870817539","일반차로"
"14342","113000495","가좌역1번출구","126.9149412588","37.5683159216","일반차로"
"14343","113000496","가좌역","126.9153689271","37.5678973956","일반차로"
"14344","113000448","디지털미디어시티역3번출구A","126.9007797653","37.5755263424","일반차로"
"14346","113000446","청구아파트.참누리아파트","126.9028581629","37.5742321541","일반차로"
"14347","113000445","청구아파트.참누리아파트","126.9031032213","37.5738331722","일반차로"
"14348","113000444","중동현대아파트","126.9072675947","37.5716856118","일반차로"
"14349","113000443","중동현대아파트","126.9072883544","37.5714636428","일반차로"
"14351","113000441","가좌행복주택.건영월드컵아파트","126.9120367007","37.5693048881","일반차로"
"14352","113000440","월드컵아이파크","126.9136074112","37.5667337059","일반차로"
"14353","113000439","월드컵아이파크","126.9136846815","37.5664713538","일반차로"
"14354","113000455","DMC첨단산업센터","126.8865456046","37.5840594436","일반차로"
"14355","113000454","DMC첨단산업센터","126.886622684","37.5836187524","일반차로"
"14356","113000453","SBS.YTN","126.8943776781","37.579829791","일반차로"
"14357","113000452","SBS.YTN","126.8939587977","37.5798316679","일반차로"
"14358","113000451","공항철도디지털미디어시티역","126.8990065446","37.5766983835","일반차로"
"14359","113000450","공항철도디지털미디어시티역","126.8981967646","37.5769634812","일반차로"
"14360","113000449","디지털미디어시티역3번출구","126.900584183","37.5753552366","일반차로"
"14361","113000469","상암동주민센터앞","126.8939275345","37.578461396","일반차로"
"14362","111001115","MBC","126.8907318462","37.5820834608","일반차로"
"14363","111001114","MBC","126.8907859977","37.5818267278","일반차로"
"14490","113900288","난지천공원.박정희대통령기념관","126.8861728907","37.5744127596","마을버스"
"14491","113900296","공덕시장","126.9541672852","37.5443868565","마을버스"
"14492","113900260","마포16번종점","126.8988594191","37.5608656017","마을버스"
"14493","113900297","서부면허시험장.월드컵파크8단지","126.882110569","37.5785320093","마을버스"
"14494","113900299","창전중앙하이츠아파트","126.92752631","37.549919204","마을버스"
"14495","113900284","망원유수지.마포구민체육센터","126.8985925441","37.5564968722","마을버스"
"14496","113900285","양화진성지","126.9119307997","37.5456403732","마을버스"
"14497","113900300","홍대입구역","126.9236679158","37.5573254742","마을버스"
"14498","113900301","홍대입구역","126.9234387243","37.5577282744","마을버스"
"14499","113900302","아현전철역","126.9562461927","37.5571368168","마을버스"
"14500","113900303","샛별문방구.마포전철역","126.947628807","37.5398243005","마을버스"
"14501","113900304","청암대","126.9477362472","37.5357415195","마을버스"
"14502","113900219","한겨레신문사","126.9589794255","37.5471556001","마을버스"
"14503","113900305","동원데자뷰아파트","126.8992212168","37.5603378705","마을버스"
"14505","113900306","창전삼성아파트109동","126.9302782196","37.5502446123","마을버스"
"14506","113900307","홍대후문","126.927367497","37.5512061281","마을버스"
"14507","113900308","광성중고등학교입구","126.9375706084","37.5497981454","마을버스"
"14508","113900014","태양빌딩","126.899382","37.55611","마을버스"
"14509","113900273","난지천공원.박정희대통령기념관","126.8860527171","37.5740883789","마을버스"
"14510","113900016","다운교회","126.9128255229","37.5456250178","마을버스"
"14511","113900245","동교로사거리","126.9210303052","37.5557913332","마을버스"
"14512","113900017","코오롱아파트106동앞","126.9231008719","37.5609091091","마을버스"
"14513","113900018","가든호텔.삼성프라자","126.9492092871","37.5407448359","마을버스"
"14514","113900019","우성아파트3동","126.9475068947","37.5361648924","마을버스"
"14515","113900020","대상아파트","126.8996419598","37.5597426063","마을버스"
"14516","111001135","디지털미디어시티역9번출구","126.8969821974","37.5777772935","일반차로"
"14517","113900022","창전삼성아파트107동","126.9309953149","37.5507316247","마을버스"
"14518","113900023","서강유치원","126.9279949601","37.5519120695","마을버스"
"14519","113900024","삼익아파트.마포아이파크포레","126.9356035042","37.5499070227","마을버스"
"14520","113900025","신촌역교차로","126.9368472568","37.554479102","마을버스"
"14521","113900274","월드컵파크3단지","126.8883543312","37.5726253056","마을버스"
"14522","113900026","한이맨션","126.9141581354","37.54551586","마을버스"
"14524","113900027","코오롱아파트104동앞","126.9219754172","37.5622933508","마을버스"
"14525","113900028","돼지슈퍼","126.961677","37.556961","마을버스"
"14526","101000336","형제식당","126.961069","37.557353","마을버스"
"14527","113900029","하나님의교회","126.9598793339","37.5462180095","마을버스"
"14528","113900030","신부파스카아파트","126.9003563794","37.5587574153","마을버스"
"14530","113900031","창전삼성아파트104동","126.9315846569","37.5510770869","마을버스"
"14531","113900032","육완순무용원","126.9290988156","37.5527354367","마을버스"
"14532","113900033","신수경남아파트","126.9336171589","37.5500104497","마을버스"
"14534","113900251","성원아파트","126.901603","37.556576","마을버스"
"14536","113900035","서일빌딩","126.9159825506","37.5454162494","마을버스"
"14537","113900267","청원빌딩","126.9181649687","37.5584151692","마을버스"
"14538","113900036","코오롱아파트사거리","126.9213939451","37.5630345645","마을버스"
"14539","113900037","신일약국","126.9625987905","37.5560100579","마을버스"
"14540","101900026","아현실버복지관","126.9602156344","37.5576412633","마을버스"
"14541","113900038","S마트","126.943554","37.547055","마을버스"
"14542","113900039","동교초등학교","126.9014438887","37.5572273703","마을버스"
"14544","113900040","창전삼성아파트입구","126.9324080979","37.5516299322","마을버스"
"14545","113900041","와우공원입구","126.9300208249","37.5531811274","마을버스"
"14546","113900042","마포소방서","126.9326944706","37.5490808985","마을버스"
"14547","113900043","광흥창역.서강동주민센터","126.9326343365","37.5483004315","마을버스"
"14548","113900225","대흥역","126.9410725222","37.5480716446","마을버스"
"14549","113900252","동교초등학교","126.9029520908","37.5568114132","마을버스"
"14550","113900044","마포농수산물시장.월드컵경기장","126.8972675665","37.5660689383","마을버스"
"14551","113900045","마포새빛문화숲","126.9179054483","37.5452896463","마을버스"
"14552","113900046","경성고교입구","126.9166359308","37.5601111815","마을버스"
"14553","113900047","대룡빌딩","126.9222716786","37.5636821303","마을버스"
"14554","113900049","공덕역입구","126.9515801113","37.542036376","마을버스"
"14555","113900262","성원아파트","126.901586","37.556736","마을버스"
"14556","113900309","한강공원입구","126.899256","37.556266","마을버스"
"14557","113900050","금호태영아파트","126.9317248509","37.5537200783","마을버스"
"14558","113900246","경의선책거리.산울림소극장","126.9303700659","37.5549249512","마을버스"
"14559","113900231","신수동성당.신수동주민센터","126.9338504704","37.5472604384","마을버스"
"14560","113900051","서강수협.신수중학교","126.9323900344","37.5453150473","마을버스"
"14561","113900052","용강초등학교","126.9435526305","37.54705602","마을버스"
"14562","113900253","망원동사거리","126.904322","37.55714","마을버스"
"14563","113900053","마포구청.마포구청역","126.9009458973","37.5657503917","마을버스"
"14564","113900054","마포새빛문화숲후문","126.9216549212","37.5451009675","마을버스"
"14565","113900055","마포FM","126.9177138986","37.5609964881","마을버스"
"14566","113900056","연남동주민센터","126.9230681745","37.5640863415","마을버스"
"14567","113900057","도화현대1차아파트111동앞","126.9543656256","37.5411751362","마을버스"
"14569","113900058","성원아파트","126.9371834845","37.5471721489","마을버스"
"14570","113900059","한국출판콘텐츠센터","126.9353844685","37.5446957205","마을버스"
"14571","113900060","서울여자중고등학교","126.9471495554","37.547055382","마을버스"
"14572","113900254","망원시장","126.905979","37.557492","마을버스"
"14573","113900061","월드컵경기장역","126.9002903006","37.5692704064","마을버스"
"14574","113900062","상수동","126.9230414413","37.546692208","마을버스"
"14575","113900265","경성중고.홍익디자인고","126.9192591331","37.5619139666","마을버스"
"14576","113900063","에덴지우아파트","126.924217758","37.5645907957","마을버스"
"14577","113900064","도화현대1차아파트","126.9554309077","37.5404825999","마을버스"
"14579","113900065","망원유수지.마포구민체육센터","126.899167","37.55588","마을버스"
"14582","113900232","마포세무서","126.9389468423","37.5470162832","마을버스"
"14583","113900066","신수현대아파트.래미안웰스트림","126.9367020261","37.5437179924","마을버스"
"14584","113900067","염리삼성아파트","126.9475661602","37.5484856059","마을버스"
"14585","113900068","구)망원우체국사거리","126.9076978449","37.557824975","마을버스"
"14586","113900069","상수역","126.9235904983","37.5476371966","마을버스"
"14587","113900070","코오롱아파트사거리","126.9208510308","37.5636983072","마을버스"
"14588","113900071","에덴맨션","126.9249462367","37.5639839246","마을버스"
"14589","113900286","서부수도사업소","126.9598728435","37.556804829","마을버스"
"14590","113900255","화평교회","126.9011589449","37.5544373457","마을버스"
"14591","113900247","신촌역","126.9348062895","37.5556204253","마을버스"
"14592","113900072","굴다리시장","126.9414168429","37.5462786361","마을버스"
"14593","113900073","신석초등학교","126.9386568825","37.543163949","마을버스"
"14594","113900074","일성여자중고등학교","126.9484113079","37.5488734491","마을버스"
"14595","113900075","망원전철역","126.909936","37.556111","마을버스"
"14596","113900076","상수두산아파트","126.9244409921","37.5475467474","마을버스"
"14597","113900077","경성중고후문","126.9202967687","37.5643791604","마을버스"
"14598","113900078","하모니마트사거리","126.9253883256","37.5633660552","마을버스"
"14599","113900217","만물사부동산","126.9607372268","37.5553480504","마을버스"
"14600","113900079","하나님의교회","126.9553127738","37.539331855","마을버스"
"14601","113900001","MBC","126.8917373023","37.5796281217","마을버스"
"14602","113900002","월드컵파크4단지","126.8877410517","37.5778014837","마을버스"
"14603","113900003","상암중학교","126.8872438991","37.5789717535","마을버스"
"14604","113900004","서울산업진흥원.국악방송","126.8889507316","37.5807370662","마을버스"
"14605","113900005","우리기술사옥.한국지역정보개발원","126.887878597","37.5822609838","마을버스"
"14606","113900006","DMC빌","126.8855908513","37.5823926492","마을버스"
"14607","113900007","우리금융상암센터.DMC빌","126.885575198","37.581932163","마을버스"
"14608","113900223","도화현대1차아파트단지내","126.9545930351","37.5397829588","마을버스"
"14610","111001127","상암고등학교","126.8825326891","37.5809780136","마을버스"
"14611","113900314","상암월드컵파크6.7단지","126.8805398078","37.5812734756","마을버스"
"14612","113900315","상암월드컵파크6.7단지","126.8806237964","37.5810587094","마을버스"
"14613","111901150","상암고등학교","126.8836707859","37.580684598","마을버스"
"14614","113000467","스탠포드호텔","126.8861172457","37.5824225201","일반차로"
"14615","113000466","스탠포드호텔","126.8856846789","37.5824509369","일반차로"
"14616","111901151","월드컵파크6단지상가","126.885663889","37.5798067452","마을버스"
"14617","113900290","공덕역10번출구","126.9530953371","37.5418479155","마을버스"
"14618","113900289","공덕역10번출구","126.952886013","37.5418343172","마을버스"
"14619","113900291","웨딩타운","126.951583453","37.5569705649","마을버스"
"14620","113900293","상지초등학교","126.8814543536","37.5797209678","마을버스"
"14622","113900218","아현전철역","126.9568346839","37.557174107","마을버스"
"14623","113900008","스탠포드호텔","126.8865648633","37.5825593088","마을버스"
"14624","113900009","우리기술사옥.한국지역정보개발원","126.8878117007","37.582026762","마을버스"
"14625","113900010","전자회관","126.8886559163","37.5808056835","마을버스"
"14626","113900011","상암중학교","126.8872133447","37.579330494","마을버스"
"14627","113900012","월드컵파크6단지","126.8873113833","37.5781786312","마을버스"
"14628","113900013","YTN뉴스퀘어.CJE&M","126.891577","37.579007","마을버스"
"14633","113000514","R2(홍대걷고싶은거리)","126.924971","37.556163","일반차로"
"14634","113000515","경의선숲길공원(홍대입구역3번출구)","126.925221","37.558837","일반차로"
"14635","113000516","경의선숲길공원(연남동)","126.921448","37.563432","일반차로"
"14636","113000517","망원&월드컵시장(망리단길)","126.90592","37.557656","일반차로"
"14637","113000518","망원한강공원(서울함공원)","126.899189","37.556253","일반차로"
"14638","113000519","서울월드컵경기장(마포농수산물시장)","126.89647","37.566631","일반차로"
"14639","113000520","하늘공원","126.892421","37.566661","일반차로"
"14640","113000521","난지천공원(박정희대통령기념관)","126.886027","37.574677","일반차로"
"14641","113000522","난지캠핑장","126.875156","37.568809","일반차로"
"14642","113000523","마포반려동물캠핑장(난지물놀이장)","126.880352","37.565848","일반차로"
"14643","113000524","서울양화나루와잠두봉유적(하늘길)","126.911838","37.545677","일반차로"
"14644","113000525","마포새빛문화숲","126.918056","37.545309","일반차로"
"14645","113000526","마포용강맛길","126.944071","37.539414","일반차로"
"14646","113000527","도화꽃길.갈매기골목(공덕역9번출구)","126.951822","37.542683","일반차로"
"14647","113000528","경의선숲길공원(염리동)","126.949433","37.543812","일반차로"
"14648","113000529","R6(레드로드광장.상수역)","126.920695","37.547927","일반차로"
"14649","113000530","R4(홍대축제거리)","126.921447","37.550685","일반차로"
"14650","113000533","마포365구민센터(마포365천문대)","126.922144","37.545007","일반차로"
"14659","113900256","마포한강아이파크아파트","126.9041144875","37.5524231339","마을버스"
"14661","113900080","중동초등학교","126.9101093439","37.566822815","마을버스"
"14662","113900081","대흥태영아파트","126.9430638871","37.5457513998","마을버스"
"14663","113900082","용강동주민센터","126.9405579807","37.5418828151","마을버스"
"14667","113900083","마포현대아파트","126.9491538042","37.5487755518","마을버스"
"14669","113900084","성산초등학교","126.9123428704","37.5542263109","마을버스"
"14670","113900237","서강초등학교","126.9262642691","37.5474902299","마을버스"
"14671","113900085","경의선숲길공원입구","126.9190510756","37.5658939505","마을버스"
"14672","113900086","대명아파트","126.9243116542","37.5624505717","마을버스"
"14674","113900087","환일고등학교","126.9608191314","37.5545623235","마을버스"
"14675","113900216","용산성당.현대홈타운","126.9531660599","37.5376063241","마을버스"
"14676","113900088","가구단지","126.9607211084","37.5580233931","마을버스"
"14677","113900089","하모니마트","126.9059979922","37.5522804732","마을버스"
"14693","113900091","창전삼성아파트입구","126.9325188796","37.5517786762","마을버스"
"14694","113900092","대흥세양아파트","126.9447270314","37.5448456877","마을버스"
"14700","101900027","아현1동경로당","126.9610258398","37.5536056568","마을버스"
"14712","113900093","마포전철역","126.9445498324","37.539618346","마을버스"
"14713","113900094","공덕삼성3차아파트후문","126.9512380153","37.5491526058","마을버스"
"14714","113900095","고니빌딩","126.9140402901","37.5545141067","마을버스"
"14715","113900096","서강쌍용아파트.광흥창역","126.9302871512","37.5479459242","마을버스"
"14716","113900266","사천고가앞","127.074999","37.613647","마을버스"
"14718","113900097","원효초등학교","126.9509196507","37.536212316","마을버스"
"14727","113900098","새서울의원","126.9070201173","37.5512595136","마을버스"
"14738","113900099","창전삼성아파트104동","126.9314899516","37.5512824672","마을버스"
"14742","113900313","와우산로오거리","126.9299639616","37.5544423161","마을버스"
"14744","113900101","마포자이아파트","126.9460097727","37.5441046793","마을버스"
"14745","113900102","성지빌딩","126.946064","37.541749","마을버스"
"14746","113900103","엘지빌딩","126.9538167403","37.5486659087","마을버스"
"14747","113900104","서교동주민센터","126.9153507025","37.5547403269","마을버스"
"14748","113900235","이랜드","126.9315365761","37.5491991774","마을버스"
"14749","113900283","만리동고개","126.9622625784","37.5516189178","마을버스"
"14750","113900105","한강타운.우성아파트16동앞","126.949516699","37.5359386921","마을버스"
"14753","113900222","공덕전철역","126.9526849444","37.5432839409","마을버스"
"14754","113900250","남경장","126.9098198111","37.5487583715","마을버스"
"14755","113900106","창전삼성아파트107동","126.9309159814","37.5508496218","마을버스"
"14756","113900107","와우공원입구","126.9299420833","37.5532611124","마을버스"
"14757","113900108","염리초등학교","126.9467600134","37.542602893","마을버스"
"14758","113900109","염리초등학교","126.9471368388","37.5426264908","마을버스"
"14760","113900221","아현동주민센터","126.9531057864","37.5471182709","마을버스"
"14761","113900238","우리은행서교동지점","126.9173477744","37.5532594418","마을버스"
"14763","113900110","마포노인복지관","126.9323103997","37.5495294243","마을버스"
"14764","113900111","공덕동주민센터","126.960089214","37.5505203493","마을버스"
"14765","113900112","청암대","126.9478810865","37.5358265963","마을버스"
"14799","113900113","성서초등학교","126.9126081977","37.5586625923","마을버스"
"14801","113000534","홍대입구","126.923414","37.556334","일반차로"
"14803","113000383","마포역서울가든호텔","126.9471087481","37.5407404838","일반차로"
"14804","113900310","창전어린이공원","126.9295120239","37.5502765745","마을버스"
"14805","113900311","창전어린이공원","126.9292518497","37.5501638696","마을버스"
"14808","113900114","창전삼성아파트109동","126.9303622842","37.5504041647","마을버스"
"14809","113900115","육완순무용원","126.9290569126","37.5528551348","마을버스"
"14810","113900116","중부여성발전센터","126.9451382306","37.541218067","마을버스"
"14812","113900117","재화스퀘어","126.9468982901","37.543896028","마을버스"
"14814","113900118","공덕역3번출구","126.9510176651","37.545520682","마을버스"
"14815","113000395","마포구청역","126.9027355313","37.5625221156","일반차로"
"14816","113000396","마포구청역","126.9029578759","37.5628235118","일반차로"
"14817","113000397","월드컵파크7단지","126.8804641383","37.582255636","일반차로"
"14818","113000398","월드컵파크7단지","126.879240825","37.5819844179","일반차로"
"14826","113000406","상암동입구","126.8994147382","37.573784664","일반차로"
"14827","113000407","상암동입구","126.8983845144","37.5738246995","일반차로"
"14828","113000408","상암월드컵파크5단지","126.8864768914","37.5808473373","일반차로"
"14829","113000409","상암월드컵파크5단지","126.8864066988","37.58047561","일반차로"
"14832","113900119","홍대입구역사거리","126.9209776106","37.5545259524","마을버스"
"14833","113900120","창전현대홈타운","126.9327234162","37.5508740938","마을버스"
"14834","113900121","삼우빌딩","126.9579450038","37.5492115356","마을버스"
"14835","113900122","합정역","126.9147926148","37.5498487849","마을버스"
"14836","113900123","희성교회","126.914080671","37.5568038157","마을버스"
"14837","113900124","서강유치원","126.9279627818","37.5520413218","마을버스"
"14838","113900125","마포전철역","126.9442691905","37.5396209172","마을버스"
"14839","113900126","염리중앙하이츠아파트","126.94493407","37.5449286853","마을버스"
"14842","113900127","신촌연세병원.기업은행","126.9332204035","37.5519917333","마을버스"
"14843","113900128","공덕동성당","126.9568867015","37.5483812312","마을버스"
"14844","113900129","우리은행서교동지점","126.9175337114","37.5519430729","마을버스"
"14845","113900239","서교동주민센터.마포신문사","126.9162481047","37.5548725266","마을버스"
"14846","113900130","홍대후문","126.9273099469","37.5513088608","마을버스"
"14848","113900131","대흥태영아파트","126.943090896","37.545951456","마을버스"
"14849","113900227","동도중학교.서울디지인고등학교","126.9455044702","37.5464463948","마을버스"
"14851","113900132","서울서부지방법원","126.955348589","37.5487999972","마을버스"
"14852","113900133","세븐일레븐","126.9559961557","37.5404068073","마을버스"
"14853","113900240","동교로사거리","126.919871426","37.5556580917","마을버스"
"14855","113900135","신석초등학교","126.9388467265","37.5434232109","마을버스"
"14856","113900136","굴다리시장","126.9417132655","37.5463896176","마을버스"
"14858","113900137","서교동주민센터","126.9150520526","37.5555997561","마을버스"
"14862","113900140","서교푸르지오아파트","126.9231791726","37.5536272738","마을버스"
"14863","113900248","홍대입구역","126.9232162658","37.5566897307","마을버스"
"14864","113900141","신수현대아파트.래미안웰스트림","126.9369441072","37.5438334622","마을버스"
"14865","113900142","마포세무서","126.939039414","37.5472983739","마을버스"
"14866","113900226","대흥역사거리","126.9423208067","37.5481047003","마을버스"
"14867","113000456","신촌역8번출구","126.9356327981","37.5553244188","일반차로"
"14869","113900220","마포경찰서","126.9553278673","37.5503384443","마을버스"
"14870","113900143","도화현대1차아파트111동앞","126.9545638633","37.5412403149","마을버스"
"14871","113900144","홍대정문","126.9238877068","37.5529817959","마을버스"
"14872","113900241","동교로사거리","126.91976141","37.555868873","마을버스"
"14873","113900145","한국출판콘텐츠센터","126.9355502266","37.5447473219","마을버스"
"14874","113900146","신수세양아파트","126.9373247519","37.5474092121","마을버스"
"14876","113900148","서교동교회","126.9192022864","37.5516621838","마을버스"
"14877","113900149","애오개역","126.9565340004","37.5525946358","마을버스"
"14878","113900048","공덕역입구","126.9516244161","37.5422234996","마을버스"
"14879","113900150","레드로드입구","126.9210952673","37.5508703976","마을버스"
"14880","113900242","서교동주민센터.마포신문사","126.9161414944","37.5550661861","마을버스"
"14881","113900151","서강수협.신수중학교","126.932501928","37.5454755063","마을버스"
"14882","113900233","신수동성당.신수동주민센터","126.934706995","37.5474825845","마을버스"
"14883","113900152","숭문중고등학교후문","126.9453441712","37.5520916812","마을버스"
"14884","113900153","레드로드입구","126.9214465737","37.5506427579","마을버스"
"14886","113900155","가든호텔.삼성프라자","126.9490519166","37.540742839","마을버스"
"14887","113900156","희성교회","126.9142956492","37.556871554","마을버스"
"14888","113900234","광흥창역.서강동주민센터","126.9328243933","37.5481226612","마을버스"
"14889","113900157","마포프레스티지자이아파트","126.9460686583","37.5534760955","마을버스"
"14890","113900158","홍대정문","126.9236510232","37.5520039556","마을버스"
"14892","113900312","아현초등학교","126.9558084037","37.555836965","마을버스"
"14893","113900139","샛별문방구.마포전철역","126.947597365","37.5400571192","마을버스"
"14894","113900292","상지초등학교","126.8813928881","37.5795651804","마을버스"
"14895","113000468","합정역1번출구","126.9149513563","37.5505859949","일반차로"
"14896","113900160","성서초등학교","126.9128379471","37.5586852894","마을버스"
"14897","113900161","마포소방서","126.9331168737","37.5504232028","마을버스"
"14898","113900229","이대전철역","126.9460216273","37.5559135339","마을버스"
"14899","113900162","홍대정문","126.9248314705","37.5531509051","마을버스"
"14900","113900163","라사라패션직업전문학교","126.929511747","37.5541278747","마을버스"
"14901","113900164","사천고가앞","126.9174119301","37.566914654","마을버스"
"14902","113900224","S마트","126.947453957","37.538833948","마을버스"
"14905","113900165","경성중고사거리","126.9161669371","37.5606439736","마을버스"
"14906","113900166","서교푸르지오아파트","126.9231795079","37.5539101296","마을버스"
"14907","113900167","경의선숲길공원입구","126.9191849347","37.5654631791","마을버스"
"14908","113900168","우성아파트입구","126.9473838471","37.5379689566","마을버스"
"14910","113900169","성미약수터","126.9146652433","37.5622973046","마을버스"
"14913","113900171","경성중고후문","126.9201211423","37.5644362483","마을버스"
"14914","113900172","우성아파트3동","126.9473962615","37.536403474","마을버스"
"14915","113900173","하모니마트","126.9061199251","37.5525211624","마을버스"
"14916","113900174","성모병원사거리","126.9125264992","37.5646439871","마을버스"
"14917","113900175","코오롱아파트사거리","126.9208407845","37.5635807867","마을버스"
"14918","113900287","도화현대1차아파트","126.9553041828","37.5404537169","마을버스"
"14919","113900257","마포한강아이파크아파트","126.9041741974","37.5526385439","마을버스"
"14920","113900176","중동초등학교","126.9107016888","37.5665745631","마을버스"
"14921","113900177","신한은행서교동금융센터점","126.9183539873","37.5573853501","마을버스"
"14922","113900178","경성중고.홍익디자인고","126.919496441","37.5622871811","마을버스"
"14923","113900179","망원파출소.롯데장학관","126.9026460189","37.5536897719","마을버스"
"14924","113900180","대우미래사랑아파트","126.9169681476","37.5567410028","마을버스"
"14925","113900181","효성약국","126.917709138","37.5612082417","마을버스"
"14926","113900258","화평교회","126.9013092437","37.554615888","마을버스"
"14927","113900182","성산시영아파트","126.9036833144","37.5699733715","마을버스"
"14928","113900183","한국해양전략연구소","126.9157158214","37.55615891","마을버스"
"14929","113900294","망원파출소.롯데장학관","126.9027470741","37.5534558318","마을버스"
"14930","113900184","망원유수지.마포구민체육센터","126.8992531113","37.5559856164","마을버스"
"14932","113900185","서교동주민센터","126.9146083137","37.5556453918","마을버스"
"14933","113900186","창전삼성아파트","126.9325269785","37.5515831433","마을버스"
"14934","113900189","임오빌딩","126.917399414","37.5587705681","마을버스"
"14935","113900269","월드컵경기장역","126.8983131242","37.573873297","마을버스"
"14936","113900187","새화빌딩","126.9134453847","37.5551110975","마을버스"
"14937","113900188","신촌이랜드청년주택","126.9315214065","37.5495116343","마을버스"
"14940","113900243","성산초등학교","126.9119272598","37.5544197369","마을버스"
"14941","113900190","우리은행서교동지점","126.9174950771","37.5533950184","마을버스"
"14942","113900191","서강쌍용아파트.광흥창역","126.93012642","37.547971961","마을버스"
"14943","113900192","동교로사거리","126.9210453635","37.5560597174","마을버스"
"14944","113900193","동교초등학교","126.901628566","37.557089657","마을버스"
"14946","113900194","망원전철역","126.910258","37.556114","마을버스"
"14947","113900195","서교동주민센터","126.9152772343","37.5556503792","마을버스"
"14948","113900196","서강초등학교","126.9263556875","37.547746198","마을버스"
"14950","113900197","신부파스카아파트","126.900472928","37.5587854475","마을버스"
"14951","113900198","KBS미디어센터","126.8912678163","37.5762495025","마을버스"
"14952","113900199","구)망원우체국사거리","126.907297","37.557933","마을버스"
"14953","113900200","홍대후문","126.9254084029","37.5477681308","마을버스"
"14954","113900201","대상아파트","126.8998548757","37.5596562821","마을버스"
"14955","113900275","월드컵파크2단지","126.8903116509","37.5752557916","마을버스"
"14956","113900263","망원동월드컵시장","126.9059890137","37.5576257556","마을버스"
"14957","113900202","상수역","126.9223888577","37.5478391735","마을버스"
"14958","113900203","동원데자뷰아파트","126.8994205325","37.560265953","마을버스"
"14959","113900204","망원동사거리","126.904716","37.557387","마을버스"
"14960","113900205","레드로드입구","126.9205037113","37.5479257309","마을버스"
"14961","113900261","마포16번종점","126.8989566813","37.5609278604","마을버스"
"14962","113900298","서부면허시험장.월드컵파크8단지","126.8819694963","37.5782548127","마을버스"
"14963","113900264","동교초등학교","126.9029563717","37.5570015474","마을버스"
"14964","113900206","합정동","126.9181201992","37.5476074126","마을버스"
"14965","113900207","마포새빛문화숲","126.9171164107","37.5455098635","마을버스"
"14966","113900208","서일빌딩","126.9159631569","37.5455541032","마을버스"
"14967","101000339","삼성래미안공덕2차201동앞","126.961189","37.551177","마을버스"
"14968","113900209","성우맨션","126.9142496659","37.5456357722","마을버스"
"14969","113900015","다운교회","126.9127953093","37.5457365309","마을버스"
"14971","113900210","월드컵경기장역","126.9001461683","37.569515608","마을버스"
"14972","113900270","마포구청.마포구청역","126.899575309","37.5663307977","마을버스"
"14973","113000511","상암고등학교","126.8843872719","37.5820557086","일반차로"
"14974","113000510","상암고등학교","126.883494785","37.5823366588","일반차로"
"14976","113900211","우성아파트입구","126.9475018046","37.537980068","마을버스"
"14977","113900259","망원교회","126.9001616621","37.55623509","마을버스"
"14978","113900212","망원교회","126.9005291712","37.5564958163","마을버스"
"14979","113900249","신촌역7번출구","126.9359751517","37.5546992456","마을버스"
"14981","113900268","경성중고사거리","126.915740226","37.5606202414","마을버스"
"14982","113900295","삼진제약","126.92682996","37.5532074175","마을버스"
"14983","113900214","한국영화아카데미","126.9294391491","37.5542981382","마을버스"
"14984","113900244","서교동교회","126.9194138368","37.5517506356","마을버스"
"14985","113900271","성산2동주민센터","126.9083871955","37.5680244492","마을버스"
"14987","113900215","월드컵파크7단지","126.8798688581","37.5804105731","마을버스"
"14988","113900236","창전삼성아파트110동","126.9283523987","37.5499354757","마을버스"
"14989","113900230","신촌역","126.9358956814","37.5542870566","마을버스"
"14990","113900282","신촌역","126.9356255921","37.5544909027","마을버스"
"14991","113900281","신촌농협.하나로마트","126.9332008127","37.5561881182","마을버스"
"14992","113900280","기업은행.신촌연세병원","126.9334875964","37.5531660102","마을버스"
"14993","113900279","세븐일레븐","126.9559382398","37.5401511395","마을버스"
"14994","113900278","아현고개","126.9469798113","37.5566204258","마을버스"
"14996","113900277","백합아파트","126.9009301902","37.5579505185","마을버스"
"14997","113900276","백합아파트","126.9010705599","37.557938922","마을버스"
"15101","114000001","홍익병원목동관","126.8640300339","37.5309083865","가로변시간"
"15102","114000002","금호어울림.대원칸타빌아파트","126.8665441384","37.5326907306","일반차로"
"15103","114000003","목동3단지후문","126.8699099401","37.5343243418","일반차로"
"15104","114000004","영도초등학교","126.8705188382","37.5355559091","일반차로"
"15105","114000005","신목중학교.목동2단지후문","126.8735523348","37.5381652606","일반차로"
"15106","114000006","목동2단지","126.8779874254","37.5365999339","일반차로"
"15107","114000007","목동3단지","126.875742","37.534747","일반차로"
"15108","114000008","목동4단지상가.목동종합운동장","126.8751149732","37.5322979868","일반차로"
"15109","114000009","목동3.4단지사잇길","126.8719802822","37.5327958586","일반차로"
"15111","114000011","목동사거리","126.8638355299","37.5332695189","가로변시간"
"15112","114000012","영도중.강서고입구.기아양서대리점","126.8636220426","37.5361735073","가로변시간"
"15113","114000013","목동시장.대일고교.배광교회","126.863840943","37.5390050043","가로변시간"
"15114","114000014","신목중학교","126.8718965121","37.5371228212","일반차로"
"15115","114000015","목동스카이아파트.목동3단지","126.86961025","37.534287789","일반차로"
"15116","114000016","금호어울림.대원칸타빌아파트","126.8668605943","37.5328780454","일반차로"
"15117","114000017","신목동역2번출구","126.8823418211","37.5438547597","일반차로"
"15118","114000018","신목동역1번출구","126.882068981","37.5439220697","일반차로"
"15119","114000396","서울경서농협","126.856298","37.521363","일반차로"
"15126","114000026","목동2차성원아파트","126.8631752063","37.5422950368","가로변전일"
"15127","114000027","목3동주민센터.현대아이파크.실로암안과","126.8624010187","37.5448325228","가로변시간"
"15128","114000028","등촌역6번출구.목동깨비시장","126.8639369391","37.5496948079","가로변시간"
"15140","114000038","월촌초등학교","126.8770703252","37.5411875533","일반차로"
"15141","114000039","월촌초등학교.우성아파트","126.8753672844","37.5405030314","일반차로"
"15142","114000040","목원초등학교.서울지방식품의약품안전청","126.8811364216","37.5425325465","일반차로"
"15143","114000434","용왕산","126.874232426","37.5391300565","일반차로"
"15144","114000042","한국전파진흥협회","126.881497679","37.5459435557","일반차로"
"15145","114000043","목동한신청구아파트","126.8801650973","37.5406383625","일반차로"
"15146","114000044","목동한신청구아파트","126.8803505399","37.5407286601","일반차로"
"15147","114000045","목동1.2단지사잇길","126.8784758339","37.5383884014","일반차로"
"15148","114000046","월촌중학교.목동1단지","126.8816710436","37.5379123848","일반차로"
"15149","114000047","양천YMCA.서울에너지공사","126.8826597565","37.5388422797","일반차로"
"15150","114000048","양천YMCA.서울에너지공사","126.8828573282","37.5390353122","일반차로"
"15151","114000049","목동5단지C상가.목동운동장북문","126.8774929435","37.5328197258","일반차로"
"15152","114000050","파리공원","126.8783257944","37.5346216632","일반차로"
"15153","114000051","목동5단지B상가.목5동주민센터","126.8813067124","37.5357698917","일반차로"
"15154","114000052","이대목동병원.목동6단지앞","126.8844278116","37.53684743","일반차로"
"15155","114000053","목동아파트601동앞.이대병원","126.8832527876","37.5358926776","일반차로"
"15156","114000054","경인초교.목동아파트5.6단지사잇길","126.883850411","37.5328700866","일반차로"
"15157","114000428","오목교역3번출구","126.8763828695","37.5250698135","일반차로"
"15158","114000055","양정고등학교","126.8879022224","37.5352231619","일반차로"
"15159","114000056","목1동주민센터.양천소방서","126.87358","37.529802","일반차로"
"15160","114000057","목동역3번출구.홍익병원","126.8644323939","37.5273814301","일반차로"
"15161","114000058","CBS방송국","126.8741491329","37.5280972176","일반차로"
"15162","114000059","목운초등학교.목운중학교","126.873770474","37.5264186976","일반차로"
"15163","114000060","목동7단지동문","126.8702312245","37.5285096907","일반차로"
"15164","114000061","목운초등학교.목운중학교","126.8733948469","37.5261261893","일반차로"
"15165","114000062","목동운동장남문.아이스링크","126.8765922255","37.5284743808","일반차로"
"15166","114000063","목동7단지.종로학원","126.8687626438","37.5256721661","일반차로"
"15167","114000064","오목교역1번출구.대학빌딩","126.873313","37.524957","일반차로"
"15168","114000065","오목교역.동신한방병원","126.8768222179","37.524448727","일반차로"
"15169","114000066","갈산초등학교정문","126.8704857561","37.5128049409","일반차로"
"15170","114000067","오목교역6번출구.청학빌딩","126.8754466022","37.5234268996","일반차로"
"15171","114000068","신목동새마을금고","126.8736392011","37.5210696367","일반차로"
"15172","114000069","서울출입국외국인청사거리","126.8714242396","37.5189830043","일반차로"
"15173","114000070","오목교역.동신한방병원","126.8769218981","37.5240854759","일반차로"
"15174","114000071","신목초등학교입구","126.870927","37.517471","일반차로"
"15175","114000072","목동14단지B상가","126.8718895902","37.514708147","일반차로"
"15176","114000073","현대아파트정문","126.8774210833","37.5197850505","일반차로"
"15177","114000074","현대아파트정문","126.8782362614","37.5207879158","일반차로"
"15178","114000075","삼성아파트정문","126.8769040606","37.516349522","일반차로"
"15179","114000076","현대아파트109동앞","126.8771500437","37.518115032","일반차로"
"15180","114000077","현대아파트후문","126.8781721806","37.5219304431","일반차로"
"15181","114000078","목동14단지C상가앞","126.8741755588","37.5140461143","일반차로"
"15182","114000079","목일중학교","126.8739267611","37.5140188189","일반차로"
"15183","114000080","목동13.14단지사거리","126.8693990705","37.5142684329","일반차로"
"15184","114000081","목동13.14단지사거리","126.8695819439","37.5147422125","일반차로"
"15185","114000082","신트리공원","126.8579171135","37.5144890648","일반차로"
"15186","114000083","목동12.13단지사잇길","126.8635453462","37.5130539408","일반차로"
"15187","114000084","목동12.13단지사잇길","126.8632703412","37.5132321011","일반차로"
"15188","114000085","신목초등학교입구","126.8707856913","37.5173017573","일반차로"
"15189","114000086","목동14단지A상가","126.8722112168","37.5151432295","일반차로"
"15190","114000087","목동11단지","126.858308657","37.5132198855","일반차로"
"15191","114000088","목동14단지관리사무소앞","126.8716908326","37.5147961876","일반차로"
"15192","114000089","양천구청역","126.865327879","37.5125666892","일반차로"
"15193","114000090","양천공원","126.869642","37.517872","일반차로"
"15194","114000091","양천구청","126.86703","37.516543","일반차로"
"15195","114000092","양천구민체육센터.양천일자리센터","126.8642387934","37.5155435776","일반차로"
"15196","114000093","신정7동주민센터.목동12단지","126.8603283424","37.5141819623","일반차로"
"15197","114000094","갈산초등학교정문","126.8701085117","37.5128276097","일반차로"
"15198","114000095","갈산초등학교후문","126.8687090062","37.5110893778","일반차로"
"17155","116000069","구로역","126.8821395273","37.5048451046","일반차로"
"15199","114000096","갈산초등학교후문","126.8692119822","37.5112881566","일반차로"
"15200","114000097","은정초등학교","126.8667027318","37.51032353","일반차로"
"15201","114000098","은정초등학교","126.8671059902","37.5100942816","일반차로"
"15202","114000099","목동2차우성아파트","126.8657101781","37.5071981739","일반차로"
"15203","114000100","세양청마루2차아파트","126.8642093283","37.5084511066","일반차로"
"15204","114000101","양천아파트","126.8633494936","37.5081742559","일반차로"
"15205","114000102","봉영여중.목동고입구","126.861841071","37.5072813126","일반차로"
"15206","114000103","봉영여중.목동고입구","126.8614268774","37.5073907618","일반차로"
"15207","114000104","봉영여중.목동고","126.8618162875","37.5086342212","일반차로"
"15208","114000105","양천어르신종합복지관","126.8591784815","37.5102877693","일반차로"
"15209","114000106","양천구청역","126.8666090852","37.5128696347","일반차로"
"15210","114000107","양천아파트103동앞","126.862762","37.510264","일반차로"
"15211","114000108","신정네거리해누리분수광장","126.8515143857","37.5218864223","일반차로"
"15212","114000109","신정네거리.신정119안전센터","126.8507300915","37.5220233018","일반차로"
"15213","114000110","동방아파트","126.8463249183","37.5218824877","일반차로"
"15214","114000111","신월종합사회복지관.동방아파트","126.8462896508","37.5214264859","일반차로"
"15215","114000112","신곡시장.금빛새마을금고","126.8437433353","37.5196434749","일반차로"
"15216","114000113","신곡시장.금빛새마을금고","126.8438198804","37.5192849388","일반차로"
"15217","114000114","신한은행신월동지점","126.8416025861","37.5180186395","일반차로"
"15218","114000115","신한은행신월동지점","126.8418635354","37.5178279621","일반차로"
"15219","114000116","양강중학교","126.8499936","37.5237110271","일반차로"
"15220","114000117","신월2동주민센터입구","126.845690477","37.5227588172","일반차로"
"15221","114000118","강서초등학교.신월4동주민센터","126.8419309679","37.5218776213","일반차로"
"15222","114000119","한빛종합사회복지관","126.8392498206","37.5212558706","일반차로"
"15223","114000120","신월동남부주유소","126.8385850656","37.5193930878","일반차로"
"15224","114000121","신월2동우체국","126.851248","37.523082","일반차로"
"15225","114000122","신트리공원앞교차로","126.855949147","37.5131152074","일반차로"
"15226","114000123","신트리아파트","126.854140221","37.5129013233","일반차로"
"15227","114000124","정랑고개.양천벤처타운","126.8503821304","37.5115773183","일반차로"
"15228","114000125","신정학마을아파트","126.8439634217","37.5074208503","일반차로"
"15229","114000126","양천고등학교","126.8456571614","37.5099267313","일반차로"
"15230","114000127","계남공원삼거리.계남초교입구","126.8584301705","37.50975303","일반차로"
"15231","114000128","목동아파트11단지(1117동)","126.8599070047","37.5073061738","일반차로"
"15232","114000426","신정1동주민센터.신오새마을금고","126.8543710811","37.5172033635","일반차로"
"15233","114000130","양명초교.신서중","126.855702514","37.5143052592","일반차로"
"15234","114000131","신트리공원.목동아파트11단지","126.8571828958","37.5139204866","일반차로"
"15235","114000132","목동10단지A상가","126.8596768178","37.5159691889","일반차로"
"15236","114000133","양천문화회관.양천일자리센터","126.8623809974","37.5169332443","일반차로"
"15237","114000134","목동10단지농협","126.8563817008","37.5178010215","일반차로"
"15238","114000427","목동13.14단지사거리","126.8692996703","37.5145138464","일반차로"
"15239","114000429","목동아파트1332동앞","126.8680275029","37.5135267044","일반차로"
"15241","114000138","신서초등학교","126.8618413297","37.5206410194","일반차로"
"15242","114000139","신정1동우체국","126.861673","37.521953","일반차로"
"15247","114000144","우리은행신정동지점","126.859385","37.521705","일반차로"
"15248","114000145","목동프라자","126.8602781332","37.5198759498","일반차로"
"15249","114000146","목동10단지","126.8566524982","37.5190869699","일반차로"
"15250","114000147","신정네거리역","126.8534032338","37.5210387184","일반차로"
"15251","114000148","신정네거리역4번출구","126.8533978302","37.5194642102","일반차로"
"15252","114000149","길훈로즈빌아파트","126.8711569767","37.5224330208","일반차로"
"15253","114000150","미래탐구초중학원.종로학원","126.8694004931","37.5248101641","일반차로"
"15254","114000151","목동역5번출구","126.8654053381","37.5257967805","일반차로"
"15255","114000152","목동8단지.등촌지하차도","126.8669116745","37.5200478423","일반차로"
"15256","114000153","양천구청.양천보건소","126.8661628949","37.5181625662","일반차로"
"15257","114000154","목동8단지.한전","126.8683291544","37.5201834629","일반차로"
"15258","114000155","진명여고","126.8651037893","37.5239401081","일반차로"
"15259","114000156","남부법원.검찰청교차로","126.865547","37.52179","일반차로"
"15260","114000157","남부법원.검찰청교차로","126.8659323028","37.5218496017","일반차로"
"15261","114000158","오목교역7번출구.청학빌딩","126.8753149721","37.5236278346","일반차로"
"15262","114000159","현대아이파크아파트","126.873256871","37.5210340842","일반차로"
"15263","114000160","목동중학교.서울출입국.외국인청","126.8708457351","37.5198771646","일반차로"
"15264","114000161","오목교역8번출구.대학빌딩","126.8728637695","37.524726482","일반차로"
"15265","114000162","목동7단지","126.867125263","37.5255869926","일반차로"
"15266","114000163","제일은행앞","126.8640996248","37.5193001008","일반차로"
"15268","114000165","서울남부지방법원.서울남부지방검찰청","126.8633685313","37.5221940523","일반차로"
"15269","114000166","목동중학교","126.8703493965","37.5190605632","일반차로"
"15270","114000167","목동역7번출구.진명여고","126.8645744119","37.5245071942","일반차로"
"15271","114000168","우리은행신정동지점","126.8587126514","37.5219011411","일반차로"
"15272","114000169","목동역8번출구.목동오거리","126.8631068968","37.5258057871","일반차로"
"15273","114000170","신서고등학교.영상고등학교입구","126.8599725442","37.5253957175","일반차로"
"15274","114000171","신정역(은행정).신정4동주민센터","126.8542989447","37.5246301301","일반차로"
"15277","114000174","신정1동우체국","126.8614154182","37.5221525641","일반차로"
"15279","114000176","서울남부지방법원.서울남부지방검찰청","126.8643534946","37.5225339507","일반차로"
"15280","114000177","신정네거리역","126.853432075","37.5212769715","일반차로"
"15281","114000178","신서고등학교.영상고등학교앞","126.8594494182","37.5226250743","일반차로"
"15282","114000179","목동제일여성병원","126.8518789155","37.5224739148","일반차로"
"15283","114000180","서울경서농협","126.8551726588","37.52151618","일반차로"
"15284","114000181","목동역.홍익병원","126.8639151684","37.5280495538","일반차로"
"15285","114000182","목동역.목동오거리","126.8627909553","37.5259586072","일반차로"
"15286","114000183","신서고교.영상고교입구","126.8603986015","37.5256530348","일반차로"
"15287","114000184","신정역(은행정).신정4동주민센터","126.8539719864","37.5248637099","일반차로"
"15288","114000185","양강중학교","126.8505530267","37.5250671294","일반차로"
"15292","114000189","신월문화체육센터","126.835249","37.519969","일반차로"
"15293","114000190","신월동우성상가","126.8338259542","37.5217809008","일반차로"
"15294","114000191","중부운수앞","126.8307797604","37.5241040725","일반차로"
"15295","114000192","신월문화체육센터","126.8362023324","37.5201173667","일반차로"
"15296","114000193","신월동우성상가","126.8339903939","37.5217175664","일반차로"
"15297","116000655","신정현대6차아파트107동앞","126.840295","37.508058","일반차로"
"15298","114000194","서울과학수사연구소입구","126.8370345521","37.5223552552","일반차로"
"15299","114000195","신안파크아파트후문","126.8288364619","37.5239255582","일반차로"
"15300","114000196","신안파크아파트후문","126.8289139798","37.5240984718","일반차로"
"15301","114000197","서울과학수사연구소.고강동종점","126.8257794501","37.5234552209","일반차로"
"15302","114000198","신정1동주민센터.신오새마을금고","126.8538761936","37.5176031829","일반차로"
"15303","114000199","신정네거리역","126.8528216878","37.5198533776","일반차로"
"15304","114000200","신트리아파트","126.8538683824","37.5130325951","일반차로"
"15305","114000201","정랑고개.양천벤처타운","126.8498548282","37.5116613527","일반차로"
"15306","114000202","서부트럭터미널.신정동일하이빌아파트","126.842363","37.510935","일반차로"
"15307","114000203","강신중학교","126.8403598507","37.5152713231","일반차로"
"15308","114000204","남명초교.신정3동주민센터","126.8549125537","37.515076534","일반차로"
"15309","114000205","금옥중.금옥여고.백암고등학교","126.8445827103","37.5098523335","일반차로"
"15310","114000206","양강중학교","126.85028","37.524862","일반차로"
"15311","114000207","양강중학교","126.8495049505","37.5238498474","일반차로"
"15312","114000208","신월2동주민센터입구.경창전통시장","126.8460404234","37.5231005832","일반차로"
"15313","114000209","강서초등학교.신월4동주민센터","126.8416789569","37.522025949","일반차로"
"15314","114000210","한빛종합사회복지관","126.8387477223","37.521341727","일반차로"
"15315","114000211","서울과학수사연구소입구","126.8369620025","37.5219046542","일반차로"
"15316","114000212","서부트럭터미널.신정동일하이빌아파트","126.8423997674","37.5100886262","일반차로"
"15317","114000213","서부트럭터미널.신정현대아파트","126.8429841108","37.5083597993","일반차로"
"15318","114000214","넓은들공원","126.8392002136","37.5107961068","일반차로"
"15319","114000215","넓은들공원","126.838645415","37.5110656513","일반차로"
"15320","114000216","신정현대아파트","126.842139551","37.5087818233","일반차로"
"15321","114000217","신정숲속마을아파트","126.8341353536","37.5064470434","일반차로"
"15322","114000218","신정숲속마을아파트.댓골마을입구","126.8356122927","37.506763681","일반차로"
"15323","114000219","양천중앙도서관.푸른마을2단지","126.8340906245","37.5141912766","일반차로"
"15324","114000220","양천중앙도서관.푸른마을2단지","126.833988","37.514032","일반차로"
"15325","114000221","강월초등학교.신월시영아파트","126.83553","37.515731","일반차로"
"15326","114000222","강월초등학교.신월시영아파트","126.835305","37.515937","일반차로"
"15327","114000223","강월초교입구사거리","126.8377839139","37.516359946","일반차로"
"15328","114000224","강월초교입구사거리","126.8378578575","37.5166925531","일반차로"
"15329","114000225","금실어린이공원","126.8377738585","37.5179542888","일반차로"
"15330","114000226","금실어린이공원","126.8378532017","37.5174285164","일반차로"
"15331","114000227","강신중학교","126.839808639","37.5158628238","일반차로"
"15332","114000228","양서중학교","126.8309503372","37.5315463481","일반차로"
"15333","114000229","신월1동주민센터.신월보건지소","126.8310479701","37.5321812684","일반차로"
"15334","114000230","신월3동주민센터.신월3동우체국","126.8288288926","37.5346648231","일반차로"
"15335","114000231","서부여성발전센터","126.8290121927","37.535164296","일반차로"
"15336","114000232","가로공원공영주차장.신영시장","126.8330270198","37.5363759851","일반차로"
"15337","114000233","신월사거리.국민은행신월동지점","126.8291078692","37.5358050015","일반차로"
"15338","114000234","서서울호수공원","126.8325721561","37.5290347298","일반차로"
"15339","114000235","서서울호수공원","126.8329212932","37.5292505864","일반차로"
"15340","114000236","하나은행신월동지점","126.8379926774","37.5304768462","일반차로"
"15341","114000237","가로공원공영주차장","126.8325796723","37.5366508061","일반차로"
"15342","114000238","양원초교.광영여고","126.8235071834","37.5390246021","일반차로"
"15343","114000239","국민은행신월동지점","126.8296038629","37.5362149282","일반차로"
"15344","114000240","메디힐병원.서울금융고등학교","126.8277768675","37.5369926272","일반차로"
"15345","114000241","신화중학교","126.8313535928","37.5396509921","가로변전일"
"15346","114000242","신월5동주민센터.신월중학교","126.8275323805","37.5394783937","가로변전일"
"15347","114000243","신월5동주민센터.신월중학교","126.8276175857","37.539249826","가로변전일"
"15348","114000244","신월중학교입구","126.8252825465","37.539901203","일반차로"
"15349","114000245","신월중학교입구","126.8256582331","37.540131513","일반차로"
"15350","114000246","광영고.신동아파밀리에아파트","126.8233615523","37.5393577897","일반차로"
"15351","114000247","서울금융고등학교","126.8270247465","37.537320428","일반차로"
"15352","114000248","신화중학교","126.8307630563","37.53935507","가로변시간"
"15353","114000249","경창빌딩","126.8385824561","37.5186593622","일반차로"
"15354","114000250","신월시영아파트중문","126.8367192546","37.519095445","일반차로"
"15355","114000251","신월시영아파트중문","126.8365807096","37.5190839909","일반차로"
"15356","114000252","목원초등학교.서울지방식품의약품안전청","126.8813545994","37.5430365015","일반차로"
"15357","114000253","양천어르신종합복지관","126.8590792819","37.5104115391","일반차로"
"15358","114000432","양서중학교","126.8302430927","37.5327964612","일반차로"
"15359","114000254","양명초등학교","126.8572418295","37.5160834014","일반차로"
"15360","114000255","신목동역.서울지방식품의약품안전청","126.883182","37.543803","일반차로"
"15361","114000256","목동파라곤","126.8755214922","37.5300691011","일반차로"
"15362","114000257","서부트럭터미널.신정현대아파트","126.8420065648","37.5090108927","일반차로"
"15363","114000258","대일관광고.푸른마을3단지","126.836221887","37.5111781699","일반차로"
"15364","114000259","대일관광고.푸른마을3단지","126.835885","37.511319","일반차로"
"15366","114000261","신월문화체육센터","126.8368773634","37.5205124893","일반차로"
"15367","114000262","목동아파트1102동앞","126.8601148427","37.5115795698","일반차로"
"15369","114000264","목동아파트1434동앞","126.8719841075","37.5156610604","일반차로"
"15370","114000438","목동아파트1216동앞","126.8621876648","37.5115054211","일반차로"
"15371","114000265","신월동기점","126.8385294276","37.5294773535","일반차로"
"15372","114000439","목동아파트1218동앞","126.8636210262","37.5117167505","일반차로"
"15373","114000267","양천공영차고지","126.8372401516","37.5084237826","일반차로"
"15374","114000268","서울과학수사연구소.고강동종점","126.8259331584","37.5236309481","일반차로"
"15377","114000270","신월동기점","126.8386621156","37.529576762","일반차로"
"15378","114000271","양천공영차고지","126.8376467183","37.5087014007","일반차로"
"15380","114000404","신정이펜하우스3단지","126.8304154243","37.5141211783","일반차로"
"15399","114000283","푸른마을1단지아파트","126.8353881275","37.5126531126","일반차로"
"15401","118000605","신정교입구","126.8739017041","37.5186052595","일반차로"
"15402","114000285","중부운수앞","126.8307794978","37.5242203138","일반차로"
"15405","114000288","서남병원.이든채아파트","126.83488","37.512878","일반차로"
"15408","114000289","신정교입구","126.8736165136","37.5185708053","일반차로"
"15411","114000292","신월청소년문화센터","126.8264417895","37.5354516006","일반차로"
"15412","114000293","계남공원삼거리.계남초교입구","126.8577593241","37.5101238882","일반차로"
"15413","114000294","신목동역.서울지방식품의약품안전청","126.883633","37.543627","일반차로"
"15414","114000402","신월6차보람아파트","126.8354825562","37.5297998782","일반차로"
"15415","114000403","신월6차보람아파트","126.8352416009","37.5299044382","일반차로"
"15416","114000405","신정이펜하우스2단지","126.8305420682","37.5145028936","일반차로"
"15418","114000431","신정이펜하우스1단지아파트","126.8280797488","37.5139871425","일반차로"
"15419","114000423","이펜하우스1단지.어르신요양센터","126.8288196516","37.5133944288","일반차로"
"15420","114000430","양천어르신요양센터","126.8284425852","37.5136182192","일반차로"
"15421","114000425","신정이펜하우스3.4단지","126.8304616781","37.5112884496","일반차로"
"15423","114000424","서남병원.신정이펜하우스5단지","126.8334705173","37.511195872","일반차로"
"15500","114900007","푸른마을아파트3단지","126.8365884562","37.5120789765","마을버스"
"15501","114900082","강서보건소.9호선등촌역","126.8680475339","37.5490380694","마을버스"
"15502","115000949","염창역.골든서울호텔","126.8761512874","37.5468699702","일반차로"
"15503","114900080","목2동주민센터","126.8713802897","37.5461773017","마을버스"
"15504","114900006","동일하이빌아파트","126.8408155962","37.5100140206","마을버스"
"15505","114900005","팔복부동산.목동교회","126.870383328","37.543894503","마을버스"
"15507","114900003","목동문화체육센터.건영아파트","126.8690347158","37.5417556164","마을버스"
"15508","114900002","한성교회.금옥여고.백암고","126.8430650004","37.5107847678","마을버스"
"15509","114900001","우신웨스트빌.목동보건지소","126.8690375939","37.5394632318","마을버스"
"15510","114900032","대림.수정아파트","126.8424429811","37.5123383373","마을버스"
"15511","114900031","벽산.대주아파트","126.8415302899","37.5143898216","마을버스"
"15512","114900030","성원.극동아파트","126.8716473252","37.5380036179","마을버스"
"15513","114900029","목동센트럴2단지","126.8410312611","37.515529943","마을버스"
"15516","114900026","목동센트럴1단지","126.8407068265","37.5164268831","마을버스"
"15518","114900025","농협.영도초등학교","126.8705498954","37.535918184","마을버스"
"15522","114900022","학마을2단지아파트","126.8442805344","37.5088381976","마을버스"
"15524","114900020","한신청구아파트","126.8815754738","37.53969003","마을버스"
"15526","114900018","학마을2단지아파트","126.8440958579","37.5089601172","마을버스"
"15536","114900013","신정1동주민센터","126.8547129441","37.5183653861","마을버스"
"15539","114900011","목동10단지","126.8566246544","37.5189371319","마을버스"
"15540","114900010","오목교역.대학학원","126.8741567243","37.5248106495","마을버스"
"15542","114900090","목동프라자","126.8593705814","37.5193999936","마을버스"
"15545","114900008","신서초교","126.8621671623","37.5206350924","마을버스"
"15547","114900059","서울남부지법","126.8629843287","37.5216813177","마을버스"
"15553","114900034","한신청구아파트정문","126.8816171411","37.5398180274","마을버스"
"15554","114900035","목동8단지.목동성당","126.8688815376","37.5225981211","마을버스"
"17232","116000141","구일우성아파트","126.875812","37.49013","일반차로"
"15556","114900036","목동3.4단지사잇길","126.8716438006","37.5327979786","마을버스"
"15561","114900063","용왕산입구","126.8731057989","37.5380880949","마을버스"
"15564","114900039","성원.극동아파트","126.8717853725","37.5380073723","마을버스"
"15565","114900040","목동9단지B상가","126.860685007","37.5182652653","마을버스"
"15566","114900041","현대아파트.월드메르디앙아파트","126.8699130421","37.5390523984","마을버스"
"15567","114900069","목동프라자","126.8592176522","37.5195079433","마을버스"
"15568","114900042","우신웨스트빌.목동보건지소","126.8688076498","37.5402388202","마을버스"
"15570","114900064","목동문화체육센터.건영아파트","126.869197507","37.5418504119","마을버스"
"15571","114900091","신정1동주민센터","126.8543800508","37.5184090452","마을버스"
"15572","114900065","팔복부동산.목동교회","126.8704988384","37.5438486739","마을버스"
"15574","114900047","목2동주민센터","126.8713325179","37.5466952437","마을버스"
"15576","114900067","양동중학교","126.8687518796","37.547522312","마을버스"
"15577","114900074","수명산입구","126.8288756598","37.5434136288","마을버스"
"15579","114900044","거산아파트","126.8319712047","37.5401966583","마을버스"
"15582","114900048","신곡시장","126.842581104","37.5187453383","마을버스"
"15584","114900068","목동센트럴1단지","126.8404713803","37.5165519359","마을버스"
"15585","114900049","목동센트럴2단지.이마트24","126.8408152558","37.5157451286","마을버스"
"15586","114900050","벽산.대주아파트","126.8413477998","37.5145607856","마을버스"
"15587","114900051","대림.수정아파트","126.8423503064","37.5122985653","마을버스"
"15588","114900052","한성교회.백암고","126.8429319752","37.5111080859","마을버스"
"15591","114900054","동일하이빌아파트","126.8406524331","37.5101435591","마을버스"
"15593","114900070","현대아파트.월드메르디앙아파트","126.8703583513","37.5387122738","마을버스"
"15594","114900083","롯데캐슬아파트.목3동시장","126.8671612341","37.5481502533","마을버스"
"15596","114900097","신정이펜하우스1단지","126.8280891009","37.5150602232","마을버스"
"15599","114900075","서남병원","126.8325983835","37.5117397462","마을버스"
"15600","114900057","신은초등학교","126.8335392789","37.5133381042","마을버스"
"15614","114900072","신은초등학교","126.8336662919","37.5134441509","마을버스"
"15635","114900076","서남병원","126.83252592","37.5117570005","마을버스"
"15637","114900073","이펜하우스3.4단지","126.8295805468","37.5120485294","마을버스"
"15638","114900058","양천어르신요양센터","126.828910031","37.5134418624","마을버스"
"15639","114000435","신정이펜하우스1단지.새금성교회","126.8284976952","37.5144526403","일반차로"
"15691","114000368","목동역","126.864285482","37.5253674114","일반차로"
"15692","114000369","목동역","126.8647256531","37.5253354768","일반차로"
"15693","114000370","갈산초등학교","126.8700047657","37.5129359732","일반차로"
"15694","114000371","갈산초등학교","126.87038353","37.5130463236","일반차로"
"15695","114000372","화곡입구","126.8272223971","37.5369927184","일반차로"
"15696","114000373","화곡입구","126.8277279655","37.5370988852","일반차로"
"15700","114000377","국립과학수사연구소","126.8366145434","37.5230214162","일반차로"
"15702","114000379","서부트럭터미널","126.8437883314","37.5078265129","일반차로"
"15703","114000380","대일고등학교","126.8638775519","37.5394087376","가로변시간"
"15718","114000395","양천공영차고지","126.8374184549","37.5084115031","일반차로"
"15801","114000409","오목교역","126.8751439748","37.5234378426","일반차로"
"15806","114000408","오목교역","126.8753760603","37.5233299675","일반차로"
"15808","116000577","신도림4차e편한세상","126.887744365","37.5121981404","일반차로"
"15909","114000411","목동현대백화점","126.8741804998","37.5281690673","일반차로"
"15992","114900099","강서양천교육지원청","126.829937","37.541566","마을버스"
"15994","114000440","신원중학교","126.8248011722","37.5357332396","일반차로"
"15995","114900098","거산아파트","126.8316906449","37.5407169042","마을버스"
"15996","114000401","신월사거리","126.8277442245","37.5359337917","일반차로"
"16001","115000001","염창역.서울도시가스","126.8758965674","37.547146203","중앙차로"
"16002","115000002","염창역.서울도시가스","126.874716","37.546918","중앙차로"
"16003","115000003","등촌역.강서보건소","126.868638","37.548988","중앙차로"
"16004","115000004","등촌역.강서보건소","126.867436","37.549624","중앙차로"
"16005","115000005","등촌중학교.백석초등학교","126.861438627","37.5526262092","중앙차로"
"16006","115000006","등촌중학교.백석초등학교","126.8606811411","37.5529052232","중앙차로"
"16007","115000588","강서구청사거리.서울디지털대학교","126.8555268401","37.5548873841","중앙차로"
"16008","115000589","강서구청사거리.서울디지털대학교","126.8540843129","37.5552355847","중앙차로"
"16009","115000590","KBS스포츠월드","126.850512","37.556782","중앙차로"
"16010","115000591","KBS스포츠월드","126.848927351","37.557050527","중앙차로"
"16011","115000592","한국가스기술공사","126.845633","37.558022","중앙차로"
"16012","115000593","한국가스기술공사","126.8437363221","37.557971797","중앙차로"
"16013","115000594","발산역","126.83922","37.558502","중앙차로"
"16014","115000634","송정역","126.8098252947","37.561451697","중앙차로"
"16015","115000633","송정역","126.8109375565","37.5613543738","중앙차로"
"16016","115000635","공항중학교.마곡엠밸리9,10단지","126.8155482638","37.5608007973","중앙차로"
"16017","115000893","발산역","126.8376109437","37.5585733533","중앙차로"
"16018","115000895","마곡역","126.827513","37.559695","중앙차로"
"16019","115000896","마곡역","126.8262227042","37.5597284531","중앙차로"
"16020","115000894","공항중학교.마곡엠밸리9,10단지","126.8171527623","37.5607379709","중앙차로"
"16021","115000923","마곡동로사거리","126.8339921625","37.5590734814","중앙차로"
"16022","115000922","마곡동로사거리","126.8324754968","37.5591051266","중앙차로"
"16023","115000947","강서세무서","126.8221992473","37.5601352538","중앙차로"
"16024","115000946","강서세무서","126.8228597284","37.5601606335","중앙차로"
"16100","115000925","화원중학교","126.8410402083","37.5378331474","일반차로"
"16101","115000951","가양동탑산문화공원","126.8461285043","37.5657052436","일반차로"
"16102","115000940","서울식물원.식물문화센터","126.8350580335","37.5683369266","일반차로"
"16103","115000007","백석초등학교.한국임업진흥원","126.8616542673","37.5527036123","일반차로"
"16104","115000008","등촌중학교.한국임업진흥원","126.8601040507","37.5529521864","일반차로"
"16105","115000009","강서대학교.강서LG베스트샵","126.8560333678","37.5548452055","일반차로"
"16106","115000010","하이웨이주유소.강서대학교","126.8557934761","37.5545340687","일반차로"
"16107","115000941","서울식물원.숲문화학교","126.8341460719","37.5662276025","일반차로"
"16108","115000942","LG사이언스파크","126.8335273253","37.5619785387","일반차로"
"16109","115000013","강서송도병원","126.8437952791","37.5581926191","가로변시간"
"16111","115000015","발산역4번출구","126.8392815106","37.5586270014","가로변시간"
"16112","115000016","발산역5번출구","126.8394838811","37.5582109717","가로변시간"
"16113","115000608","송정역","126.8114082502","37.5614188052","일반차로"
"16115","115000019","공항중학교.송정역","126.815009","37.561102","가로변시간"
"16116","115000020","송정역4번출구","126.810720132","37.5611760789","가로변시간"
"16117","115000021","송정역","126.8090169265","37.5616789813","가로변전일"
"16118","115000022","공항시장","126.8088328704","37.5622654951","일반차로"
"16119","115000023","공항시장","126.8087504097","37.5624230357","일반차로"
"16120","115000024","공항시장역3번출구","126.8109493938","37.5638248877","일반차로"
"16121","115000025","공항시장역.공항성산교회","126.8113840134","37.5647464984","일반차로"
"16122","115000026","방화주유소","126.812731","37.566695","일반차로"
"16123","115000027","방화2동청성아파트앞","126.8116149845","37.5669761672","일반차로"
"16124","115000028","방신전통시장입구","126.8128627805","37.5699529318","일반차로"
"16125","115000029","마곡우촌아파트","126.8114748571","37.5700234331","일반차로"
"16126","115000030","방신전통시장정문.방화사거리","126.8115903308","37.5727187792","일반차로"
"16127","115000031","방신전통시장정문.방화사거리","126.8113414217","37.5726571076","일반차로"
"16128","115000032","한서고등학교.보람아파트","126.811733","37.57483","일반차로"
"16129","115000033","한서고등학교.보람아파트","126.8114186211","37.574816243","일반차로"
"16130","115000034","방화역2번출구","126.812627","37.576742","일반차로"
"16131","115000035","방화역3번출구","126.8123587027","37.5769118737","일반차로"
"16132","115000036","방화3동주민센터.국립국어원","126.813513","37.57913","일반차로"
"16133","115000037","방화7단지.국립국어원","126.8133544706","37.5793082749","일반차로"
"16134","115000038","가양역4번출구.가양8단지아파트","126.8559123678","37.5618621425","일반차로"
"16135","115000039","가양역7번출구.마포중고교","126.8542038866","37.5589275113","일반차로"
"16136","115000040","가양역8번출구.마포중고교","126.8541936005","37.5595591647","일반차로"
"16137","115000041","경복비즈니스고등학교","126.8534482519","37.5575280794","일반차로"
"16138","115000042","경복비즈니스고등학교","126.8531220051","37.557662838","일반차로"
"16139","115000043","강서구청.한국건강관리협회","126.8505841855","37.552627948","가로변시간"
"16140","115000044","강서구청.한국건강관리협회","126.850232","37.552784","가로변전일"
"16141","115000045","우장초등학교","126.8481814428","37.5503532252","가로변전일"
"16142","115000046","우장초등학교","126.847753","37.549406","가로변시간"
"16143","115000047","한국폴리텍1.서울강서대학교","126.8452748106","37.5460872756","가로변전일"
"16144","115000048","한국폴리텍1.서울강서대학교","126.8447320961","37.5458432676","일반차로"
"16145","115000049","화곡본동시장","126.8426281976","37.5431786479","가로변시간"
"16146","115000050","화곡본동시장","126.8432514003","37.5433434761","가로변시간"
"16147","115000051","화곡역6번출구","126.8387505747","37.5410376002","가로변전일"
"16148","115000052","화곡역7번출구B","126.8370055717","37.5408730247","가로변전일"
"16149","115000053","강서구청소년상담복지센터","126.8355643823","37.5401952775","가로변시간"
"16150","115000054","화곡푸르지오","126.8344789776","37.5401506396","가로변시간"
"16151","115000055","외발산신광명마을","126.8215259396","37.5460645834","일반차로"
"16152","115000056","외발산신광명마을","126.821132","37.545958","일반차로"
"16153","115000057","강서면허시험장.메이필드호텔","126.8194959796","37.5496838966","일반차로"
"16154","115000058","강서면허시험장.메이필드호텔","126.820225595","37.5477976201","일반차로"
"16155","115000059","강서농수산물도매시장","126.81998","37.55187","일반차로"
"16156","115000916","영인운수.차고지","126.8179353333","37.5453351183","일반차로"
"16157","115000915","대한항공.메이필드호텔","126.8168175473","37.5497227693","일반차로"
"16158","115000061","공항동송정중학교","126.8149361014","37.5527773034","일반차로"
"16159","115000062","공항동송정중학교","126.815368","37.55313","일반차로"
"16160","115000063","국립항공박물관.공항동천주교회","126.811917","37.555638","일반차로"
"16161","115000064","국립항공박물관.공항동천주교회","126.811943","37.555152","일반차로"
"16162","115000065","공항동지하도입구","126.808185","37.559087","일반차로"
"16163","115000917","영인운수.차고지","126.8182939748","37.5452133046","일반차로"
"16164","115000067","방화중학교","126.8059168195","37.564621397","일반차로"
"16166","115000069","방화동도시개발11단지","126.804202","37.570852","일반차로"
"16167","115000070","개화119안전센터","126.8026","37.575195","일반차로"
"16168","115000071","개화119안전센터","126.802225","37.575128","일반차로"
"16169","115000072","개화역1번출구.개화검문소","126.800345","37.578455","일반차로"
"16170","115000073","개화역1번출구.개화검문소","126.7997884498","37.5784942626","일반차로"
"16171","115000074","부석마을.상사마을입구","126.7985641294","37.5824925499","일반차로"
"16172","115000075","부석마을.상사마을입구","126.798335","37.58182","일반차로"
"16173","115000076","영일고등학교.강서도서관","126.8633553696","37.5489885793","가로변시간"
"16174","115000077","아이파크아파트.백석중학교.실로암안과","126.8621412863","37.5451448999","가로변시간"
"16175","115000078","등촌2동주민센터.등촌동대림아파트","126.862957","37.542088","가로변전일"
"16176","115000079","대일고교.임광아파트.배광교회","126.863587","37.539924","가로변시간"
"16177","115000080","용문사.시립화곡청소년센터","126.8633458107","37.5370972069","가로변전일"
"16178","115000081","목동사거리","126.8635224048","37.5331985949","가로변시간"
"16179","115000082","목동사거리","126.863608811","37.5316337661","가로변시간"
"16180","115000083","화곡동남부시장","126.858853902","37.5318363326","일반차로"
"16181","115000084","성석교회","126.8575906388","37.5315122234","일반차로"
"16182","115000085","서울신정초등학교","126.8529083134","37.5311293183","일반차로"
"16183","115000086","서울신정초등학교","126.8525296973","37.530930626","일반차로"
"16184","115000087","화곡8동주민센터","126.8495911999","37.5308233051","일반차로"
"16185","115000088","화곡8동주민센터.까치산시장","126.8488200647","37.5305885107","일반차로"
"16186","115000089","KT강서지사","126.8475167279","37.5299722869","일반차로"
"16187","115000090","KT강서지사","126.8478810975","37.5299538337","일반차로"
"16188","115000091","화곡동유림아파트","126.844302","37.530479","일반차로"
"16189","115000092","화곡동유림아파트","126.8444275174","37.5303526005","일반차로"
"16190","115000093","황외과앞","126.8378394153","37.5309632183","일반차로"
"16191","115000094","까치산역2번출구","126.8468455507","37.5317706703","일반차로"
"16192","115000095","까치산역4번출구","126.8461927843","37.5322386315","일반차로"
"16193","115000096","화곡동백구사","126.8425221182","37.5326003237","일반차로"
"16194","115000097","화곡동백구사","126.8407943889","37.5323817672","일반차로"
"16195","115000098","화곡대림아파트","126.8389262692","37.5330031766","일반차로"
"16196","115000099","화곡동대림아파트.화곡중앙시장","126.8383240895","37.5341804114","일반차로"
"16197","115000100","강서문화원.강서K병원","126.8371920237","37.5367734994","일반차로"
"16198","115000101","강서문화원.강서K병원","126.8368737328","37.5374398713","일반차로"
"16199","115000102","강서문화원.강서K병원","126.8366700411","37.5369060331","일반차로"
"16200","115000103","강서문화원.강서K병원","126.8362926723","37.5371786505","일반차로"
"16201","115000945","다운어린이공원.화곡동교회","126.8437952234","37.5325644788","일반차로"
"16202","115000105","화원중학교","126.840433","37.537977","일반차로"
"16203","115000106","신월초등학교","126.8389691102","37.5386348969","일반차로"
"16204","115000107","신월초등학교","126.8394911995","37.5389654088","일반차로"
"16205","115000108","화곡역5번출구","126.8409451288","37.5406479194","가로변시간"
"16206","115000109","화곡역4번출구","126.8411221475","37.540952728","가로변시간"
"16207","115000110","화곡역1번출구","126.8395162317","37.5427978434","가로변전일"
"16208","115000111","화곡역8번출구","126.8388885788","37.5429294084","가로변전일"
"16209","115000112","대원시장","126.8382263704","37.5440629818","가로변시간"
"16210","115000113","대원시장","126.8373132333","37.5445248902","가로변시간"
"16211","115000114","화곡중고등학교","126.8362222507","37.5472239799","가로변시간"
"16212","115000646","화곡중고등학교","126.8364707757","37.5474202914","일반차로"
"16213","115000116","우장산역1번출구","126.8365028309","37.549241001","가로변전일"
"16214","115000117","우장산역4번출구","126.8362284945","37.5497942598","가로변시간"
"16215","115000118","명덕고등학교.서울스타병원","126.8365206219","37.5530943921","가로변전일"
"16216","115000119","명덕고등학교.서울스타병원","126.8363717464","37.5532912365","가로변전일"
"16217","115000120","발산역.우장산힐스테이트","126.8376254994","37.5560385988","가로변시간"
"16218","115000121","발산역.우장산힐스테이트","126.8374835698","37.5567655856","일반차로"
"16219","115000122","발산역2번출구","126.838558","37.56009","일반차로"
"16220","115000123","발산역3번출구","126.8389703128","37.5601701491","일반차로"
"16221","115000124","서울호서전문학교.등촌주공3단지아파트","126.839465","37.562868","일반차로"
"16222","115000125","서울호서전문학교.등촌주공3단지아파트","126.839755","37.562662","일반차로"
"16223","115000126","서울강서우체국","126.8403693809","37.5645670875","일반차로"
"16224","115000127","서울강서우체국","126.8400518125","37.5645673439","일반차로"
"16225","115000128","양천향교역.휴먼빌아파트","126.8416017657","37.5692156291","일반차로"
"16226","115000129","양천향교입구","126.841425","37.57003","일반차로"
"16227","115000130","가양한강타운아파트","126.8434528337","37.570402906","일반차로"
"16228","115000131","가양한강타운아파트","126.8438103417","37.5705058666","일반차로"
"16229","115000132","가양2단지성지아파트.동양고등학교","126.8465390121","37.5696275978","일반차로"
"16230","115000133","가양2단지성지아파트.동양고등학교","126.84734832","37.5696444144","일반차로"
"16231","115000134","한보구암마을아파트","126.8490281961","37.5687703572","일반차로"
"16232","115000135","가양동천주교영등포공업고등학교","126.8496502756","37.5684832895","일반차로"
"16233","115000136","서울서진학교.우체국앞.허준박물관","126.8513309956","37.5668487184","일반차로"
"16234","115000137","탑산초등학교.허준박물관","126.8517605558","37.5666981923","일반차로"
"16235","115000138","가양4단지아파트","126.8532911497","37.5652618508","일반차로"
"16236","115000139","대림경동아파트","126.8532162499","37.5655880638","일반차로"
"16237","115000140","가양5단지아파트","126.85513","37.564242","일반차로"
"16238","115000141","가양2동강변아파트","126.8556380616","37.5641799397","일반차로"
"16239","115000142","가양6단지아파트","126.8579043717","37.5629463904","일반차로"
"16240","115000143","가양초등학교","126.85982","37.561717","일반차로"
"16241","115000144","강서구청별관","126.8597589765","37.5611994625","일반차로"
"16242","115000145","가양3동주민센터","126.8607529864","37.5614125205","일반차로"
"16243","115000146","가양9단지아파트","126.863307","37.559812","일반차로"
"16244","115000147","가양9단지아파트.세현고등학교","126.8636096929","37.5598119345","일반차로"
"16245","115000148","염창동아3차아파트.나이아가라호텔","126.877626568","37.5491222747","일반차로"
"16246","115000149","염창동아3차아파트","126.8776893136","37.5488168686","일반차로"
"16247","115000150","염창동새마을금고","126.8733240118","37.5502350947","일반차로"
"16248","115000151","염창동새마을금고","126.8727944748","37.5501570313","일반차로"
"16249","115000152","염창동한마음.관음삼성아파트","126.8697189477","37.5530470916","일반차로"
"16250","115000153","염창동관음삼성아파트","126.8693581039","37.5529295507","일반차로"
"16251","115000154","태영.삼성한사랑아파트","126.8654574304","37.5550652684","일반차로"
"16252","115000155","금호.한솔아파트","126.8654850398","37.5554473635","일반차로"
"16253","115000156","블루나인비지니스센터","126.8637439355","37.5562428349","일반차로"
"16254","115000157","블루나인비지니스센터","126.8639188939","37.5565070571","일반차로"
"16255","115000158","증미역1번출구.강서소방서","126.861434589","37.5578632495","일반차로"
"16256","115000159","증미역3번출구.강서소방서","126.8617194697","37.557230783","일반차로"
"16257","115000160","가양역6번출구.현대프린스텔","126.8563497598","37.5602196054","일반차로"
"16258","115000161","가양역5번출구.현대아파트","126.8567272077","37.5604119558","일반차로"
"16259","115000162","가양역9번출구.우성아파트","126.8539737105","37.5614520887","일반차로"
"16260","115000163","가양역1번출구.우성아파트","126.853228","37.562223","일반차로"
"16261","115000164","SBS공개홀","126.85080021","37.5634890953","일반차로"
"16262","115000165","SBS공개홀","126.8498490115","37.563659097","일반차로"
"16263","115000927","가양4.5단지상가앞","126.8526273202","37.5640845262","일반차로"
"16264","115000167","서울서진학교","126.849851","37.565616","일반차로"
"16265","115000168","등촌동대림아파트","126.8483940429","37.5644051441","일반차로"
"16266","115000169","강서한강자이아파트","126.8478709578","37.5650145106","일반차로"
"16267","115000170","가양동문화공원","126.844935221","37.5666541126","일반차로"
"16268","115000171","가양동문화공원","126.8440630854","37.5668132495","일반차로"
"16269","115000172","양천향교역1번출구.양천초교","126.840356","37.569105","일반차로"
"16270","115000173","양천향교역8번출구.양천초교","126.840489","37.568749","일반차로"
"16271","115000174","겸재정선미술관.서울식물원","126.8385690451","37.5697783342","일반차로"
"16272","115000175","겸재정선미술관.서울식물원","126.8372947297","37.5707733354","일반차로"
"16273","115000176","마곡실내배드민턴장","126.82984731","37.5726185461","일반차로"
"16274","115000177","마곡실내배드민턴장","126.8319558638","37.5726747685","일반차로"
"16275","115000178","서남물재생센터","126.8273192464","37.5730045551","일반차로"
"16276","115000179","서남물재생센터","126.8271584787","37.5727700614","일반차로"
"16277","115000180","서남환경공원.마곡청구아파트","126.8233293081","37.5732822116","일반차로"
"16278","115000181","서남환경공원.마곡청구아파트","126.8222079622","37.573136622","일반차로"
"16279","115000182","방화2단지아파트","126.81844","37.573256","일반차로"
"16280","115000183","방화2단지아파트","126.818829","37.573514","일반차로"
"16283","115000186","방화동동부센트레빌아파트","126.8138643735","37.5733225126","일반차로"
"16284","115000187","방화동동부센트레빌아파트","126.814217","37.573528","일반차로"
"16285","115000188","한서고등학교.방화사거리","126.810512","37.573128","일반차로"
"16286","115000189","한서고등학교.방화사거리","126.809421","37.573162","일반차로"
"16287","115000190","개화산역2번출구","126.806172","37.572521","일반차로"
"16288","115000191","개화초교.개화산역2번출구","126.805346","37.572655","일반차로"
"16289","115000953","한강버스마곡선착장","126.842988","37.573494","일반차로"
"16291","115000194","등촌3동천주교회","126.8457975984","37.5600812481","일반차로"
"16292","115000195","등촌3동천주교회","126.8460350791","37.5599579041","일반차로"
"16293","115000196","등촌3동5단지아파트.등촌고등학교","126.84519","37.561745","일반차로"
"16294","115000197","등촌3동5단지아파트.등촌고등학교","126.8452050542","37.561949377","일반차로"
"16295","115000198","등촌3동주공4단지아파트","126.8431809018","37.5624287385","일반차로"
"16296","115000199","등촌동부영아파트","126.84275","37.562722","일반차로"
"16297","115000200","등촌3동주공10단지아파트","126.8474153204","37.5619664289","일반차로"
"16298","115000201","등촌3동대림아파트","126.8474900471","37.5625898053","일반차로"
"16301","115000935","마곡13단지힐스테이트아파트","126.8179661823","37.5566960084","일반차로"
"16303","115000206","서울디지털콘텐츠고등학교","126.8166269967","37.5755292328","일반차로"
"16304","115000207","방화1.2단지아파트","126.8168824539","37.5752232916","일반차로"
"16305","115000208","서울백영고등학교","126.8168322544","37.5695169119","일반차로"
"16306","115000209","서울백영고등학교","126.816406","37.569091","일반차로"
"16307","115000210","공항중학교.신성교회","126.8162655595","37.5631891761","일반차로"
"16308","115000211","공항중학교.마곡엠밸리9단지","126.81676","37.562458","일반차로"
"16309","115000212","양천향교역7번출구","126.8407487895","37.5670001354","일반차로"
"16321","115000224","방신전통시장입구","126.812660348","37.5700525655","일반차로"
"16322","115000225","방화주유소","126.8125292434","37.5666910754","일반차로"
"16326","115000229","제과점앞","126.8099418283","37.5602109477","일반차로"
"16327","115000230","공항동천주교회","126.811612","37.557387","일반차로"
"16328","115000231","강서한방병원","126.8390315329","37.5301259278","일반차로"
"16329","115000232","강서한방병원","126.8393407089","37.5299929864","일반차로"
"16330","115000233","강서한강자이아파트","126.8500718716","37.5663646057","일반차로"
"16332","115000234","강서구청별관","126.859807","37.561162","일반차로"
"17233","116000142","개봉역","126.8567241653","37.4939788787","일반차로"
"16339","115000241","우장산동주민센터","126.8415761023","37.5479250527","일반차로"
"16340","115000242","블리스빌","126.8442261922","37.5469149557","일반차로"
"16341","115000243","우장산투웨니퍼스트오피스텔","126.8457900497","37.5471985703","가로변시간"
"16342","115000244","가양7단지상가","126.861713","37.560708","일반차로"
"16344","115000246","등촌주공9단지","126.850602","37.561643","일반차로"
"16345","115000247","강서구민올림픽체육센터","126.850182","37.559912","일반차로"
"16346","115000248","등촌주공6단지","126.848477","37.560553","일반차로"
"16347","115000249","등현초등학교","126.847269544","37.5611028771","일반차로"
"16348","115000250","가양7단지상가앞","126.8618310381","37.560749155","일반차로"
"16350","115000251","우장산휴먼빌아파트","126.8434782256","37.5474383521","일반차로"
"16351","115000252","우장산동주민센터","126.8414060402","37.5480757415","일반차로"
"16352","115000253","우장산아이파크이편한세상","126.8370211691","37.548002196","일반차로"
"16361","115000258","우장산파크빌","126.8453328761","37.5466528685","가로변시간"
"16364","115000259","강서힐스테이트아파트","126.836963084","37.547853051","일반차로"
"16366","115000261","등촌주공6단지앞","126.848447","37.560355","일반차로"
"16367","115000262","강서구민올림픽체육센터","126.850322","37.559795","일반차로"
"16368","115000263","등촌주공8단지상가","126.850932","37.561875","일반차로"
"16369","115000264","가양4.5단지상가앞","126.852823","37.563943","일반차로"
"16373","115000267","삼정그린코아아파트","126.8117011886","37.5715960686","일반차로"
"16374","115000268","강서농협","126.8128866692","37.56832217","일반차로"
"16375","115000269","강서농협","126.812767","37.568388","일반차로"
"16376","115000270","서울방화초등학교","126.805304","37.568165","일반차로"
"16378","115000272","공항동주민센터","126.810557","37.55883","일반차로"
"16379","115000273","공항동성당","126.812261","37.556398","일반차로"
"16385","115000936","마곡나루역4번출구.서울식물원","126.8277729117","37.5652544127","일반차로"
"16386","115000937","마곡나루역5번출구.서울식물원","126.8275009964","37.5653688926","일반차로"
"16387","115000938","마곡역4번출구","126.828573099","37.5593495514","일반차로"
"16388","115000939","이대서울병원","126.8348300457","37.5587395873","일반차로"
"16389","115000280","김포공항국내선(6번홈)","126.804207227","37.5587417798","일반차로"
"16390","115000281","김포공항국내선(2번홈)","126.8046467079","37.5583911194","일반차로"
"16391","115000282","김포공항국제선","126.801112","37.56531","일반차로"
"16392","115000283","김포공항국제선","126.8010312835","37.5649980309","일반차로"
"16393","115000284","발산역7번출구","126.837903","37.557738","일반차로"
"16394","115000897","신방화역5번출구","126.8174477684","37.567394529","일반차로"
"16395","115000912","마곡엠밸리6.7단지.마곡중학교","126.8214497647","37.5671078261","일반차로"
"16396","115000898","마곡나루역1번출구","126.8257999476","37.5667539271","일반차로"
"16397","115000900","마곡역","126.826863","37.56108","일반차로"
"16398","115000901","마곡역","126.827203","37.560522","일반차로"
"16399","115000899","마곡나루역1번출구.웰튼병원","126.8265562889","37.5669558738","일반차로"
"16400","115000933","마곡동로사거리","126.8314960803","37.5594674923","일반차로"
"16401","115000913","마곡엠밸리11.12단지","126.8215712653","37.5600644793","일반차로"
"16402","115900271","마곡13단지힐스테이트후문","126.8187359229","37.5566341229","마을버스"
"16403","115900272","공진초등학교","126.8216428956","37.5584322785","마을버스"
"16405","115000955","김포공항국내선(4번홈)","126.804569","37.558517","일반차로"
"16407","115000295","송정역","126.8122789838","37.5613155651","일반차로"
"16408","115000296","외발산동기점","126.8213321956","37.5452091516","일반차로"
"16409","115000639","김포공항국내선(7번홈)","126.803805","37.559077","일반차로"
"16410","115000297","한국공항공사","126.798872","37.562433","일반차로"
"16411","115000298","한국공항공사","126.7987623811","37.5625221156","일반차로"
"16413","115000300","개화동상사마을종점","126.80181","37.588697","일반차로"
"16416","115000302","마곡수명산파크7단지","126.8230654224","37.5492187282","일반차로"
"16417","115000303","마곡수명산파크5단지6단지","126.8253549438","37.5513079456","일반차로"
"16418","115000304","마곡수명산파크2단지","126.8264227097","37.5549071083","일반차로"
"16419","115000305","마곡수명산파크2단지","126.826058","37.554787","일반차로"
"16420","115000306","마곡수명산파크3단지4단지","126.8252225589","37.55168483","일반차로"
"16421","115000307","마곡수명산파크7단지","126.822762","37.549322","일반차로"
"16422","115000308","마곡역6번출구","126.825491","37.559571","일반차로"
"16423","115000309","마곡역2번출구","126.825875","37.559992","일반차로"
"16424","115000310","화곡2동주민센터","126.8552226927","37.5313768831","일반차로"
"16425","115000311","화곡2동주민센터","126.854483648","37.5311763199","일반차로"
"16427","115000313","마곡엠밸리14단지아파트","126.826412","37.557467","일반차로"
"16428","115000314","마곡엠밸리15단지아파트","126.8267496101","37.5574387588","일반차로"
"16429","115000315","발산역9번출구","126.8365135554","37.5589193253","일반차로"
"16430","115000316","공항동주민센터","126.810619","37.558964","일반차로"
"16431","115000317","신방화사거리","126.816922","37.572868","일반차로"
"16432","115000318","신방화사거리","126.8165346746","37.5727855639","일반차로"
"16433","115000319","마곡우촌아파트","126.8117126614","37.5701349","일반차로"
"16434","115000320","개화역광역환승센터","126.797811","37.57845","일반차로"
"16435","115000321","개화역광역환승센터","126.797978","37.57822","일반차로"
"16436","115000322","방화2동청성아파트","126.8118933674","37.5665639113","일반차로"
"16450","115000609","핑크힐병원","126.8755585298","37.5493147499","일반차로"
"16451","115000617","롯데몰.김포공항역","126.8030234261","37.5623798325","일반차로"
"16453","115000624","송정중학교정문","126.8162290783","37.5543372118","일반차로"
"16462","115900241","염창동주민센터","126.871126909","37.5536800855","마을버스"
"16463","115900231","세븐일레븐강서메인점","126.8561330678","37.5351492517","마을버스"
"16464","115900232","강원슈퍼","126.856929141","37.5356611094","마을버스"
"16465","115900233","화곡보람3차아파트","126.858238059","37.5364948584","마을버스"
"16466","115900234","에이엔케슬","126.859168675","37.5371360581","마을버스"
"16467","115900235","한광고","126.8584805675","37.5377930358","마을버스"
"16468","115900236","서울신정고등학교","126.8575411898","37.5372836881","마을버스"
"16469","115900237","명지해드는터아파트","126.8564710571","37.5366359765","마을버스"
"16470","115900238","동우아트빌","126.8559329287","37.5364692205","마을버스"
"16471","115900239","미주아파트","126.8549371793","37.5374138804","마을버스"
"16472","115900240","방송인아파트","126.85410904","37.5370334682","마을버스"
"16473","115900230","곰달래약국","126.858040957","37.5315199743","마을버스"
"16474","115900229","중앙하이츠빌라","126.8581894818","37.5307641322","마을버스"
"16475","115900228","곰달래아파트","126.8565795811","37.5296584451","마을버스"
"16476","115900227","삼성아파트","126.8541282205","37.5292192105","마을버스"
"16477","115900226","은창아파트","126.8518828439","37.5289352735","마을버스"
"16478","115900225","화곡전화국","126.8479082078","37.5294764061","마을버스"
"16479","115900224","까치산역4번출구","126.8460661003","37.5326432888","마을버스"
"16480","115900223","까치산시장","126.8462779542","37.533742673","마을버스"
"16481","115900222","화곡탑건진선미아파트","126.8467094083","37.5361805507","마을버스"
"16482","115900221","GS화곡개나리점","126.848008","37.536642","마을버스"
"16483","115900220","빨래터세탁소","126.8491623939","37.5371687836","마을버스"
"16484","115900218","공작세탁소","126.8545741382","37.536591509","마을버스"
"16485","115900217","주영렉스빌","126.8551479825","37.5360470216","마을버스"
"16486","115900216","세븐일레븐강서메인점","126.855997887","37.5348425483","마을버스"
"16487","115900215","국민약국","126.8578470281","37.5317540263","마을버스"
"16488","115900219","주영렉스빌","126.855045849","37.5358982526","마을버스"
"16489","115900214","약수터","126.85163932","37.5387776474","마을버스"
"16490","115900209","신광명마을","126.8240687003","37.5471082621","마을버스"
"16491","115900210","수명중고등학교","126.8240952322","37.549302466","마을버스"
"16492","115900211","마곡.수명산파크4단지","126.8244871379","37.550615042","마을버스"
"16493","115000066","방화중학교","126.8065584409","37.5642674199","일반차로"
"16494","115900212","한마음아파트","126.8680232498","37.5551078122","마을버스"
"16495","115900206","우성아파트앞","126.8708997","37.5555155833","마을버스"
"16496","115900208","우성아파트","126.8709494221","37.5555615934","마을버스"
"16497","115900207","봉제산정상","126.851795","37.53667","마을버스"
"16498","115900023","생태공원","126.8185407653","37.5834338969","마을버스"
"16499","115900184","NC백화점앞","126.8402472565","37.5594762964","마을버스"
"16500","115900022","염창역1번출구.강서평생학습관","126.8737556441","37.5472979883","마을버스"
"16501","115900001","명지해드는터아파트","126.8563584043","37.5367635901","마을버스"
"16502","115900021","하이웨이주유소","126.8542799286","37.5544691407","마을버스"
"16503","115900020","서광아파트","126.8194426148","37.5788332307","마을버스"
"16504","115900243","마곡엠밸리7단지앞","126.8244646004","37.5654207293","마을버스"
"16505","115900019","대림아파트","126.8751414211","37.5483303142","마을버스"
"16506","115900018","하나마트","126.8531015943","37.5524923381","마을버스"
"16507","115900017","정곡초교","126.8186173155","37.5760007418","마을버스"
"16508","115900016","등명중학교","126.8429614647","37.5590951148","마을버스"
"16509","115900002","동아3차아파트","126.8760290974","37.5494621232","마을버스"
"16510","115900015","미주아파트","126.8551022133","37.5375050938","마을버스"
"16511","115900014","백연공원","126.8520877836","37.5506285112","마을버스"
"16512","115900202","방화4단지","126.8134033207","37.5767450272","마을버스"
"16513","115900013","등촌3동성당사거리","126.8458653593","37.5588259101","마을버스"
"16514","115900166","새마을금고","126.8732764729","37.5502377469","마을버스"
"16515","115900012","방송인아파트","126.8540561396","37.5371967258","마을버스"
"16516","115900011","강서대학교","126.851224259","37.5494785312","마을버스"
"16517","115900203","방화3동주민센터","126.813948","37.578176","마을버스"
"16518","115900010","등촌6단지","126.8476782843","37.5595698622","마을버스"
"16519","115900009","관음삼성.보람더하임아파트","126.8703832733","37.5524224634","마을버스"
"16520","115900008","공작세탁소","126.8543808707","37.536466022","마을버스"
"16521","115900181","골목시장","126.850235687","37.5486194397","마을버스"
"16524","115900006","염창중학교","126.8709339914","37.5533520946","마을버스"
"16525","115900005","세븐일레븐강서메인점","126.8558560931","37.5350565116","마을버스"
"16526","115900182","SK브로드밴드강서방송","126.849284385","37.5478099476","마을버스"
"16527","115900004","정곡초교","126.8195723539","37.5758468665","마을버스"
"16528","115900244","강서세무서.공항초교","126.8206089735","37.5620054578","마을버스"
"16529","115900047","남부시장","126.857698479","37.5325197799","마을버스"
"16530","115900046","수정빌딩","126.8475437164","37.5458083822","마을버스"
"16532","115900245","다솔마을","126.816664","37.555154","마을버스"
"16533","115900175","화곡유치원","126.8461326678","37.5444216025","마을버스"
"16534","115900273","마곡엠밸리14단지","126.8256703019","37.5580357905","마을버스"
"16535","115900044","등촌7단지아파트","126.8530358421","37.5612633649","마을버스"
"16536","115900043","삼천리아파트","126.8698493274","37.5561740306","마을버스"
"16537","115900042","화곡중앙하이츠빌라","126.8580424207","37.5307477357","마을버스"
"16538","115900041","본동시장","126.8442200427","37.5428311336","마을버스"
"16539","115900274","마곡엠밸리14단지","126.8247274121","37.5583235271","마을버스"
"16540","115900246","한서고등학교.보람아파트","126.8114926908","37.5748665364","마을버스"
"16541","115900039","한마음아파트","126.8678151019","37.5550445028","마을버스"
"16542","115900038","곰달래아파트","126.8572148649","37.5297942783","마을버스"
"16543","115900037","본동사무소","126.8477354184","37.5427020909","마을버스"
"16544","115900036","볏골어린이공원","126.841975539","37.5409676275","마을버스"
"16545","115900247","방신전통시장앞","126.8125870322","37.5733423192","마을버스"
"16546","115900275","마곡엠밸리11.12단지상가","126.8210370123","37.5586626221","마을버스"
"16547","115900035","삼성아파트","126.8542115306","37.5294337746","마을버스"
"16548","115900034","거성빌라","126.8490739183","37.5421787361","마을버스"
"16549","115900276","마곡13단지힐스테이트상가","126.8201379646","37.5583639272","마을버스"
"16550","115900033","겸재정선미술관입구","126.837411","37.572225","마을버스"
"16551","115900032","한국건강관리협회","126.8509971757","37.5538251223","마을버스"
"16552","115900031","증미역2번출구","126.8626080867","37.557180458","마을버스"
"16553","115900030","은창아파트","126.8518066697","37.5291208041","마을버스"
"16554","115900029","강서구립봉제산어르신복지센터","126.8502912541","37.5417729905","마을버스"
"16555","115900028","본동시장.새마을금고본점","126.8427421191","37.5428192627","마을버스"
"16556","115900027","금호APT","126.8371204609","37.5743399784","마을버스"
"16557","115900026","강서구청입구","126.8496141991","37.5532043177","마을버스"
"16558","115900025","등촌강변샤르망오피스텔","126.8571485471","37.558624739","마을버스"
"16560","115900178","대영마트","126.851055235","37.5405745983","마을버스"
"16561","115900072","우체국","126.8459320265","37.5441939263","마을버스"
"16562","115900071","벽산아파트","126.8367589013","37.5755640607","마을버스"
"16563","115900070","우장산꿈에그린아파트","126.8477997172","37.5532921022","마을버스"
"16564","115900069","등촌현대아파트","126.8550855865","37.5566172929","마을버스"
"16565","115900068","까치산역1번출구","126.8463346005","37.5326055625","마을버스"
"16566","115900067","정은파크빌","126.8514173531","37.540005562","마을버스"
"16567","115900066","화곡초교","126.8465565086","37.543584805","마을버스"
"16568","115900164","벽산아파트","126.8366805582","37.5757388784","마을버스"
"16569","115900065","롯데3차APT","126.8465770816","37.5528724125","마을버스"
"16570","115900064","하이웨이주유소","126.8540853499","37.5555906416","마을버스"
"16571","115900063","까치산시장","126.8460803531","37.5335405699","마을버스"
"16572","115900062","약수터","126.8515080655","37.5387720758","마을버스"
"16573","115900061","금호APT","126.8369597981","37.574293801","마을버스"
"16574","115900060","강서구민회관","126.8442711774","37.5530658323","마을버스"
"16576","115900058","선교교회","126.8477612943","37.5343420215","마을버스"
"16577","115900057","겸재정선미술관입구","126.8374304603","37.5718308684","마을버스"
"16578","115900056","발산어린이집","126.8416539309","37.554367135","마을버스"
"16579","115900055","화곡탑건진선미아파트","126.8468187447","37.5359934136","마을버스"
"16580","115900054","삼거리","126.850132431","37.5373877789","마을버스"
"16581","115900053","롯데1차","126.8409792491","37.554512744","마을버스"
"16583","115900052","GS화곡개나리점","126.848043724","37.5365674526","마을버스"
"16586","115900049","내발산복합복지센터","126.8399795935","37.5545324812","마을버스"
"16588","115900097","빨래터세탁소","126.8492383261","37.5369625024","마을버스"
"16589","115900096","안골공원","126.8512590982","37.5359315073","마을버스"
"16591","115900198","우장산월드메르디앙아파트","126.8378891311","37.5547901531","마을버스"
"16592","115900248","방화동동부센트레빌아파트","126.8138107751","37.5733691977","마을버스"
"16593","115900094","삼거리","126.8502333606","37.5373368223","마을버스"
"16594","115900093","강남슈퍼","126.8510240698","37.5351941142","마을버스"
"16595","115900249","프라임마트","126.8182381117","37.5728737933","마을버스"
"16597","115900092","태창아파트","126.8508560508","37.5375766335","마을버스"
"16598","115900091","신정초교","126.8512080132","37.5325973854","마을버스"
"16599","115900090","정은파크빌","126.851506706","37.5400282017","마을버스"
"16601","115900250","마곡한솔솔파크","126.8226596037","37.5700446393","마을버스"
"16602","115000610","가양역","126.8566507375","37.5604501553","일반차로"
"16603","115900251","길훈아파트","126.8225722751","37.5686840065","마을버스"
"16604","115900252","마곡중학교","126.8205580115","37.5689619652","마을버스"
"16605","115000601","김포공항국내선(9번홈)","126.803278818","37.5595105337","일반차로"
"16606","115000921","마곡나루역","126.8277919292","37.5672228992","일반차로"
"16608","115000920","롯데R&D센터","126.8284268111","37.5713190587","일반차로"
"16609","115000918","마곡나루역","126.8280656444","37.5671626962","일반차로"
"16612","115000620","대한항공","126.8150621212","37.5499834076","일반차로"
"16613","115000943","LG사이언스파크","126.8339839711","37.5627653003","일반차로"
"16615","115900253","마곡엠밸리1단지","126.8191530122","37.5678091263","마을버스"
"16616","115900254","마곡나루역1번출구","126.8258170834","37.5666863778","마을버스"
"16617","115900282","마곡나루역5번출구","126.8274784835","37.5653148","마을버스"
"16618","115000924","대한항공.메이필드호텔","126.8164830974","37.549888549","일반차로"
"16619","115000944","서울식물원.숲문화학교","126.8345109127","37.5663159615","일반차로"
"16621","115900256","마곡역2번출구","126.8259968474","37.559962965","마을버스"
"16622","115900257","강서세무서.공항초교","126.8209337487","37.5619017064","마을버스"
"16623","115900258","강서세무서","126.8213948607","37.5623562752","마을버스"
"16624","115900259","마곡엠밸리7단지입구","126.824676","37.565172","마을버스"
"16625","115900260","마곡엠밸리7단지","126.8235747774","37.5671695854","마을버스"
"16627","115900261","마곡엠밸리3단지입구","126.8199974298","37.5674567613","마을버스"
"16628","115900262","마곡중학교후문","126.8208224938","37.5686373065","마을버스"
"16629","115900263","길훈아파트","126.8227000401","37.5688328966","마을버스"
"16630","115900264","마곡한솔솔파크","126.8228444257","37.5696732566","마을버스"
"16631","115900265","프라임마트","126.8181868983","37.5729863387","마을버스"
"16632","115900266","방화동동부센트레빌아파트","126.8142022387","37.5735236112","마을버스"
"16633","115900267","방신전통시장앞","126.8129196261","37.5736123014","마을버스"
"16634","115900268","한서고등학교.보람아파트","126.8117492228","37.575012494","마을버스"
"16636","115900269","동아1.2차아파트","126.8718806325","37.5546674977","마을버스"
"16637","115900089","약수터","126.8515195211","37.5382837732","마을버스"
"16638","115900270","동아1.2차아파트","126.8720632484","37.5546585833","마을버스"
"16639","115000604","화곡역7번출구A","126.8387731991","37.5413298067","일반차로"
"16640","115900284","마곡우림필유아파트","126.8206647683","37.5720190366","마을버스"
"16641","115900283","마곡우림필유아파트","126.8202678013","37.572048799","마을버스"
"16677","115900179","대영마트","126.851143455","37.540598138","마을버스"
"16700","115000919","롯데R&D센터","126.828545146","37.5703123695","일반차로"
"16702","115000644","마곡엠밸리7단지.712동","126.8235218525","37.5671761267","일반차로"
"16703","115000643","신방화역4번출구.마곡중학교","126.8199236939","37.5674501387","일반차로"
"16704","115000642","신방화역7번출구","126.816377","37.56661","일반차로"
"16705","115000641","마곡엠밸리4단지","126.8249811399","37.5689315825","일반차로"
"16706","115000647","신방화역6번출구.마곡엠밸리5단지","126.816778","37.566192","일반차로"
"16707","115000648","화곡중앙골목시장","126.837775875","37.5347017814","일반차로"
"16718","115900086","송화벽화시장","126.8352516144","37.5479822354","마을버스"
"16721","115900168","삼천리아파트","126.869805293","37.5561118066","마을버스"
"16722","115900085","LG주유소","126.8577463741","37.5315297061","마을버스"
"16725","115000607","오쇠동꽃단지","126.7978638462","37.5382211674","일반차로"
"16726","115000606","오쇠동꽃단지","126.7974938496","37.5382088192","일반차로"
"16727","115900084","강서구립봉제산어르신복지센터","126.8503919612","37.5417776236","마을버스"
"16729","115900082","화곡중.고등학교","126.8332770001","37.5480159963","마을버스"
"16730","115000615","증미역","126.8636351888","37.5566900109","일반차로"
"16732","115900081","삼거리","126.850104675","37.5371798683","마을버스"
"16734","115900080","남부시장","126.8578070724","37.5325361304","마을버스"
"16745","115000449","송정역","126.8091452122","37.5613442157","가로변시간"
"16778","115900079","거성빌라","126.8495909865","37.542196174","마을버스"
"16781","115000602","김포공항국내선(10번홈)","126.803041627","37.5596781071","일반차로"
"16800","115000640","강서면허시험장","126.8188279446","37.55027309","일반차로"
"16801","115000950","염창역.골든서울호텔","126.8761933239","37.5472565064","일반차로"
"16812","115900078","덕원여자고등학교.덕원예술고등학교","126.8321738366","37.5492511475","마을버스"
"16813","115000616","증미역","126.8638396373","37.5562870508","일반차로"
"16814","115900077","봉제산정상","126.8516122813","37.5366775541","마을버스"
"16818","115900076","성우빌딩","126.8575558378","37.5336266685","마을버스"
"16820","115900075","발산초등학교","126.8314177559","37.550788238","마을버스"
"16829","115000603","김포공항국내선(5번홈)","126.8043612446","37.5586440368","일반차로"
"16836","115900074","로미오이발클럽","126.8530365707","37.5360346554","마을버스"
"16839","115000538","강서면허시험장메이필트호텔","126.8181908181","37.5502477813","일반차로"
"16841","115000540","강서구의회","126.8621434783","37.5451836495","가로변시간"
"16842","115000541","강서구의회","126.8629063713","37.5463487525","가로변시간"
"16843","115000542","대일고등학교","126.8634754278","37.5390090878","가로변전일"
"16844","115000543","목동사거리","126.8636807084","37.5306750816","가로변시간"
"16848","115000547","김포공항국제선","126.8021756851","37.5658713092","일반차로"
"16849","115000558","강서면허시험장.강서농수산물시장","126.8184684663","37.5500977258","일반차로"
"16851","115000557","염창역2번출구","126.87631","37.547248","일반차로"
"16855","115000587","태영송화아파트","126.867513837","37.5538754466","일반차로"
"16857","115000600","김포공항국제선","126.801935005","37.565706006","일반차로"
"16858","115900180","세븐일레븐강서메인점","126.8562745177","37.5349246412","마을버스"
"16859","115900073","화곡초교","126.8467695833","37.5434282911","마을버스"
"16861","115900120","수명산근린공원","126.8308140121","37.552012862","마을버스"
"16862","115900119","관음삼성.보람더하임아파트","126.8703510926","37.5520520784","마을버스"
"16863","115900118","청송평화아파트","126.853736191","37.5352999067","마을버스"
"16864","115900117","아람마트","126.85496215","37.5344073361","마을버스"
"16867","115900116","마곡수명산파크1단지앞","126.8298250178","37.5534189491","마을버스"
"16868","115900115","새마을금고","126.8724183295","37.5503900089","마을버스"
"16869","115900114","성심사","126.854174736","37.5336888926","마을버스"
"16870","115900113","성심사","126.8540194871","37.5338305389","마을버스"
"16873","115900112","마곡.수명산파크2단지","126.8278597199","37.5536179453","마을버스"
"16875","115900111","아람마트","126.8550585442","37.5342796302","마을버스"
"16876","115900110","현대빌라","126.8539118795","37.5344375855","마을버스"
"16878","115000638","화곡역7번출구","126.8386545056","37.5412701723","일반차로"
"16879","115900109","마곡.수명산파크3단지","126.8258981428","37.5531861489","마을버스"
"16882","115900108","청송평화아파트","126.8538280474","37.5352210016","마을버스"
"16885","115900191","마곡수명산파크3단지.4단지","126.8252405265","37.5517452299","마을버스"
"16887","115900107","화곡보람3차아파트","126.8583824999","37.5363953179","마을버스"
"16888","115900106","로미오이발클럽","126.8531190695","37.5361571618","마을버스"
"16890","115900105","푸르지오APT","126.8311221371","37.5418579682","마을버스"
"16891","115000614","염동초교.염창보람더하임아파트","126.8704365479","37.5520575345","일반차로"
"16892","115900104","에이엔케슬","126.8593609075","37.5372263113","마을버스"
"16893","115000613","염동초교.염창보람더하임아파트","126.870605926","37.5522739597","일반차로"
"16894","115900103","화곡유치원","126.8462317879","37.544243872","마을버스"
"16895","115000612","나이아가라.골든서울호텔","126.8778401388","37.5488578739","일반차로"
"16896","115900102","한광고","126.8586511192","37.5378900911","마을버스"
"16897","115900101","수정빌딩","126.8476445823","37.5456801149","마을버스"
"16898","115900100","마곡수명산파크7단지정문","126.8242285136","37.5479699462","마을버스"
"16899","115900099","서울신정고등학교","126.8574726323","37.5374602675","마을버스"
"16900","115900098","SK브로드밴드강서방송","126.8491829775","37.5475872477","마을버스"
"16902","115000611","나이아가라.골든서울호텔","126.877893454","37.5491259759","일반차로"
"16903","115900144","골목시장","126.850224658","37.5484752506","마을버스"
"16905","115900192","서울자동차학원","126.8215963672","37.5469045098","마을버스"
"16907","115900143","강서대학교","126.85131269","37.5494011485","마을버스"
"16908","115900278","백연공원","126.852199","37.550627","마을버스"
"16909","115900279","하나마트","126.8531946162","37.5524473101","마을버스"
"16910","115900142","강서구청후문","126.8502252218","37.5504558566","마을버스"
"16911","115900280","화곡보람2차아파트","126.8540264306","37.553885432","마을버스"
"16912","115900141","화곡6동주민센터","126.850726634","37.5515729471","마을버스"
"16914","115900140","본동사무소","126.8477220074","37.5428084269","마을버스"
"16915","115900139","황제참치","126.8514757606","37.5527741489","마을버스"
"16917","115900137","청과시장2","126.8212167365","37.551853645","마을버스"
"16918","115900183","콘티넨탈호텔","126.8522416609","37.5540907066","마을버스"
"16920","115900205","강서면허시험장","126.8191068363","37.5495010493","마을버스"
"16921","115900281","등촌역1번출구","126.8628059244","37.5521998321","마을버스"
"16922","115900135","발산역3번출구","126.8386304653","37.5592460652","마을버스"
"16923","115900134","마곡수명산파크7단지상가","126.821878","37.547383","마을버스"
"16925","115900132","마곡수명산파크7단지정문","126.8242774574","37.5478510746","마을버스"
"16927","115900131","수명중.고등학교","126.8241692626","37.5500676051","마을버스"
"16928","115900130","기업은행","126.8408606746","37.5660884052","마을버스"
"16929","115900194","마곡수명산파크5단지.6단지","126.8253974999","37.551408453","마을버스"
"16930","115507770","김포공항국내선(11-2번홈)","126.8027048253","37.5599570433","일반차로"
"16931","115900129","마곡수명산파크상가","126.8261989751","37.5533409393","마을버스"
"16932","115900128","2.8공원","126.8378902625","37.5707078403","마을버스"
"16933","115900127","마곡수명산파크5단지아파트","126.8281310522","37.5534721595","마을버스"
"16934","115507760","김포공항국내선(11-3번홈)","126.8026139532","37.5600161723","일반차로"
"16935","115900126","수명산파크1단지아파트앞","126.8297393667","37.5532575299","마을버스"
"16937","115900125","수명산근린공원","126.8309080194","37.5515705602","마을버스"
"16939","115900193","발산초등학교","126.8318357277","37.5496273238","마을버스"
"16940","115900213","2.8공원","126.8377373459","37.5707472783","마을버스"
"16941","115900124","화곡중.고등학교","126.8331241842","37.5478756223","마을버스"
"16943","115900195","송화벽화시장","126.8353186306","37.5478714943","마을버스"
"16946","115900200","우장산월드메르디앙아파트","126.8379443491","37.5546252214","마을버스"
"16948","115900199","내발산복합복지센터","126.8395111456","37.5544705711","마을버스"
"16950","115900121","롯데1차","126.8404847373","37.5543709679","마을버스"
"16951","115507730","김포공항국제선(1경기)","126.8013316631","37.5652767853","일반차로"
"16952","115900163","발산어린이집","126.8415567994","37.5542696867","마을버스"
"16954","115900161","강서구민회관","126.8442047794","37.5528837238","마을버스"
"16955","115900160","방화3동주민센터","126.8136547657","37.578386307","마을버스"
"16956","115900159","롯데3차APT","126.8464573797","37.5527406972","마을버스"
"16957","115900158","방화동삼익아파트","126.8132284757","37.5768069244","마을버스"
"16958","115900157","공영주차장","126.8478384134","37.5531867241","마을버스"
"16960","115900156","강서구청입구","126.849806","37.553128","마을버스"
"16961","115900155","서광아파트","126.8196509419","37.5788326481","마을버스"
"16962","115900204","생태공원","126.8185765185","37.5834824238","마을버스"
"16963","115900154","등촌7단지","126.8535030896","37.5612589905","마을버스"
"16965","115900152","등촌미주.진로아파트","126.8477466451","37.5599069591","마을버스"
"16966","115900171","등촌3동성당사거리","126.8456364312","37.5589634783","마을버스"
"16967","115900151","등촌5단지","126.8439155633","37.5591423356","마을버스"
"16968","115900189","원당근린공원앞","126.8417735551","37.5593503403","마을버스"
"16969","115900190","발산역.NC백화점","126.8394594755","37.5597454044","마을버스"
"16970","115900150","동우아트빌","126.8560740901","37.5365679159","마을버스"
"16971","115900149","태창아파트","126.8507879488","37.5377535138","마을버스"
"16972","115000948","김포공항역3번출구","126.801792135","37.562537698","일반차로"
"16975","115900201","강서농수산물도매시장","126.818103","37.553498","마을버스"
"16976","115900148","강서농수산물도매시장종점","126.8226727076","37.5545167694","마을버스"
"16977","115900172","등촌동주공9단지","126.8497520174","37.5629182758","마을버스"
"16978","115900173","등촌주공9단지","126.8499826351","37.5627349056","마을버스"
"16979","115900174","등촌동주공8단지","126.8513904609","37.5621012565","마을버스"
"16983","115000580","국립항공박물관","126.8076813957","37.5563306325","일반차로"
"16986","115900147","등촌주공8단지","126.852100007","37.5616236673","마을버스"
"16987","115000574","대한항공화물청사","126.8132205142","37.5514321709","일반차로"
"16988","115000573","대한항공훈련센터","126.8131745021","37.5462877526","일반차로"
"16992","115000572","김포공항화물청사","126.8112608986","37.5534204714","일반차로"
"16993","115000571","김포공항세관.국립항공박물관","126.8080679474","37.5556608484","일반차로"
"16994","115900146","강원슈퍼","126.8570263026","37.5355160159","마을버스"
"16995","115000568","대한항공","126.8145690738","37.5507341466","일반차로"
"16996","115000563","대한항공.메이필드호텔","126.8168535705","37.5495780042","일반차로"
"16997","115000562","김포공항국제선","126.800809711","37.564885922","일반차로"
"17001","116000001","신도림역","126.8892229203","37.5096755487","중앙차로"
"17002","116000002","신도림역","126.8884638807","37.509108047","중앙차로"
"17003","116000003","신도림동.구로역","126.8839791469","37.5060021376","중앙차로"
"17004","116000004","신도림동.구로역","126.883227988","37.5053435935","중앙차로"
"17005","116000005","구일역.중앙유통상가","126.8746997523","37.4998806283","중앙차로"
"17006","116000006","구일역.제일제당","126.8745360708","37.499702506","중앙차로"
"17007","116000007","동양미래대학.구로성심병원","126.8679976691","37.4996343963","중앙차로"
"17008","116000008","동양미래대학.구로성심병원","126.8670186731","37.4993764843","중앙차로"
"17009","116000009","개봉역.영화아파트","126.8601789687","37.496906783","중앙차로"
"17010","116000010","개봉역.한마을아파트","126.8620566339","37.4964773551","중앙차로"
"17011","116000011","경인중학교.개봉사거리","126.8554228318","37.4973830961","중앙차로"
"17012","116000012","경인중학교.개봉사거리","126.8551315518","37.4971710251","중앙차로"
"17013","116000013","구로디지털단지역","126.9015481288","37.4830994287","중앙차로"
"17101","116000015","신도림역","126.8921156954","37.5065457613","일반차로"
"17102","116000016","신도림역","126.8915707873","37.5070158798","일반차로"
"17103","116000017","서울미래초등학교","126.889452","37.505102","일반차로"
"17104","116000018","서울미래초등학교","126.889449","37.505305","일반차로"
"17105","116000019","한국SGI","126.889782059","37.5024770437","일반차로"
"17106","116000020","거리공원.구로신협본점앞","126.8885488917","37.502779976","일반차로"
"17107","116000021","거리공원","126.8918354857","37.4999741464","일반차로"
"17108","116000022","구로도서관.대성스카이렉스","126.8910758305","37.4995635433","일반차로"
"17109","116000023","구로고등학교","126.8915774772","37.4965681073","일반차로"
"17110","116000024","영림중학교","126.8916231394","37.4969140891","일반차로"
"17111","116000025","구로구청","126.8879268367","37.4945619511","일반차로"
"17112","116000026","구로구청","126.8876042378","37.4947508763","일반차로"
"17113","116000027","고대구로병원후문","126.8845657252","37.4932322453","일반차로"
"17114","116000028","대림역","126.8939771601","37.4909457511","일반차로"
"17115","116000029","대림역","126.8937987946","37.491137055","일반차로"
"17116","116000030","영서중학교","126.8922034695","37.4898314022","일반차로"
"17117","116000031","영서중학교","126.8923358014","37.4902009359","일반차로"
"17118","116000032","구로두산아파트","126.890072","37.488807","일반차로"
"17119","116000033","구로종합사회복지관","126.889168","37.487893","일반차로"
"17120","116000034","남구로역2번출구","126.886787","37.485278","일반차로"
"17121","116000035","남구로역5번출구.구로4동자치회관","126.886453","37.48531","일반차로"
"17122","116000036","지밸리비즈플라자.이마트구로점","126.8967540585","37.4841410978","일반차로"
"17123","116000037","고용노동부관악지청.이마트구로점","126.8980497122","37.4836510446","일반차로"
"17124","116000038","디지털산업1단지","126.8950386925","37.4838512637","일반차로"
"17125","116000039","디지털산업1단지","126.8947643486","37.4839658982","일반차로"
"17126","116000040","하이엔드1차?보건지소?치매센터","126.8929302011","37.4817477698","일반차로"
"17127","116000041","지하이시티?보건지소?치매센터","126.8926352264","37.4816976566","일반차로"
"17128","116000042","디지털단지오거리","126.8908838882","37.4800217989","일반차로"
"17129","116000043","디지털단지오거리","126.890398","37.479933","일반차로"
"17130","116000044","퀸즈빌","126.833311","37.487516","일반차로"
"17131","116000045","가리봉시장","126.8871282217","37.4830082864","일반차로"
"17132","116000046","가리봉시장","126.8869928718","37.4824285977","일반차로"
"17133","116000047","남구로역3번출구","126.886268","37.48418","일반차로"
"17134","116000048","남구로역","126.8856450789","37.4860984011","일반차로"
"17135","116000049","구로시장","126.884862123","37.4879909258","일반차로"
"17136","116000050","구로시장","126.88461","37.48798","일반차로"
"17137","116000051","구로4동우체국.고대구로병원정문","126.8842398696","37.4902484188","일반차로"
"17138","116000052","구로4동우체국.고대구로병원정문","126.8840651203","37.4899022236","일반차로"
"17139","116000053","구로119안전센터","126.8832312859","37.4937842571","일반차로"
"17140","116000054","구로119안전센터","126.8829563911","37.4938362491","일반차로"
"17141","116000055","우리유앤미아파트","126.8823840611","37.4967741772","일반차로"
"17142","116000056","구로변전소.구로초등학교","126.8840766793","37.4977886895","일반차로"
"17143","116000057","구로2동성당","126.8823344295","37.4995738531","일반차로"
"17144","116000058","구로역?NC신구로점","126.8828494432","37.5000384326","일반차로"
"17145","116000059","구로역?NC신구로점","126.88258057","37.5008460428","일반차로"
"17146","116000060","구로역.구로기계공구상가","126.8793093405","37.5035680895","일반차로"
"17147","116000061","구로역.구로기계공구상가","126.8789985402","37.5034172875","일반차로"
"17148","116000062","기업은행구로중앙지점","126.8774020097","37.5051655805","일반차로"
"17149","116000063","기업은행구로중앙지점","126.8772441351","37.5048734598","일반차로"
"17150","116000619","두암빌라","126.8257158995","37.4950860911","일반차로"
"17151","116900306","항동우남퍼스트빌","126.8190130591","37.476616334","일반차로"
"17152","116000066","신도림중학교","126.8849526908","37.5064944251","일반차로"
"17153","116000067","신도림중학교","126.884705","37.506772","일반차로"
"17154","116000068","구로역","126.882277","37.50455","일반차로"
"17156","116000618","초롱타운회전교차로","126.8798378767","37.4957030464","일반차로"
"17157","116000616","솔길공원","126.8803654599","37.4892906662","일반차로"
"17158","116000617","GS25","126.8802099004","37.4928832739","일반차로"
"17159","117000928","한일유앤아이아파트","126.8760349245","37.4856462135","일반차로"
"17160","116000627","항동우남퍼스트빌","126.8187528849","37.4766823207","일반차로"
"17161","116000645","구로SKV1지식산업센터","126.8171864748","37.4776891435","일반차로"
"17162","116000649","구로SKV1.제일풍경채포레스트","126.817092711","37.4775798985","일반차로"
"17163","116000654","하늘도서관","126.880881","37.486117","일반차로"
"17164","116000078","개봉사거리","126.8572965027","37.4971447123","일반차로"
"17166","116000080","경인중학교","126.8563001796","37.496895371","일반차로"
"17168","116000082","개봉치안센터","126.8518576272","37.4981960239","일반차로"
"17169","116000083","오류1동주민센터.오류문화센터","126.8461421452","37.4968379665","일반차로"
"17170","116000084","오류1동주민센터.오류문화센터","126.844651036","37.4965314426","일반차로"
"17171","116000085","오류동역","126.8433601337","37.4956918469","일반차로"
"17172","116000086","오류동역","126.842536958","37.4956023105","일반차로"
"17173","116000087","씨티월드","126.8406826769","37.4944628984","일반차로"
"17174","116000088","오류지구대.텃골","126.8394647757","37.4942645442","일반차로"
"17175","116000089","서울가든빌라앞","126.8311075695","37.4912029363","일반차로"
"17176","116000090","서울가든빌라앞","126.8316708345","37.4915630038","일반차로"
"17177","116000091","성공회대학교.유한공고앞","126.8250439465","37.4894469463","가로변전일"
"17178","116000647","소공원사거리.영풍마드레빌아파트","126.8395380549","37.4911309317","일반차로"
"17179","116000093","연세중앙교회","126.8354231175","37.4931082751","일반차로"
"17180","116000094","궁동청소년문화의집","126.8328204225","37.4933235239","일반차로"
"17181","116000095","궁동청소년문화의집.구로검사소","126.8336321895","37.493133206","일반차로"
"17182","116000096","우신중고등학교","126.830847","37.4933","일반차로"
"17183","116000097","우신중고등학교","126.8304506092","37.4930633974","일반차로"
"17184","116000098","온수역","126.82376","37.492802","일반차로"
"17185","116000099","온수역","126.8244009171","37.492777021","일반차로"
"17186","116000100","온수동새마을금고","126.8243871935","37.4960559471","일반차로"
"17187","116000101","정진학교.온수힐스테이트아파트","126.8221461174","37.4969745872","일반차로"
"17188","116000102","수궁동주민센터","126.830866","37.494651","일반차로"
"17189","116000103","수궁동주민센터","126.8308533319","37.4943591334","일반차로"
"17190","116000104","수궁119안전센터","126.829596","37.496815","일반차로"
"17191","116000105","수궁119안전센터","126.8293338512","37.4967842434","일반차로"
"17192","116000106","예림디자인고.오류고.서울공연예술고","126.829242","37.498605","일반차로"
"17193","116000107","예림디자인고.오류고.서울공연예술고","126.82904","37.4984","일반차로"
"17194","116000108","서서울생활과학고.궁동도서관","126.8289709829","37.5028393881","일반차로"
"17195","116000177","서서울생활과학고.궁동도서관","126.8291844801","37.5022044887","일반차로"
"17196","116000605","오남중학교.삼미주택","126.8367978524","37.4885327485","일반차로"
"17197","116000606","오남중학교","126.8371570428","37.4881037428","일반차로"
"17198","116000652","구로2동지하차도입구","126.8812544782","37.4901970753","일반차로"
"17201","116000111","구로우체국.이펜하우스5단지후문","126.8422808239","37.48194555","일반차로"
"17202","116900276","천왕역4번출구","126.8393714866","37.4859413996","일반차로"
"17203","116000113","오류2동주민센터","126.8397819774","37.4886434308","일반차로"
"17204","116000114","오류2동주민센터","126.839681","37.488887","일반차로"
"17205","116000115","오류2동새마을금고","126.8406511512","37.4905229687","일반차로"
"17206","116000116","오류2동새마을금고","126.8405721054","37.4906222096","일반차로"
"17207","116000117","대원주유소","126.8565297879","37.4869343975","일반차로"
"17208","116000118","대원주유소","126.8561852068","37.4873583985","일반차로"
"17209","116000119","현대아파트.개봉중앙시장","126.8561310188","37.4907570595","일반차로"
"17210","116000120","현대아파트.개봉중앙시장","126.8558657202","37.4905337369","일반차로"
"17211","116000121","덕의초등학교","126.8594403333","37.5063377311","일반차로"
"17212","116000122","덕의초등학교","126.858358201","37.5061580205","일반차로"
"17213","116000123","고척근린공원","126.8552979346","37.5047224619","일반차로"
"17214","116000124","고척근린공원.고척도서관","126.854469381","37.5046337292","일반차로"
"17215","116000125","세곡초등학교","126.8498423009","37.5026683511","일반차로"
"17216","116000126","세곡초등학교","126.8506070009","37.5031820473","일반차로"
"17217","116000127","개봉푸르지오아파트","126.8478312344","37.5021368312","일반차로"
"17218","116000128","개봉푸르지오아파트","126.8480532092","37.5019938418","일반차로"
"17219","116000129","고척근린시장","126.8508090334","37.5011232856","일반차로"
"17220","116000130","용두연립","126.8517949619","37.4990015306","일반차로"
"17221","116000622","우리유엔미아파트","126.8826343167","37.497215043","일반차로"
"17222","116000621","구로2동성당","126.8825792166","37.4998375728","일반차로"
"17223","116000133","고척파크푸르지오아파트","126.8593137054","37.5075421206","일반차로"
"17224","116000656","매봉초등학교","126.845109","37.50415","일반차로"
"17225","116000134","고척시장","126.8619416162","37.5038511025","일반차로"
"17226","116000135","고척시장","126.8619909959","37.5031371138","일반차로"
"17227","116000136","고척중학교","126.8638647293","37.5004655551","일반차로"
"17228","116000137","고척중학교","126.8632418182","37.5009671461","일반차로"
"17229","116000138","구로디지털단지역","126.9016459933","37.4834896886","일반차로"
"17230","116000139","삼부르네상스.효성아파트","126.8946360021","37.4787444391","일반차로"
"17231","116000140","구일우성아파트","126.875700839","37.4894975873","일반차로"
"17234","116000143","개봉역","126.8575703808","37.4934843485","일반차로"
"17235","116000144","개봉1동사거리.개봉푸르지오아파트","126.8467946502","37.5014132308","일반차로"
"17236","116000145","개봉1동사거리.호반써밋개봉","126.8469150982","37.5004695107","일반차로"
"17237","116000146","구로1동우체국","126.8745025992","37.4915682929","일반차로"
"17238","116000147","구일우성아파트","126.8762607392","37.4887147629","일반차로"
"17239","116000148","디지털단지입구","126.8764578415","37.4864236935","일반차로"
"17240","116000149","구로보건소","126.8891718481","37.5002307166","일반차로"
"17241","116000453","궁동삼거리","126.8284511846","37.5064013211","일반차로"
"17242","116000151","구일우성아파트","126.8758256916","37.4897430284","일반차로"
"17243","116000609","개봉역","126.8570002311","37.4934472423","일반차로"
"17244","116000650","웰크론","126.8938547373","37.4829060991","일반차로"
"17245","116000153","남구로역2번출구","126.8873712478","37.4849321706","일반차로"
"17246","116000612","개봉고가","126.8555849791","37.493656008","일반차로"
"17247","116000155","구로남초등학교","126.891010543","37.4839895253","일반차로"
"17248","116000156","연세중앙교회","126.8359813615","37.4933027885","일반차로"
"17249","116000648","가리봉파출소","126.8917410052","37.4792463871","일반차로"
"17251","116000157","동양빌라","126.8315970998","37.4951898369","일반차로"
"17252","116000158","남구로역6번출구","126.8885673801","37.4877324957","일반차로"
"17253","116000159","궁동입구","126.8340799962","37.4934389034","일반차로"
"17254","116000160","신도림현대아파트","126.886618","37.504635","일반차로"
"17255","116000161","롯데아파트","126.8847254607","37.502823088","일반차로"
"17256","116000162","구로역1번출구.NC신구로점","126.882557","37.501827","일반차로"
"17257","116000163","롯데아파트","126.8847503711","37.5027211681","일반차로"
"17258","116000164","제중요양병원","126.8866148382","37.5036149757","일반차로"
"17259","116000586","구로역1번출구","126.8827750112","37.5020712449","일반차로"
"17260","116000584","화원복지관.구로중앙하이츠아파트","126.8798196011","37.4982866627","일반차로"
"17261","116000585","신동아미래지움아파트","126.8803764558","37.5001207745","일반차로"
"17262","116000596","초롱타운아파트","126.8800116763","37.4958292381","일반차로"
"17267","116000653","한양수자인아파트앞","126.824629467","37.478107152","일반차로"
"17289","116000194","온수동종점","126.821273","37.491642","일반차로"
"17290","116000195","온수동종점","126.8212178349","37.4919683896","일반차로"
"17293","116000198","구로구청","126.8884812232","37.4959285478","일반차로"
"17296","116000200","대림역3번출구","126.8943735141","37.4935009845","일반차로"
"17297","116000201","구로중학교","126.8908083287","37.4930931479","일반차로"
"17298","116000202","우신중고등학교후문","126.8249030466","37.4960440674","일반차로"
"17299","116000203","동양빌라","126.8313006741","37.4953170918","일반차로"
"17300","116000204","궁동입구","126.8342168006","37.4934553153","일반차로"
"17304","116000445","동부골든아파트","126.8401618889","37.4987307095","일반차로"
"17305","116000288","거성푸르뫼아파트","126.8433197716","37.5003224419","일반차로"
"17306","116000287","거성푸르뫼아파트","126.8435534104","37.5006160982","일반차로"
"17307","116000448","오류동삼거리","126.8408783505","37.4953703071","일반차로"
"17308","116000447","오류동삼거리","126.840776","37.495268","일반차로"
"17309","116000446","동부골든.한신플러스타운","126.84038262","37.4986318974","일반차로"
"17310","116000563","구로역.신구로자이나인스에비뉴","126.8834797536","37.4998227914","일반차로"
"17311","116000614","개봉1동사거리","126.8453708568","37.5012109084","일반차로"
"17312","116000613","개봉1동사거리","126.8455328891","37.5010678452","일반차로"
"17314","116000611","동부골든아파트후문","126.842311","37.50008","일반차로"
"17315","116000591","동부골든아파트후문","126.8419150635","37.4995684704","일반차로"
"17359","116000633","항동하버라인3단지","126.8229434162","37.4787466063","일반차로"
"17360","116000634","항동하버라인3단지","126.8230450799","37.4791611089","일반차로"
"17361","116000628","푸른수목원","126.8244378246","37.4814946582","일반차로"
"17362","116000629","항동복합행정센터","126.8220933898","37.47963057","일반차로"
"17363","116000630","푸른수목원","126.8245517616","37.4811903562","일반차로"
"17364","116000631","항동복합행정센터","126.8222801975","37.4795204776","일반차로"
"17365","116000296","푸른수목원후문.저수지앞","126.8224245449","37.4842895838","일반차로"
"17366","116000305","매화빌라","126.8231546765","37.4766543306","일반차로"
"17367","116900208","그린빌라정문","126.8234321788","37.4860432475","마을버스"
"17368","116000304","매화빌라","126.8233185065","37.4767123949","일반차로"
"17369","116000297","푸른수목원후문.저수지앞","126.8222927163","37.4837822633","일반차로"
"17370","116000638","항동중흥S클래스","126.8216009197","37.4810835927","일반차로"
"17371","116000637","항동하버라인2단지","126.8216570282","37.4812765042","일반차로"
"17389","116000635","디지털단지오거리","126.8887534687","37.4801153252","일반차로"
"17397","116000598","연지타운2단지","126.8408329321","37.4837306939","일반차로"
"17399","116000597","연지타운2단지","126.8412297964","37.4838000329","일반차로"
"17400","116000624","원각사입구","126.829525707","37.500556585","일반차로"
"17401","118000603","삼각공원","126.892519811","37.5018533676","일반차로"
"17404","116900257","고척고교.한일유앤아이.삼익아파트","126.8524610449","37.5082359497","마을버스"
"17405","116900258","삼덕마을입구","126.8500803806","37.5074796322","마을버스"
"17406","116900259","삼덕마을입구","126.8501021495","37.5073408903","마을버스"
"17407","116900260","그랜드아파트.홍진연립","126.8479514122","37.5080832696","마을버스"
"17409","116900262","오류중학교","126.8469113077","37.5079749478","마을버스"
"17410","116000583","연지마을","126.8422699115","37.4827630327","일반차로"
"17456","116000646","경남아너스빌아파트","126.8394522242","37.4908457534","일반차로"
"17457","116900268","서울남부교정시설","126.8397337562","37.476880812","마을버스"
"17458","116900264","오류남초등학교후문","126.8371911609","37.4893156441","마을버스"
"17459","116900265","서울남부교정시설입구","126.8416444106","37.4767954359","마을버스"
"17460","116000593","천왕이펜하우스6단지후문","126.8419539928","37.4772612987","일반차로"
"17461","116900263","미래여성병원","126.8402025104","37.4912852444","마을버스"
"17462","116900266","동부그린아파트","126.8322991004","37.4900476268","마을버스"
"17463","116900267","오류동푸르지오아파트.송기산내과의원","126.8415590556","37.4912984558","마을버스"
"17464","116900255","1호선구일역","126.8722335954","37.4954759601","마을버스"
"17465","116900256","SK허브수.한신아파트","126.8733862133","37.4954827267","마을버스"
"17468","116900246","그린빌라정문","126.8234378684","37.4858461022","마을버스"
"17469","116900248","경서농협앞","126.8639481068","37.5026744371","마을버스"
"17470","116900247","고척고교.한일유앤아이.삼익아파트","126.8526426081","37.5080362968","마을버스"
"17471","116900245","개봉소공원.호반써밋개봉아파트","126.8468826207","37.5003117758","마을버스"
"17472","116900093","구로디지털단지역","126.9014954263","37.4844843828","마을버스"
"17473","116900242","천왕역3번출구","126.8386190723","37.4871929928","일반차로"
"17474","116900094","대림역4번출구","126.8941899471","37.4944080607","마을버스"
"17475","116900095","동아1차아파트105동","126.882003406","37.5100830194","마을버스"
"17476","116900096","오류동역.시장입구","126.843811445","37.4934669594","마을버스"
"17477","116900106","개봉한진아파트.기점","126.8520772506","37.4860467262","마을버스"
"17478","116900107","개봉역","126.8586855509","37.4951118049","마을버스"
"17479","116900097","개봉역","126.8581281453","37.495033642","마을버스"
"17481","116900098","구.사조참치","126.9000463797","37.4831747617","마을버스"
"17483","116900091","신도림중학교","126.8844435798","37.5106973286","마을버스"
"17484","116900238","개봉사거리","126.8559170573","37.4974414153","마을버스"
"17485","116900110","우리은행앞","126.8434599895","37.4922658527","마을버스"
"17486","116900099","123전자타운.2001아울렛","126.8623393681","37.4970967423","마을버스"
"17488","116900100","개봉3동주민센터","126.8540163564","37.4861608749","마을버스"
"17489","116900101","국민은행.구로구민회관.구로아트밸리","126.8896835849","37.4958206432","마을버스"
"17490","116000651","1호선구일역","126.8722280634","37.4953053758","일반차로"
"17491","116900092","용두연립","126.8520611459","37.4987991162","마을버스"
"17492","116900103","남부종합상가","126.8424808884","37.4916654326","마을버스"
"17493","116900104","고척공구상가","126.8606650829","37.4985058366","마을버스"
"17494","116900105","개봉전화국","126.8560065996","37.4863577406","마을버스"
"17497","116900090","세븐일레븐편의점","126.8557099187","37.4916515773","마을버스"
"17499","116900088","대림6차.태영프라자","126.8831869844","37.5062518631","마을버스"
"17501","116900086","고척초등학교","126.8580364886","37.4996410325","마을버스"
"17502","116900085","개봉1동주민센터","126.851015214","37.5003864446","마을버스"
"17503","116900084","보람아파트","126.8968737126","37.4862853517","마을버스"
"17504","116900281","개봉역.림괄아파트","126.8586839524","37.4938820371","마을버스"
"17505","116900294","덕의초등학교.고척동성당","126.8576518404","37.5056424974","마을버스"
"17506","116900083","이마트","126.8540092198","37.4915710921","마을버스"
"17507","116900082","구로고대병원정문","126.8834653518","37.492350833","마을버스"
"17508","116900215","대림5차아파트.신도림주민센터","126.8813606125","37.5074485074","마을버스"
"17509","116900081","세곡초등학교","126.8493637685","37.5027164013","마을버스"
"17511","116900079","새마을금고사거리","126.8590429861","37.501699289","마을버스"
"17512","116900078","삼환로즈빌아파트","126.8567826449","37.4988849269","마을버스"
"17513","116900077","낙원할인마트","126.8495365977","37.4999783857","마을버스"
"17514","116900076","오류고등학교.수궁동복지회관","126.828651886","37.4987611751","마을버스"
"17515","116000620","경북슈퍼마켓","126.856838177","37.4881783244","일반차로"
"17516","116900311","오류동삼거리","126.8404273128","37.4956760571","마을버스"
"17517","116900213","대림5차아파트702동","126.879686208","37.5076585727","마을버스"
"17520","116900073","서울가든아파트","126.8603584192","37.5010736844","마을버스"
"17521","116900072","성화단지앞","126.8557461282","37.5004598987","마을버스"
"17524","116900070","현대별장맨션타운4차.덕성교회","126.8265496413","37.498153468","마을버스"
"17526","116900068","구로2동지하차도입구","126.8811730911","37.4901642749","마을버스"
"17527","116900067","대림3차아파트","126.8784997827","37.5068806092","마을버스"
"17529","116900065","고척1동주민센터.한효아파트","126.8620826591","37.5007747419","마을버스"
"17530","116900064","대우아파트","126.8561270364","37.5023562812","마을버스"
"17532","116900230","개봉1치안센터","126.8469792868","37.5033774485","마을버스"
"17533","116900062","우신중고후문","126.8255107353","37.4960073153","마을버스"
"17534","116900308","항동중학교","126.8220254808","37.4832367515","마을버스"
"17535","116900307","항동중학교","126.8215347891","37.4827584773","마을버스"
"17536","116900060","한일유엔아이APT.현대로얄APT","126.8765437603","37.4859901255","마을버스"
"17537","116900216","신도림미성아파트","126.8764810511","37.5060035465","마을버스"
"17539","116900059","금강수목원아파트정문.동도아트빌","126.8324990347","37.489296446","마을버스"
"17540","116900058","청구아파트후문","126.8635070759","37.501145848","마을버스"
"17541","116900057","경남아파트앞","126.8564113368","37.5039155326","마을버스"
"17543","116900231","삼원목욕탕","126.8462944948","37.5047237058","마을버스"
"17544","116900055","온수초교후문","126.8247851552","37.4943446088","마을버스"
"17547","116900052","월드아파트","126.8768478866","37.5053880289","마을버스"
"17549","116900051","서해그랑블아파트.금강수목원아파트후문","126.8309460994","37.4883202706","마을버스"
"17550","116900050","고척시장","126.8623769754","37.5031035319","마을버스"
"17551","116900049","양우아파트","126.8559186097","37.5048737044","마을버스"
"17552","116900235","경북슈퍼마켓","126.8569162913","37.4881090525","마을버스"
"17554","116900232","오류중학교","126.8454006743","37.5064968072","마을버스"
"17555","116900047","온수역","126.8250914854","37.4929546615","마을버스"
"17558","116900043","센츄리아파트","126.861266221","37.5049657103","마을버스"
"17559","116900042","고척2동주민센터.고척지구대","126.8585085869","37.5066044971","마을버스"
"17560","116900041","철산교앞","126.8594179846","37.4880930845","마을버스"
"17563","116900038","우신중고후문","126.8255144427","37.4958721554","마을버스"
"17566","116900036","오류동교회","126.8396347971","37.4967301913","마을버스"
"17568","116900035","리가아파트","126.8608037353","37.5060594811","마을버스"
"17569","116900034","덕의공원","126.8557620049","37.5068789765","마을버스"
"17570","116900033","현대IPARK후문","126.8600859026","37.488916585","마을버스"
"17572","116900032","건강약국","126.8446459743","37.502795896","마을버스"
"17573","116900031","현대별장맨션타운4차.덕성교회","126.8266538041","37.4981049614","마을버스"
"17575","116900220","항아리","126.8864311689","37.498675859","마을버스"
"17576","117900141","한일유앤아이아파트","126.8759503543","37.4856182438","마을버스"
"17577","116900029","럭비구장","126.8269979954","37.4912788599","마을버스"
"17578","116900228","세양청마루아파트","126.8623952149","37.5067232768","마을버스"
"17579","116900028","진성아파트","126.8550887704","37.5070726009","마을버스"
"17580","116900027","현대IPARK정문","126.8609086066","37.4910441607","마을버스"
"17581","116900026","개봉전화국","126.8560120887","37.486443343","마을버스"
"17582","116900025","개봉중학교","126.8429598212","37.5022999322","마을버스"
"17583","116900024","오류중학교","126.8452626754","37.5064984287","마을버스"
"17584","116900023","오류고등학교.수궁동복지회관","126.8284021432","37.4986707024","마을버스"
"17588","116900020","온수역","126.8238225007","37.4920372556","마을버스"
"17589","116900226","경남1차.중앙하이츠아파트","126.8630129852","37.5053633498","마을버스"
"17590","116900019","구민체육센터후문","126.8539611844","37.5075268453","마을버스"
"17591","116900018","현대2차APT","126.8605440388","37.4918808558","마을버스"
"17592","116900017","개봉3동주민센터","126.8540082216","37.4862735028","마을버스"
"17593","116900016","건강약국","126.8447061907","37.5026653155","마을버스"
"17594","116900015","삼원목욕탕","126.8461848075","37.5047100465","마을버스"
"17596","116900014","거성아파트","126.8507701923","37.4898606654","마을버스"
"17597","116900013","GS25.한신아파트","126.8740426758","37.4957338159","마을버스"
"17598","116900012","구로고.구로도서관","126.8908027614","37.4985698798","마을버스"
"17600","116000565","천왕역1번출구","126.839174728","37.4857661404","일반차로"
"17601","116900277","오류동역2번출구","126.8437913183","37.4936291139","마을버스"
"17602","116900278","미래빌라","126.841989635","37.4927076915","마을버스"
"17603","116900279","우림필유아파트","126.8471890485","37.4942450511","마을버스"
"17604","116900280","동부에이스","126.8497169806","37.4949027142","마을버스"
"17605","116900282","개봉푸르지오후문","126.8491644859","37.5001701123","마을버스"
"17609","116900283","개봉푸르지오정문","126.8487500846","37.5010457523","마을버스"
"17610","116900284","개봉1동사거리","126.8455449816","37.5014161085","마을버스"
"17612","116900285","신도림역.아이파크아파트","126.8884580806","37.5106073682","마을버스"
"17613","116900286","동아2차아파트상가","126.8867871382","37.5086078017","마을버스"
"17615","116900011","동진빌라.오정초등학교","126.8253388224","37.4906689295","마을버스"
"17617","116900227","마젤란아파트.예인학원앞","126.86329633","37.5044086255","마을버스"
"17619","116900010","개봉한진아파트.기점","126.8520747864","37.486149449","마을버스"
"17620","116900291","정도주택","126.8516946619","37.4941055704","마을버스"
"17621","116900292","신세기아파트","126.8534477948","37.4939095368","마을버스"
"17622","116900287","브라운스톤","126.853145557","37.4908930422","마을버스"
"17623","116900288","개웅어린이공원","126.8532406776","37.4899561133","마을버스"
"17624","116900289","거성슈퍼","126.8526922638","37.4899576833","마을버스"
"17625","116900290","대림그린빌라","126.8518549807","37.4899621316","마을버스"
"17626","116900293","에덴맨션","126.851471249","37.49271774","마을버스"
"17629","116000233","구로보건소.금호새솔아파트","126.8905654986","37.5003559042","일반차로"
"17631","116000235","구로공구상가","126.8774140543","37.5047168446","일반차로"
"17632","116900295","한화비즈메트로","126.8935677367","37.4806468628","마을버스"
"17633","116900296","한국산업기술시험원.디지털탑프라자","126.8973623264","37.4816125117","마을버스"
"17634","116900297","구로디지털단지우체국","126.898151636","37.482986979","마을버스"
"17635","116900298","JNK디지털타워","126.8974691724","37.4820919266","마을버스"
"17636","116900299","에이스하이엔드타워2차.G밸리산업박물관","126.8957891455","37.4808110245","마을버스"
"17637","116900300","대륭포스트타워8차","126.894584","37.480603","마을버스"
"17638","116900301","에이스하이엔드타워1차","126.8929111643","37.4812229151","마을버스"
"17647","116000581","천왕이펜하우스6단지후문","126.8427844029","37.4779067636","일반차로"
"17648","116000580","천왕이펜하우스6단지후문","126.8426740981","37.4782066848","일반차로"
"17650","116900274","연지타운2단지","126.8448667042","37.4819347512","마을버스"
"17651","116900275","연지타운2단지","126.8452304506","37.482105537","마을버스"
"17652","116000573","남부교도소","126.840700296","37.4764324674","일반차로"
"17653","116000572","남부교도소","126.8409403196","37.4762796029","일반차로"
"17655","116900313","지타워.G밸리산업박물관","126.894941545","37.4805579915","마을버스"
"17673","116900009","작은굴다리","126.8455401063","37.5029616981","마을버스"
"17675","116900233","개봉1치안센터","126.8466955709","37.5032887727","마을버스"
"17677","116900008","하이츠.영화.우방.한국현대","126.8748540294","37.4968524879","마을버스"
"17678","116900007","영림중학교","126.8915080266","37.4976740286","마을버스"
"17682","116900006","유한공고.성공회대앞","126.8246023937","37.4884799619","마을버스"
"17684","116900005","우성꿈동산.산업인아파트","126.8636135714","37.5035347914","마을버스"
"17686","116900004","거성푸르뫼아파트입구","126.8463908198","37.5013221734","마을버스"
"17689","116900003","삼성그린빌라","126.8516794789","37.4904850642","마을버스"
"17690","116900002","SK허브수.구로우성APT","126.8738018673","37.4956839983","마을버스"
"17694","116900001","구로구민회관","126.8905572831","37.4962991173","마을버스"
"17695","116900273","KEB하나은행","126.8957736653","37.4844929907","마을버스"
"17697","116000592","동삼빌라","126.8239106044","37.4872651448","일반차로"
"17700","116000568","천왕이펜하우스2단지","126.8379747224","37.4856524684","일반차로"
"17701","116000579","구로우체국.이펜하우스3단지후문","126.8421452538","37.4818958135","일반차로"
"17704","116000590","금강수목원아파트","126.8343982965","37.4892937423","일반차로"
"17706","116900212","덕성빌라","126.8516375218","37.4911148827","마을버스"
"17707","116900211","현대상선.구일중학교","126.8745918696","37.4953252995","마을버스"
"17708","116900210","구로구청","126.8891800402","37.4946872845","마을버스"
"17709","116900209","오류동교회","126.8397315321","37.4969772246","마을버스"
"17711","116900207","한일한의원","126.8644523136","37.5019399059","마을버스"
"17712","116000632","항동하버라인10단지","126.8256919615","37.4797625072","일반차로"
"17713","116900234","굴다리.호반써밋개봉아파트","126.8472760003","37.4993066553","마을버스"
"17715","116900312","항동제일풍경채","126.8168720063","37.4758934433","마을버스"
"17716","116900206","선경아트빌라","126.8515320329","37.4920015162","마을버스"
"17717","116900222","구로중학교","126.8901809694","37.4932861016","마을버스"
"17718","116900310","항동생활체육관","126.822706461","37.4773996567","마을버스"
"17723","116000444","디지털단지오거리","126.8908071842","37.4799956176","일반차로"
"17725","116000441","디지털1단지","126.8948983529","37.4837488039","일반차로"
"17726","116000440","포포인츠바이쉐라톤서울구로","126.89918654","37.4835182533","일반차로"
"17727","116000439","포포인츠바이쉐라톤서울구로","126.8992002295","37.4833030198","일반차로"
"17728","116900204","유풍약국","126.8653108421","37.5012731714","마을버스"
"17729","116900203","구민체육관후문","126.8537204834","37.5074094044","마을버스"
"17730","116900202","개봉교입구","126.856147179","37.4859598389","마을버스"
"17733","116900200","크로바마트","126.8514133118","37.4935475792","마을버스"
"17734","116900223","동구로새마을금고","126.8921564037","37.4911085369","마을버스"
"17737","116900198","동양미래대학교.구로성심병원","126.8664492745","37.500294065","마을버스"
"17738","116900197","진성아파트","126.8549532265","37.5069198246","마을버스"
"17739","116900196","대원카센터","126.854604124","37.4851235277","마을버스"
"17740","116900195","낙원할인마트","126.8496002799","37.4998367818","마을버스"
"17741","116900194","개봉사거리","126.8558271962","37.4971205133","마을버스"
"17743","116900192","구로주공APT","126.8759201764","37.4915573877","마을버스"
"17744","116900191","구로시장.남구로시장","126.8909461726","37.4892915192","마을버스"
"17746","116900189","푸른수목원후문","126.8225267529","37.4842022996","마을버스"
"17747","116900188","청구아파트.동아한신아파트","126.8644775225","37.500508084","마을버스"
"17748","116900187","덕의공원","126.8559436211","37.5065732115","마을버스"
"17749","116900186","한진APT후문","126.853907849","37.4838124632","마을버스"
"17750","116900185","개봉1동주민센터","126.8510594597","37.5003180166","마을버스"
"17751","116000603","롯데시티호텔구로","126.8979936634","37.4850904855","일반차로"
"17752","116000604","롯데시티호텔구로","126.8970039008","37.4854004746","일반차로"
"17772","116900183","구일우성아파트","126.8758107584","37.4899012173","마을버스"
"17773","116900182","구로3동주민센터.삼성래미안아파트","126.8905108892","37.4874106408","마을버스"
"17775","116000576","신도림역","126.887720324","37.5085478746","일반차로"
"17792","116900180","고척1동주민센터.한효아파트","126.8624422171","37.5008337327","마을버스"
"17801","116000589","금강수목원아파트","126.834457297","37.4894582587","일반차로"
"17802","116000639","항동하버라인4단지","126.8254007227","37.4819037911","일반차로"
"17803","116900179","고척2동주민센터.고척지구대","126.8585760434","37.5064024799","마을버스"
"17804","116000640","별장쉐르빌앞","126.832939","37.487055","일반차로"
"17806","116000641","덕일전자공업고등학교","126.8375264019","37.4898476996","일반차로"
"17807","116900178","개명초교","126.852674925","37.482280857","마을버스"
"17808","116000643","푸른수목원.항동하버라인4단지","126.825955666","37.4827177694","일반차로"
"17809","116000644","항동하버라인3단지아파트","126.8252503196","37.4797321396","일반차로"
"17831","116000358","우성아파트","126.8856063291","37.5115844827","일반차로"
"17834","116000361","신도림역","126.8897750974","37.5105577543","일반차로"
"17835","118000606","도림천역2번출구","126.883116065","37.5145732142","일반차로"
"17838","116900175","구로3파출소","126.8916518401","37.4861491173","마을버스"
"17846","116900174","동삼빌라","126.8239763483","37.4871985611","마을버스"
"17848","116900252","천왕이펜하우스3단지입구","126.838209","37.482418","마을버스"
"17855","116000381","신도림동아3차아파트","126.8836884687","37.5102108312","일반차로"
"17863","116000389","구로보건소","126.8889643647","37.5003597239","일반차로"
"17864","116900173","서울가든아파트","126.8604736214","37.5011612274","마을버스"
"17865","116000390","구로역(NC백화점)","126.8831338556","37.4996998999","일반차로"
"17866","116000391","구로역(NC백화점)","126.8829912618","37.5004801132","일반차로"
"17867","116000392","구로구청","126.8903214893","37.4957878963","일반차로"
"17868","116000393","구로구청","126.8885412507","37.4958700328","일반차로"
"17869","116000394","오류동입구","126.8469520588","37.500478642","일반차로"
"17877","116000402","개봉역입구","126.8558389494","37.4912252269","일반차로"
"17878","116000403","개봉역입구","126.8561510204","37.4910330573","일반차로"
"17879","116000404","개봉교","126.8561360285","37.4876466919","일반차로"
"17880","116000405","개봉교","126.8565858749","37.4865803318","일반차로"
"17881","116000406","대림역","126.894415566","37.4933532412","일반차로"
"17886","116900172","고척사거리.고척파크푸르지오","126.8596543326","37.50682458","마을버스"
"17887","116900171","대상APT","126.8499684334","37.4820568521","마을버스"
"17888","116900170","구로시장.남구로시장입구","126.8815338211","37.4901745492","마을버스"
"17889","116900169","에이스테크노타워","126.8941494791","37.485021781","마을버스"
"17897","116000417","구로공구상가","126.8795720894","37.5033556976","일반차로"
"17899","116000587","보성운수기종점","126.8928277373","37.4901585853","일반차로"
"17900","116900168","새마을금고사거리","126.8586282642","37.5015032543","마을버스"
"17901","116900167","양우아파트","126.8557648896","37.5048176486","마을버스"
"17902","116900166","영화APT","126.8485710025","37.4824144309","마을버스"
"17903","116900251","천왕역","126.8386352471","37.4862992199","마을버스"
"17904","116900165","대우자동차정비소","126.8821344238","37.4915421241","마을버스"
"17906","116900164","고척초등학교","126.85815","37.499467","마을버스"
"17907","116900163","경남아파트","126.856354663","37.5038737235","마을버스"
"17908","116900162","남부주유소","126.8472688866","37.4823440417","마을버스"
"17909","116900161","신도림역2번출구","126.891883808","37.5076372392","마을버스"
"17910","116900160","구로고대병원후문","126.8856372215","37.4934775322","마을버스"
"17911","116900159","구로3동현대아파트","126.8978497443","37.4869892353","마을버스"
"17912","116900158","공구상가","126.860117912","37.498625004","마을버스"
"17913","116900157","대우아파트","126.855998104","37.5023525197","마을버스"
"17917","116900154","123전자타운.2001아울렛","126.861808582","37.497292563","마을버스"
"17918","116900153","성화단지앞","126.855655416","37.5005796345","마을버스"
"17920","116900151","구로디지털단지입구","126.9006494039","37.4829265654","마을버스"
"17922","116900149","삼환로즈빌아파트","126.8566416342","37.4987023023","마을버스"
"17923","116900272","문성골","126.8999954764","37.4814923556","마을버스"
"17925","116900147","에이스테크노타워","126.8937835226","37.4852697727","마을버스"
"17927","116900145","구로3파출소","126.8917920104","37.4861834877","마을버스"
"17929","116900143","구로3동주민센터.삼성래미안아파트","126.8905621992","37.4873871314","마을버스"
"17931","116900141","구로시장.남구로시장","126.8911940068","37.4891691976","마을버스"
"17932","116900269","구로구청후문","126.8880500392","37.4960354761","마을버스"
"17933","116900140","동구로새마을금고","126.8922617076","37.4914076166","마을버스"
"17935","116900139","구로구청","126.8894341189","37.4947318776","마을버스"
"17936","116900138","강서수도사업소.민원센터","126.8908356291","37.4960920442","마을버스"
"17937","116900137","영림중학교","126.8916635467","37.4976174721","마을버스"
"17938","116900136","구로고.구로도서관","126.890871533","37.4986205714","마을버스"
"17940","116900221","항아리","126.8862917876","37.4988532421","마을버스"
"17942","116900134","미성아파트","126.8774688058","37.5058198494","마을버스"
"17943","116900133","대림1.2차아파트","126.8782393614","37.5063468892","마을버스"
"17944","116900214","대림5차아파트702동","126.8798403389","37.5074731027","마을버스"
"17945","116900132","대림5차아파트.신도림주민센터","126.8813245848","37.5073421413","마을버스"
"17946","116900131","대림6차.태영프라자","126.8830795784","37.5062202183","마을버스"
"17947","116900130","신도림역","126.890041","37.510724","마을버스"
"17948","116900129","현대우성아파트","126.8854408047","37.5117462798","마을버스"
"17949","116900218","동아1차아파트102동","126.884131","37.510818","마을버스"
"17950","116900128","동아1차아파트105동","126.8824062916","37.5100023717","마을버스"
"17954","116900126","1호선구일역","126.8722148101","37.4952173233","마을버스"
"17955","116900125","금강수목원아파트정문","126.832990173","37.4892057882","마을버스"
"17956","116900124","고척근린시장","126.8510128941","37.5009847732","마을버스"
"17958","116900219","구로시장.남구로시장입구","126.8838670127","37.4907661875","마을버스"
"17959","116900123","구로주공.구일우성APT","126.8759758863","37.4913781266","마을버스"
"17960","116900122","구로1동주민센터.연예인APT","126.8761587458","37.4929561503","마을버스"
"17961","116900249","천왕이펜하우스5단지입구","126.8421807801","37.4794432441","마을버스"
"17962","116900121","구일고교.구일초등학교","126.874764638","37.4931929794","마을버스"
"17963","116900120","구로1동주민센터.연예인APT","126.8759945742","37.4930726409","마을버스"
"17967","116900118","구로디지털단지역","126.9018279896","37.4840575744","마을버스"
"17970","116900117","구일초등학교.구일고등학교","126.8748030066","37.4932644329","마을버스"
"17971","116900239","개봉역","126.858658118","37.4952658606","마을버스"
"17972","116900240","개봉역","126.8587648964","37.4950163829","마을버스"
"17974","116900116","KEB하나은행","126.8958510449","37.4849571278","마을버스"
"17975","116900250","천왕이펜하우스3단지입구","126.838419099","37.4827070928","마을버스"
"17982","116900113","천왕역2번출구","126.8383395625","37.4863641705","마을버스"
"17984","116900112","천왕이펜하우스4단지","126.838628024","37.4810441145","마을버스"
"17985","116900111","천왕이펜하우스6단지","126.8406703019","37.4793763374","마을버스"
"17986","116000594","천왕이펜하우스5단지","126.8403094283","37.4798931085","일반차로"
"17987","116000595","천왕이펜하우스3.4단지","126.838693244","37.4812334148","일반차로"
"17989","116000459","온수남부역","126.8242097211","37.4918431942","일반차로"
"17990","116000458","온수남부","126.8243078","37.4919749011","일반차로"
"17997","116000451","궁동삼거리","126.8279100818","37.5060968631","일반차로"
"17999","116000449","유한공고.성공회대학교","126.8247409544","37.4895452697","일반차로"
"18001","117000001","문성초등학교.금천가족문화센터","126.8986660928","37.475363705","중앙차로"
"18002","117000002","문성초등학교.금천가족문화센터","126.89833","37.474034","중앙차로"
"18003","117000003","금천우체국","126.8980296913","37.4689782185","중앙차로"
"18004","117000004","금천우체국","126.898003","37.470136","중앙차로"
"18005","117000005","말미고개.금천소방서","126.897553768","37.463603277","중앙차로"
"18006","117000006","말미고개.금천소방서","126.8974983974","37.4648331091","중앙차로"
"18007","117000007","금천구청.금천경찰서","126.8988721519","37.4592088301","중앙차로"
"18008","117000008","금천구청.금천경찰서","126.8993022307","37.4578405569","중앙차로"
"18009","117000009","시흥사거리","126.9015701148","37.4522224011","중앙차로"
"18010","117000010","시흥사거리","126.9011282051","37.4530892573","중앙차로"
"18011","117000011","박미삼거리.국립전통예술중고","126.9032727409","37.4478432162","중앙차로"
"18012","117000012","박미삼거리.국립전통예술중고","126.902663","37.449067","중앙차로"
"18013","117000013","시흥유통센터","126.9036255139","37.4401933055","중앙차로"
"18014","117000014","시흥유통센터","126.9033730997","37.4409634671","중앙차로"
"18101","117000320","한일유앤아이아파트","126.8762259351","37.4854590227","일반차로"
"18102","117000016","디지털3단지.롯데이노베이트","126.8767176309","37.484867474","일반차로"
"18103","117000017","에이스하이엔드타워5차","126.8793253119","37.4856968409","일반차로"
"18104","117000018","디지털3단지.영창실업","126.8790776714","37.4832548561","일반차로"
"18105","117000019","디지털3단지운동장","126.8778930341","37.4821627292","일반차로"
"18106","117000020","가산디지털단지역9번출구","126.8810424482","37.4812926525","일반차로"
"18107","117000021","가산디지털단지역9번출구","126.8814807737","37.4808039116","일반차로"
"18108","117000022","디지털3단지.월드벤처센터","126.8794436456","37.4789011065","일반차로"
"18109","117000023","디지털3단지.(주)로옴코리아","126.8802197911","37.4796069353","일반차로"
"18110","117000024","디지털3단지사거리","126.880577117","37.4766714335","일반차로"
"18111","117000025","디지털3단지사거리","126.880449538","37.4758449905","일반차로"
"18112","117000026","디지털3단지사거리","126.8813405986","37.4757765035","일반차로"
"18113","117000027","금천패션아울렛사거리.마리오","126.8883365872","37.4782633716","일반차로"
"18114","117000028","금천패션아울렛사거리.W몰","126.8878763257","37.4776616914","일반차로"
"18115","117000927","금천패션아울렛사거리.현대아울렛","126.8884894345","37.4781148494","일반차로"
"18116","117000030","디지털단지오거리.가산로입구","126.8907157886","37.4782104216","일반차로"
"18117","117000031","디지털단지오거리.가산로입구","126.8909707678","37.4782928619","일반차로"
"18118","117000032","가산동우체국","126.8934350329","37.4785564027","일반차로"
"18119","117000033","가산초등학교","126.895556221","37.4782346236","일반차로"
"18120","117000034","가산동주민센터.금천글로벌센터","126.8920986539","37.4766122299","일반차로"
"18121","117000035","가산동주민센터.금천글로벌센터","126.8927187826","37.4762442423","일반차로"
"18122","117000036","세일중학교.구립가산도서관","126.8938871725","37.4746216515","일반차로"
"18123","117000037","세일중학교.구립가산도서관","126.8945662137","37.4740996738","일반차로"
"18124","117000038","독산사거리","126.895962451","37.4720150736","일반차로"
"18125","117000039","독산사거리","126.8965996871","37.4717836217","일반차로"
"18126","117000040","독산주공13단지","126.8876203011","37.4568440695","일반차로"
"18127","117000041","독산1동한신코아","126.8882116765","37.4567130685","일반차로"
"18128","117000907","독산주공14단지","126.886862144","37.4611353257","일반차로"
"18129","117000906","독산주공14단지","126.8870890048","37.461371633","일반차로"
"18130","117000044","독산근린공원","126.8844154205","37.4641790663","일반차로"
"18131","117000045","독산근린공원","126.884406111","37.4645544555","일반차로"
"18132","117000046","독산동우시장.금천50플러스센터","126.895025251","37.4665936596","일반차로"
"18133","117000047","독산동우시장.금천50플러스센터","126.8954897932","37.4664171291","일반차로"
"18134","117000048","시흥사거리.시흥대교","126.8995917841","37.454485357","일반차로"
"18135","117000049","시흥사거리.금천파출소","126.8996880795","37.4542966797","일반차로"
"18136","117000050","벽산아파트1단지.호압사입구","126.9207601084","37.4527573711","일반차로"
"18137","117000051","벽산아파트1단지.호압사입구","126.9211862504","37.4530773052","일반차로"
"18138","117000052","벽산아파트5단지","126.918946809","37.4467664432","일반차로"
"18139","117000053","벽산아파트5단지","126.918687341","37.4463472934","일반차로"
"18140","117000054","시흥동은행나무.은행나무시장","126.909045481","37.4510305202","일반차로"
"18141","117000055","시흥동은행나무.은행나무시장","126.909058","37.450843","일반차로"
"18142","117000056","은행나무입구사거리","126.9072078502","37.4517842218","일반차로"
"18143","117000057","은행나무입구사거리","126.906735","37.451855","일반차로"
"18144","117000929","독산한신아파트","126.889949441","37.4569220085","일반차로"
"18145","117000930","금하마을","126.891508805","37.454121488","일반차로"
"18146","117000060","독산고개.금천구가족문화센터","126.898464542","37.4755154205","일반차로"
"18147","117000061","독산고개.금천구가족문화센터","126.8989324633","37.4764416088","일반차로"
"18148","117000062","독산사거리.한국전력구로금천지사","126.8981017909","37.4720755034","일반차로"
"18149","117000063","남문시장.청춘삘딩","126.8986308908","37.47296493","일반차로"
"18150","117000064","금천우체국.독산1동주민센터","126.8977849964","37.4701921186","일반차로"
"18151","116000636","디지털단지오거리.가산파출소","126.8883314379","37.4798243646","일반차로"
"18152","117000066","홈플러스금천점","126.897692832","37.468925363","일반차로"
"18160","117000074","시흥사거리","126.900957","37.452863","일반차로"
"18162","117000076","문일고입구","126.90173","37.451115","일반차로"
"18163","117000077","문일고입구","126.902328","37.450803","일반차로"
"18164","117000078","남서울힐스테이트.국립전통예술고","126.9033768834","37.4468088009","일반차로"
"18165","117000079","금천폭포공원.천주교시흥성당","126.9035170378","37.4477127549","일반차로"
"18166","117000080","박미마을","126.903205922","37.4413530192","일반차로"
"18167","117000081","박미마을.금천고등학교","126.903941138","37.4430092334","일반차로"
"18168","117000082","기아대교","126.9029828892","37.4394878782","일반차로"
"18169","117000083","시흥3동주민센터","126.9036271602","37.4401670279","일반차로"
"18170","117000084","석수역","126.9033111984","37.4355241561","일반차로"
"18171","117000085","백산초.금천청소년문화의집","126.9039779583","37.4487629236","일반차로"
"18172","117000086","백산초.금천청소년문화의집","126.9043011183","37.4487264597","일반차로"
"18173","117000087","은행나무입구사거리","126.9057879216","37.4511117717","일반차로"
"18174","117000088","은행나무입구사거리","126.9059900996","37.4514263505","일반차로"
"18175","117000089","경남아파트","126.9062606441","37.4536154301","일반차로"
"18176","117000090","시흥초등학교.금천구보훈회관","126.9058231484","37.4545675549","일반차로"
"18177","117000091","시흥초등학교.금천구보훈회관","126.905944241","37.4553525174","일반차로"
"18178","117000092","동산교회앞","126.9052838667","37.4573470454","일반차로"
"18179","117000093","동산교회앞","126.9056143381","37.457026515","일반차로"
"18180","117000094","현대시장.시흥4동주민센터","126.9048243385","37.4596021512","일반차로"
"18181","117000095","현대시장.시흥4동주민센터","126.9051695693","37.4592401831","일반차로"
"18182","117000096","남부여성발전센터","126.904105597","37.46245548","일반차로"
"18183","117000097","남부여성발전센터","126.9043527136","37.4624573826","일반차로"
"18184","117000098","독산동정훈단지","126.9021319938","37.4655263109","일반차로"
"18185","117000099","독산동정훈단지","126.9030060331","37.464452239","일반차로"
"18186","117000100","금천평생학습관.독산초등학교","126.8994091824","37.4665939751","일반차로"
"18187","117000101","금천평생학습관.독산초등학교","126.899878","37.466401","일반차로"
"18188","117000102","독산4동주민센터","126.9020379059","37.4675797473","일반차로"
"18189","117000103","독산동성당앞","126.9022258423","37.4689156821","일반차로"
"18190","117000104","독산동성당앞","126.9027437373","37.4697072815","일반차로"
"18191","117000105","독산동쌈지공원","126.9029463536","37.4712654618","일반차로"
"18192","117000106","독산동쌈지공원","126.9031982668","37.471408536","일반차로"
"18193","117000107","독산3동주민센터","126.9033549166","37.4753270832","일반차로"
"18194","117000108","독산3동주민센터","126.9036414631","37.4758229255","일반차로"
"18195","117000109","모두의학교.금천문화예술정보학교","126.9036963865","37.4788389714","일반차로"
"18196","117000110","모두의학교.금천문화예술정보학교","126.9039351937","37.4786589447","일반차로"
"18197","117000111","모두의학교.금천문화예술정보학교","126.9055934267","37.4799497631","가로변시간"
"18198","117000112","관악구보훈회관.신림푸르지오","126.9091389897","37.4806395906","가로변전일"
"18199","117000113","독산고등학교","126.9114634643","37.4773256419","일반차로"
"18200","117000114","독산고등학교","126.9115032647","37.4771297022","일반차로"
"18201","117000115","금천진로진학지원센터독산센터","126.9071878356","37.4767659875","일반차로"
"18202","117000116","금천진로진학지원센터독산센터","126.9073310231","37.4765368492","일반차로"
"18203","117000117","금천우체국.독산1동주민센터","126.8972649852","37.4697576129","일반차로"
"18204","117000118","진도아파트","126.8924286434","37.4704156228","일반차로"
"18205","117000119","수출의다리.퍼블릭가산","126.8860924252","37.4745287985","일반차로"
"18206","117000120","금천구노동자종합지원센터","126.8852129244","37.4767219052","일반차로"
"18207","117000121","마리오아울렛","126.8843811699","37.4785459121","일반차로"
"18208","117000122","국민연금공단구로금천지사앞","126.8840197169","37.4806919368","일반차로"
"18209","117000123","가산디지털단지역2번출구","126.8829647271","37.4811414007","일반차로"
"18210","117000124","마리오아울렛","126.8840084777","37.4788200801","일반차로"
"18211","117000125","금천구노동자종합지원센터","126.8851458502","37.476226285","일반차로"
"18212","117000126","수출의다리.퍼블릭가산","126.8859059252","37.4745060933","일반차로"
"18213","117000127","진도아파트","126.8923170276","37.4701992555","일반차로"
"18214","117000128","현대지식산업센터","126.895544287","37.469904088","일반차로"
"18215","117000129","가산디지털단지역입구","126.8867150826","37.4814378839","일반차로"
"18216","117000130","가산동기점","126.8752549755","37.4852270318","일반차로"
"18217","117000131","가산동종점","126.875162385","37.4852149815","일반차로"
"18218","117000935","가산디지털단지역2번출구","126.8834301518","37.4817545466","일반차로"
"18219","117000132","범일운수종점","126.9117325247","37.4504126336","일반차로"
"18220","117000133","삼익아파트앞","126.909455","37.462545","일반차로"
"18221","117000921","삼익아파트","126.909395","37.462425","일반차로"
"18222","117000134","디지털3단지.영창실업","126.8789631022","37.4833271564","일반차로"
"18223","117000135","디지털3단지.가산비즈니스센터","126.8797336317","37.4796109464","일반차로"
"18224","117000136","디지털3단지운동장","126.8780188781","37.4825262036","일반차로"
"18225","117000137","남문시장입구","126.9008468962","37.4712411911","일반차로"
"18226","117000138","가산디지털단지역4번출구","126.883117","37.481417","일반차로"
"18227","116000615","스타밸리앞","126.8848613006","37.4811590318","일반차로"
"18228","117000140","독산보건지소.별빛남문시장","126.9031980805","37.4737444042","일반차로"
"18229","117000141","독산보건지소.별빛남문시장","126.9034139964","37.4733474011","일반차로"
"18232","117000911","금빛공원앞","126.9042968029","37.4531074327","일반차로"
"18233","117000910","금빛공원앞","126.9044559572","37.4532796733","일반차로"
"18234","117000918","삼화약국","126.9040103136","37.4502786838","일반차로"
"18235","117000919","삼화약국","126.9040551782","37.450172246","일반차로"
"18236","117000915","대우당약국","126.9065092253","37.4507504041","일반차로"
"18237","117000916","화인전자산업","126.9061589552","37.4508696683","일반차로"
"18238","117000917","은행나무로입구","126.9079435086","37.4509918205","일반차로"
"18239","117000924","시흥대교","126.8972682538","37.4532803888","일반차로"
"18240","117000926","가산디지털단지역11번출구","126.8811520763","37.4816756914","일반차로"
"18499","117900163","가산한화비즈메트로2차","126.8821620179","37.4725342446","마을버스"
"18500","117900224","RSM타워.르노코리아서부사업소","126.883112","37.471015","마을버스"
"18501","117900121","시흥1동공영주차장.금천노인종합복지관","126.897101","37.451425","마을버스"
"18502","117900120","독산한신코아.한신아파트","126.8877099959","37.4565792288","마을버스"
"18503","117900140","가산디지털단지역2번출구","126.8829559735","37.4813170887","마을버스"
"18504","117900119","벽산3단지","126.9175043258","37.4533811369","마을버스"
"18506","117900118","성지아파트","126.8986162093","37.4511851351","마을버스"
"18507","117900117","롯데캐슬1차서문.해가든아파트","126.8924496344","37.4600870492","마을버스"
"18508","117900116","무지개아파트","126.8986616803","37.4568567561","마을버스"
"18510","117900114","벽산3단지앞","126.9169114156","37.4529820233","마을버스"
"18511","117900113","독산역","126.889226261","37.4670001721","마을버스"
"18512","117900112","문성중학교","126.905866831","37.4756246737","마을버스"
"18513","117900111","문일중고입구.기아금천지점","126.9002034735","37.4509197575","마을버스"
"18514","117900109","금천현대아파트.청소년문화의집","126.891382","37.462587","마을버스"
"18515","117900110","독산주공1319동","126.8876303149","37.4584615691","마을버스"
"18517","117900225","아톰주식회사","126.8829837206","37.4707730549","마을버스"
"18518","117900107","시흥동향나무.삼층석탑","126.9151830871","37.452221692","마을버스"
"18519","117900106","남문교회","126.9059678481","37.4737106004","마을버스"
"18524","117900103","탑동초등학교.청담종합사회복지관","126.9144662534","37.4520537227","마을버스"
"18525","117900102","태영빌라","126.9063091413","37.4718196531","마을버스"
"18526","117900101","무지개아파트","126.8985727429","37.4570880833","마을버스"
"18527","117900147","두산초등학교","126.8916463628","37.4664902534","마을버스"
"18528","117900100","독산주공14단지","126.8858271569","37.4593983202","마을버스"
"18530","117900099","온누리아파트.가산비전파크","126.8867089769","37.4734920619","마을버스"
"18531","117900098","어울샘.동산중앙교회","126.9118509343","37.4520508795","마을버스"
"18532","117900097","구민문화체육센터","126.906683145","37.4701790336","마을버스"
"18533","117900096","독산현대아파트.금천50플러스센터","126.8944524695","37.4671220994","마을버스"
"18534","117900157","시흥유통상가.금천고","126.9035255453","37.4432485828","마을버스"
"18535","117900095","에이스하이엔드타워클래식","126.8893157842","37.4735790442","마을버스"
"18536","117900094","은행나무시장입구동편","126.9104910601","37.4513577639","마을버스"
"18537","117900093","해찬아파트","126.9070812349","37.4682464727","마을버스"
"18538","117900092","진도3차아파트","126.8939000889","37.4684083858","마을버스"
"18540","117900091","박미마을","126.9031686259","37.440931611","마을버스"
"18541","117900090","가산테라타워","126.8899360299","37.4739704302","마을버스"
"18542","117900089","시흥동은행나무","126.9079384209","37.4514540858","마을버스"
"18543","117900088","시흥사거리.대명시장","126.901265","37.454725","마을버스"
"18544","117900087","구립독산도서관","126.9077732858","37.4671936204","마을버스"
"18545","117900086","유창슈퍼","126.8924720236","37.4685449644","마을버스"
"18548","117900083","구립가산도서관.두산위브아파트","126.8924060994","37.4735235187","마을버스"
"18549","117900082","은행나무입구사거리","126.9054638874","37.4526253772","마을버스"
"18550","117900081","시흥초등학교.시흥1동주민센터","126.9035830113","37.4535492973","마을버스"
"18552","117900037","산기슭공원","126.9067112027","37.4639767337","마을버스"
"18553","117900148","독산역","126.8898143938","37.4660500537","마을버스"
"18554","117900080","진도2차아파트","126.8917891479","37.4701338936","마을버스"
"18556","117900078","시흥초등학교.금빛공원","126.9042399555","37.4533678073","마을버스"
"18557","117900077","한울중학교.금강아파트","126.9068259879","37.4627729841","마을버스"
"18558","117900076","두산로입구","126.8872683557","37.4718560099","마을버스"
"18559","117900075","빅마켓.청광아파트","126.8937184762","37.470518615","마을버스"
"18560","117900074","대륭테크노타운2차","126.884404","37.468945","마을버스"
"18561","117900073","두산위브아파트정문","126.8938818954","37.474880117","마을버스"
"18564","117900071","길상마트","126.8938893297","37.4720209133","마을버스"
"18565","117900070","대륭테크노타운12차","126.8837224396","37.4694900501","마을버스"
"18566","117900069","가산동주민센터.금천글로벌센터","126.8936891244","37.4760757114","마을버스"
"18569","117900220","대륭테크노타운19차","126.88166688","37.4742699142","마을버스"
"18570","117900142","에이스태세라타워","126.8824730566","37.472455257","마을버스"
"18571","117900067","고원약국","126.8947462752","37.4766992467","마을버스"
"18572","117900066","꿈나래어린이집","126.8972130692","37.4548280098","마을버스"
"18573","117900065","우방아파트.범일운수종점","126.9132502452","37.4499835235","마을버스"
"18577","117900063","가산초교","126.8965101242","37.4770824972","마을버스"
"18581","117900061","STXV타워","126.883254362","37.476776835","마을버스"
"18582","117900162","독산고개입구.금천구가족문화센터","126.8977000347","37.4759060291","마을버스"
"18583","117900060","벽산아파트5단지","126.921018114","37.4500584604","마을버스"
"18585","117900059","빅마켓","126.8954116204","37.4700299236","마을버스"
"18586","117900058","한신IT타워","126.8862424501","37.4799300143","마을버스"
"18587","117900215","가산동주민센터","126.8909586486","37.4769075492","마을버스"
"18588","117900216","가산아스크타워","126.8894662101","37.4763040335","마을버스"
"18589","117900217","가산로데오거리","126.887811468","37.4783936947","마을버스"
"18590","117900057","호압사입구","126.9205758327","37.4517227734","마을버스"
"18592","116900302","이앤씨드림타워7차","126.8866638518","37.4798002515","마을버스"
"18593","117900056","현대아울렛","126.8886451685","37.4769117974","마을버스"
"18594","117900055","가산디지털단지역9번출구","126.8814206702","37.4809146873","마을버스"
"18595","117900054","금천육교앞","126.8915243807","37.4554158552","마을버스"
"18596","117900053","벽산1단지입구","126.9198492816","37.4501429977","마을버스"
"18598","117900052","시흥모터스","126.8894417351","37.4705765464","마을버스"
"18600","117900212","문성초등학교","126.8981181055","37.473974397","마을버스"
"18601","117900213","섭리의집","126.908761999","37.4463421176","마을버스"
"18602","117900214","섭리의집","126.9087889887","37.4462280579","마을버스"
"18603","117900218","가산디지털단지역3번출구","126.88331005","37.4802047061","마을버스"
"18617","117900050","KCC웰츠밸리","126.8798436042","37.4835533313","마을버스"
"18618","117900049","독산고개입구","126.8984628392","37.4771618769","마을버스"
"18639","117900048","벽산6단지입구","126.9181165746","37.4499598725","마을버스"
"18643","117000181","독산역2번출구","126.8876524834","37.4663102404","일반차로"
"18644","117000182","독산역2번출구","126.8878906214","37.4665025176","일반차로"
"18657","117000195","남부여성발전센터앞","126.90531765","37.4626344076","일반차로"
"18658","117000196","남부여성발전센터앞","126.90515","37.462753","일반차로"
"18671","117000209","BYC하이시티","126.8829204538","37.4770089899","일반차로"
"18688","117000225","에이스하이엔드10차","126.886968628","37.4684956743","일반차로"
"18689","117000226","대륭테크노타운17차","126.8866426914","37.468514365","일반차로"
"18699","117000931","금천패션아울렛사거리.마리오","126.8874417824","37.4778165267","일반차로"
"18708","117000920","범일운수종점","126.9116027167","37.4502773846","일반차로"
"18740","117000276","한울중학교","126.907201","37.462674","일반차로"
"18741","117000277","한울중학교","126.907302","37.462522","일반차로"
"18742","117000278","STXV타워","126.8831442668","37.4770470579","일반차로"
"18755","117900226","서울시립금천청소년센터","126.916104","37.44832","마을버스"
"18756","117900227","서울시립금천청소년센터","126.915964","37.448241","마을버스"
"18757","117900228","탑스빌아파트.벽산6단지아파트","126.916113","37.449201","마을버스"
"18763","117900036","가산초교","126.8964859843","37.4771655122","마을버스"
"18764","117900035","동일여고.금천사이언스큐브","126.916816","37.449982","마을버스"
"18772","117900034","두산로입구","126.8870629531","37.4719100442","마을버스"
"18776","117000310","석수역","126.9027764439","37.4348585994","중앙차로"
"18778","117000314","가산디지털단지역","126.8842089539","37.4807822232","일반차로"
"18779","117000299","가산디지털단지역","126.8829676509","37.4812118523","일반차로"
"18780","117000312","패션단지","126.8885942062","37.4784904864","일반차로"
"18781","117000313","패션단지","126.8887449605","37.47823922","일반차로"
"18782","117000937","디씨아이(데이터센터)","126.877977","37.483105","마을버스"
"18783","117900144","벽산디지털밸리2차","126.8773484856","37.4839499569","마을버스"
"18784","117900033","고원약국","126.8946699691","37.4768694128","마을버스"
"18785","117900149","안천중학교","126.8873428503","37.45865644","마을버스"
"18786","117900032","제일교회","126.913499","37.450134","마을버스"
"18787","117900150","청년취업사관학교금천캠퍼스","126.895861725","37.4723731984","마을버스"
"18788","117900031","대륭테크노타운8차","126.8768957838","37.4848785249","마을버스"
"18790","117900029","가산동주민센터.금천글로벌센터","126.893528898","37.4761462878","마을버스"
"18791","117900160","범일운수종점","126.911085","37.450593","마을버스"
"18792","117900028","벽산디지털밸리6차","126.8791529742","37.4856403517","마을버스"
"18794","117900026","두산위브아파트정문","126.8936139249","37.4748870849","마을버스"
"18795","117900025","독산한신아파트","126.889287077","37.4571907673","마을버스"
"18796","117900024","길상마트","126.8937829891","37.4720667742","마을버스"
"18797","117900023","가산디지털단지역9번출구","126.8812832163","37.4809685316","마을버스"
"18798","116900305","한국건설생활환경시험연구원","126.880092378","37.4833144645","마을버스"
"18800","117900021","빅마켓.청광아파트","126.8936133461","37.4705095093","마을버스"
"18801","117900222","롯데캐슬2차","126.8934387396","37.4580268804","마을버스"
"18803","117900019","구립가산도서관.두산위브아파트","126.8923053067","37.4736405707","마을버스"
"18804","117900223","롯데캐슬2차","126.8934675106","37.4576642489","마을버스"
"18805","117900151","진도2차아파트","126.8917002882","37.4702475167","마을버스"
"18806","117900018","한진택배","126.8810805476","37.4750869917","마을버스"
"18807","117900017","가산테라타워","126.8902581746","37.4741297901","마을버스"
"18808","117900016","금천구종합청사.금천구청역","126.895347","37.456079","마을버스"
"18809","117900015","유창슈퍼","126.8927663012","37.4684945707","마을버스"
"18810","117000914","마이크로오피스사거리앞","126.8826578779","37.4721139214","일반차로"
"18812","117900014","에이스하이엔드타워클래식","126.8891970422","37.4736059632","마을버스"
"18814","117900152","시흥모터스","126.8891734892","37.4704163658","마을버스"
"18815","117900013","문일중고입구.기아금천지점","126.8996929387","37.4509297326","마을버스"
"18816","117900012","진도3차아파트","126.8937008503","37.4685947359","마을버스"
"18817","117900011","대륭테크노타운12차","126.883396","37.469837","마을버스"
"18818","117900010","온누리아파트.가산비전파크","126.8874164194","37.4736650982","마을버스"
"18820","117900008","성지아파트","126.8987381748","37.4512627351","마을버스"
"18821","117900007","독산현대아파트.금천50플러스센터","126.8943779746","37.4670373288","마을버스"
"18822","117900145","대륭테크노타운2차","126.8847974797","37.4688296905","마을버스"
"18824","117900006","시흥1동공영주차장.금천노인종합복지관","126.896631","37.451388","마을버스"
"18825","117900153","두산초등학교","126.8916076535","37.4666374319","마을버스"
"18826","117900005","교학사","126.8862111673","37.4692410639","마을버스"
"18828","117900003","홈플러스금천점","126.8975479886","37.4694911309","마을버스"
"18829","117900002","독산역","126.8896697625","37.4660003578","마을버스"
"18833","117900045","청년취업사관학교금천캠퍼스","126.8955994178","37.4723792747","마을버스"
"18836","117900043","은행나무시장입구동편","126.9105225388","37.4512100674","마을버스"
"18838","117900042","금천구종합청사.금천구청역","126.8945113914","37.4561717653","마을버스"
"18839","117900041","어울샘.동산중앙교회","126.9117005818","37.451830181","마을버스"
"18840","117900040","한울중학교.금강아파트","126.9070673867","37.4628624021","마을버스"
"18841","117900039","탑동초등학교.청담종합사회복지관","126.9140493801","37.4518750005","마을버스"
"18842","117900038","산기슭공원B","126.9068039573","37.4639317515","마을버스"
"18843","117900139","안천초등학교","126.8881256699","37.4575384027","마을버스"
"18844","117900138","시흥동향나무.삼층석탑","126.9157184402","37.4522114153","마을버스"
"18845","117900137","구립독산도서관","126.9079179668","37.4672144587","마을버스"
"18847","117900136","벽산3단지앞","126.917069597","37.4530226799","마을버스"
"18848","117900135","해찬아파트","126.9072451691","37.4682411948","마을버스"
"18850","117900134","구민문화체육센터","126.906815459","37.4701485004","마을버스"
"18851","117900146","한일유앤아이아파트","126.8760098705","37.4855289741","마을버스"
"18852","117900133","태영빌라","126.906495804","37.471726987","마을버스"
"18853","117900132","남문교회","126.9060943201","37.4736343111","마을버스"
"18854","117900131","문성중학교","126.9060092799","37.4756346993","마을버스"
"18856","117900130","난곡중학교","126.9110143579","37.477082032","마을버스"
"18857","117900193","산기슭공원","126.906717753","37.4638496339","마을버스"
"18858","117900129","하안주공1317동","126.8882725165","37.4576070259","마을버스"
"18859","117900128","금천현대아파트.청소년문화의집","126.891156","37.462656","마을버스"
"18860","117900127","롯데캐슬1차서문.해가든아파트","126.8922978284","37.4599253406","마을버스"
"18861","117900126","금빛공원","126.9051351851","37.4527253788","마을버스"
"18863","117900125","시흥사거리.대명시장","126.9018203929","37.4547643438","마을버스"
"18864","117900161","시흥동은행나무","126.909262913","37.4506837601","마을버스"
"18865","117900124","시흥2동주민센터.동일여고","126.914014","37.449962","마을버스"
"18866","117900123","두산어린이공원","126.8941391855","37.4736278101","마을버스"
"18867","117900122","금천구종합청사.금천구청역","126.8954899439","37.456374558","마을버스"
"18868","117900154","두산어린이공원","126.894257","37.473619","마을버스"
"18869","117900209","롯데캐슬3차","126.8962925927","37.4599718531","마을버스"
"18871","117900211","롯데캐슬1차정문.해가든아파트","126.894248153","37.4608040223","마을버스"
"18872","117900210","롯데캐슬1차동문","126.8964634478","37.4591670967","마을버스"
"18873","117900208","롯데캐슬1차정문.해가든아파트","126.8940923871","37.4610024925","마을버스"
"18959","117900174","백운한비치.금광포란재아파트","126.9117159329","37.4512655226","마을버스"
"18960","117900173","시흥5동주민센터","126.9087037456","37.4513528541","마을버스"
"18961","117900172","삼성산자연공원.삼성체육공원","126.9094952807","37.4548245367","마을버스"
"18962","117900171","시흥아파트앞","126.9081188294","37.4564310534","마을버스"
"18963","117900170","신흥초등학교","126.9082692514","37.4593571341","마을버스"
"18964","117900169","한빛무궁화아파트","126.9079251069","37.4604705729","마을버스"
"18967","117900178","금천폭포공원","126.9037052975","37.447211891","마을버스"
"18968","117900177","영일빌라","126.9064018284","37.4473501248","마을버스"
"18969","117900176","시흥계곡앞","126.9103494029","37.4466449121","마을버스"
"18970","117900175","시흥5동성당","126.9115228397","37.4483281695","마을버스"
"18972","117900192","한울중학교앞","126.9077736775","37.4623255009","마을버스"
"18973","117900191","한빛무궁화아파트","126.9079227192","37.4606136948","마을버스"
"18974","117900190","신흥초등학교","126.9081362324","37.4593209089","마을버스"
"18975","117900194","시흥아파트앞","126.9078868775","37.4566174024","마을버스"
"18976","117900196","삼성체육공원.삼성산자연공원","126.9092908701","37.454675697","마을버스"
"18977","117900207","시흥5동주민센터","126.9085768142","37.4516321","마을버스"
"18978","117900189","금광포란재.백운한비치아파트","126.9113929457","37.4511323266","마을버스"
"18979","117900188","관악우방아파트","126.912257908","37.4499083635","마을버스"
"18980","117900187","시흥5동성당","126.9116502129","37.4486202245","마을버스"
"18981","117900186","시흥계곡앞","126.9103556871","37.4469398097","마을버스"
"18982","117900185","영일빌라","126.9060636976","37.4475057487","마을버스"
"18983","117900195","금천문화원.국립전통예술중고","126.9045526814","37.4464155627","마을버스"
"18984","117900184","금천고등학교","126.9047098297","37.4447220355","마을버스"
"18985","117900183","시흥3동공영주차장앞","126.9044714442","37.4428790713","마을버스"
"18987","117900182","기아대교앞","126.9027904886","37.4379594347","마을버스"
"18988","117900181","석수역","126.9028582142","37.4349735461","마을버스"
"18989","117900180","석수역","126.9033005669","37.4350042057","마을버스"
"18992","117900166","시흥사거리","126.9016076387","37.4526734399","마을버스"
"18993","117900165","안양천로입구","126.8931359029","37.4524815093","마을버스"
"18994","117000922","남문시장입구.청춘삘딩","126.9000105994","37.4712256795","일반차로"
"18995","117000319","LG전자","126.885863639","37.4710628529","일반차로"
"18996","117000318","LG전자","126.8859089046","37.4702518143","일반차로"
"18997","117000317","구로세관","126.8852249843","37.4724228188","일반차로"
"18998","117000316","구로세관","126.8849399744","37.4724874213","일반차로"
"18999","117000315","가산디지털단지역7번출구","126.8820730575","37.4795024072","일반차로"
"19001","118000001","문래동남성아파트","126.893705","37.511828","중앙차로"
"19002","118000002","문래동남성아파트","126.892312","37.511202","중앙차로"
"19003","118000003","남부지방법원등기국.구로세무서(에이스하이테크시티)","126.9011873627","37.5144838858","중앙차로"
"19004","118000004","남부지방법원등기국.구로세무서(에이스하이테크시티)","126.8997458122","37.5140403403","중앙차로"
"19005","118000005","영등포역","126.90509208","37.5158657465","중앙차로"
"19006","118000006","영등포역","126.9070303774","37.516587933","중앙차로"
"19007","118000007","여의도환승센터","126.9242437485","37.5255225645","중앙차로"
"19008","118000008","여의도환승센터","126.9242066145","37.526058119","중앙차로"
"19009","118000009","서울영림초등학교","126.904836994","37.4871457304","중앙차로"
"19010","118000010","강남성심병원.대림성모병원","126.9080013569","37.490982282","중앙차로"
"19011","118000011","경남아너스빌아파트","126.9115745553","37.4955867471","중앙차로"
"19012","118000012","보라매공원","126.9163819913","37.4970612966","중앙차로"
"19013","118000013","보라매역.동작세무서","126.9202813984","37.4989718729","중앙차로"
"19014","118000014","서울지방병무청","126.9219621952","37.5043933307","중앙차로"
"19015","118000015","대방역","126.9248245911","37.5126573835","중앙차로"
"19016","118000512","여의도환승센터","126.9243412576","37.5261696974","중앙차로"
"19017","118000513","여의도환승센터","126.924099718","37.5253174941","중앙차로"
"19018","118000620","당산역광역환승센터","126.9030904155","37.5364586522","일반차로"
"19019","118000621","당산역광역환승센터","126.9031762461","37.5365735046","일반차로"
"19101","118000016","신길영신로삼거리","126.9099270612","37.5122856218","일반차로"
"19102","118000017","영등포공원.영등포문화원","126.9114184502","37.5138042027","일반차로"
"19103","118000018","영등포공원.영등포문화원","126.9119431216","37.5149507944","일반차로"
"19104","118000019","영등포시장역3번출구","126.9051989835","37.5218552056","일반차로"
"19105","118000020","영등포시장","126.9066538832","37.5197345469","가로변시간"
"19106","118000021","영등포로터리","126.909852","37.519063","가로변시간"
"19107","118000023","영등포로터리","126.909290557","37.5189144362","가로변시간"
"19109","118000024","영등포시장","126.9064498646","37.5194457626","가로변시간"
"19110","118000025","경방타임스퀘어.신세계백화점","126.9057837283","37.5183837379","일반차로"
"19112","118000027","영등포역.신세계백화점타임스퀘어","126.9062396031","37.5175082319","일반차로"
"19113","118000618","영등포역.패어필드호텔","126.9075990645","37.5169264132","일반차로"
"19114","118000029","영등포역5번출구","126.9090467727","37.5170626873","일반차로"
"19117","118000032","경방타임스퀘어.신세계백화점","126.905437","37.51849","일반차로"
"19118","118000033","김안과병원","126.9030257176","37.5200710672","가로변시간"
"19119","118000034","김안과병원","126.9028340777","37.5204160307","가로변시간"
"19120","118000035","영등포시장역4번출구","126.904785","37.521318","일반차로"
"19121","118000036","신화요양병원","126.9051548683","37.5245305326","일반차로"
"19122","118000037","신화요양병원","126.9055402111","37.5248948852","일반차로"
"19123","118000038","영동초교","126.9068194848","37.5251590221","일반차로"
"19124","118000039","영동초교.영등포평생학습관","126.9073622386","37.5254970147","일반차로"
"19125","118000040","삼환아파트","126.905597","37.529082","가로변시간"
"19126","118000041","당산푸르지오아파트","126.905958","37.529032","가로변전일"
"19127","118000042","하이서울유스호스텔","126.903657754","37.525637672","일반차로"
"19129","118000044","국회의사당","126.9180241528","37.5298980961","일반차로"
"19130","118000045","KBS","126.9181131549","37.5246535111","일반차로"
"19131","118000046","국회의사당","126.9178873435","37.5294106436","일반차로"
"19132","118000047","국회의사당역.KB국민은행","126.9180683792","37.5284793584","일반차로"
"19133","118000048","국회의사당역5번출구","126.9175806125","37.5279936051","일반차로"
"19134","118000619","양평동한솔아파트","126.89024","37.544408","일반차로"
"19136","118000051","여의도순복음교회","126.924753069","37.5309108798","일반차로"
"19137","118000052","여의도순복음교회","126.9229307724","37.5316913231","일반차로"
"19138","118000053","여의도공원9번출입구","126.9278920215","37.5295296763","일반차로"
"19139","118000054","여의나루역1번.한강버스선착장","126.9314780831","37.5274578013","일반차로"
"19140","118000055","여의나루역2번.한강버스선착장","126.9320237959","37.527387513","일반차로"
"19141","118000056","여의도중학교","126.9356353384","37.5244095933","일반차로"
"19142","118000057","여의도중학교","126.9359647299","37.5244595611","일반차로"
"19143","118000058","63빌딩.가톨릭대학교여의도성모병원","126.9376069307","37.5194039511","일반차로"
"19144","118000059","63빌딩.가톨릭대학교여의도성모병원","126.9377092728","37.5191618125","일반차로"
"19145","118000060","시범아파트","126.9351904947","37.5210428541","일반차로"
"19146","118000061","시범아파트.대교아파트","126.9344292065","37.5210349091","가로변시간"
"19147","118000062","여의동주민센터","126.9342191488","37.5187056997","일반차로"
"19148","118000063","여의동주민센터","126.933973282","37.518518604","일반차로"
"19149","118000064","진주아파트","126.9323106146","37.5192462487","일반차로"
"19150","118000065","KBS별관","126.9315858844","37.5191952505","가로변시간"
"19151","118000066","샛강역3번출구.KBS별관","126.9303001713","37.51810879","가로변전일"
"19152","118000067","여의도공원1번출입구","126.920262","37.523605","일반차로"
"19153","118000068","샛강역1번출구.여의도자이","126.9272111083","37.5188169961","일반차로"
"19154","118000069","샛강역4번출구.여의도자이","126.9267431365","37.5186769123","일반차로"
"19155","118000070","여의도역6번출구","126.9249200821","37.5206144242","일반차로"
"19156","118000071","여의도역5번출구","126.9248852134","37.5213350582","일반차로"
"19157","118000072","한국거래소","126.927068407","37.5233529273","일반차로"
"19158","118000073","한국거래소","126.9270706296","37.5236693289","일반차로"
"19159","118000074","삼부아파트","126.9301171862","37.5251264453","일반차로"
"19160","118000075","여의도공작아파트","126.9309977447","37.5259920176","일반차로"
"19161","118000076","한국경제인협회","126.9188836862","37.5218906273","일반차로"
"19162","118000077","당산동진로아파트","126.8968775442","37.5213255961","가로변전일"
"19163","118000078","당산동진로아파트","126.8969911224","37.5210022006","가로변시간"
"19164","118000079","필립메디컬센터","126.8952459024","37.5206987975","일반차로"
"19165","118000080","양남사거리","126.8917785954","37.522120309","가로변시간"
"19166","118000081","영등포교보생명","126.8920699266","37.5217213888","가로변시간"
"19167","118000082","현대아파트","126.8961601415","37.5230559785","일반차로"
"19169","118000084","영등포구청","126.8963808906","37.5254134463","일반차로"
"19170","118000085","영등포구민회관.영등포경찰서","126.8997280516","37.5267409499","일반차로"
"19171","118000086","당산동삼익아파트","126.8959624246","37.5281841492","일반차로"
"19172","118000087","당산역13번출구","126.900525529","37.5347289688","일반차로"
"19173","118000088","당산119안전센터.당산역","126.8994545764","37.534925387","가로변시간"
"19174","118000089","당산역.삼성래미안아파트","126.903388","37.533022","가로변시간"
"19175","118000090","당산역삼성래미안아파트","126.9035824119","37.5331897116","가로변시간"
"19176","118000091","당산역2번출구","126.9024102445","37.5348629874","일반차로"
"19177","118000092","당산역11번출구","126.9008638878","37.5328062968","일반차로"
"19178","118000093","당산역10번출구","126.9013030592","37.5328262574","일반차로"
"19180","118000617","페어몬트앰배서더","126.9292812936","37.5249760771","일반차로"
"19181","118000096","당산삼성2차아파트","126.8981321136","37.5288298776","일반차로"
"19182","118000097","당산유원제일1차아파트","126.8976084675","37.5287170417","일반차로"
"19183","118000098","서울영등포우체국","126.8960123192","37.5284831639","일반차로"
"19184","118000099","도림생활문화센터","126.9074865803","37.509542599","일반차로"
"19186","118000101","도림새마을금고","126.9003200973","37.5084285334","일반차로"
"19187","118000102","도림새마을금고","126.9000627119","37.5082587788","일반차로"
"19188","118000595","신길3동주민센터","126.9111162984","37.5065149631","일반차로"
"19192","118000107","문래역3번출구","126.8942227741","37.5192330216","일반차로"
"19193","118000108","문래역3번출구","126.8944124856","37.5190642533","일반차로"
"19194","118000109","서울지방노동위원회.대림아파트","126.8896944058","37.5169082251","일반차로"
"19195","118000110","국화아파트","126.8923755969","37.5156543708","일반차로"
"19196","118000111","현대6차아파트","126.884328","37.518198","일반차로"
"19197","118000112","문래롯데캐슬","126.8845693693","37.5184108268","일반차로"
"19198","118000113","문래중학교","126.8847214778","37.5197635659","일반차로"
"19199","118000114","문래중학교","126.8849459462","37.5199519089","일반차로"
"19200","118000115","문래동국화아파트","126.8913940766","37.515779821","일반차로"
"19201","118000116","서울지방노동위원회.대림아파트","126.8892688603","37.5168588434","일반차로"
"19202","118000117","양평1동주민센터","126.8882760563","37.5226964057","가로변시간"
"19203","118000118","양평신동아아파트","126.8873567458","37.5224802186","가로변시간"
"19204","118000119","관악고등학교","126.8840591861","37.5229942584","가로변시간"
"19205","118000120","관악고등학교","126.8848486189","37.523161734","가로변시간"
"19206","118000121","당중초등학교","126.890987","37.526998","일반차로"
"19207","118000122","당중초등학교","126.8912931843","37.5269046476","일반차로"
"19208","118000123","남부고용노동지청","126.8902116552","37.5238199685","일반차로"
"19209","118000124","남부고용노동지청","126.890544267","37.5236879845","일반차로"
"19210","118000125","선유도역1번출구.한신아파트","126.8932341248","37.5383576111","일반차로"
"19211","118000126","선유도역8번출구.한신아파트","126.8932768999","37.5380360687","일반차로"
"19212","118000127","선유도역.롯데웰푸드","126.8948754336","37.5371966691","일반차로"
"19213","118000128","선유도역.롯데웰푸드","126.8955567144","37.53714501","일반차로"
"19214","118000129","양평한신아파트.선유도공원입구","126.8944278421","37.5416485864","일반차로"
"19215","118000130","영등포아리수정수센터","126.8841131456","37.547524111","일반차로"
"19216","118000131","양평한신아파트.선유도공원입구","126.894662988","37.5420309939","일반차로"
"19217","118000132","안양천입구","126.8834636891","37.547469263","일반차로"
"19218","118000133","양평동한솔아파트","126.89034721","37.5439165302","일반차로"
"19219","118000579","신풍역3번출구","126.9080213793","37.4999832177","일반차로"
"19220","118000135","선유도역2번출구.당산초등학교","126.8945006101","37.5388210381","일반차로"
"19221","118000136","영등포세무서.선유고등학교","126.8962877577","37.5342386203","일반차로"
"19222","118000137","영등포세무서.선유고등학교","126.8967008179","37.5344087772","일반차로"
"19223","118000138","선유중학교","126.8945217072","37.532051991","일반차로"
"19224","118000139","선유중학교","126.894106","37.530961","일반차로"
"19225","118000140","신길역1번출구","126.916956","37.516815","일반차로"
"19226","118000141","신길1동새마을금고","126.9200351486","37.5136409433","일반차로"
"19227","118000142","신길1동새마을금고","126.9195131812","37.5140830291","일반차로"
"19228","118000143","대신시장","126.9164620153","37.5118665222","일반차로"
"19229","118000144","대윤병원","126.9181496713","37.5145262639","일반차로"
"19230","118000145","대신시장","126.9162973886","37.5120674779","일반차로"
"19231","118000146","영등포농협.신길2동새마을금고","126.9131764145","37.5113759569","일반차로"
"19232","118000147","우신초등학교","126.910608","37.509355","일반차로"
"19233","118000148","신길책마루문화센터.포레나신길","126.9101490426","37.5034133163","일반차로"
"19234","118000149","성락교회","126.902587137","37.5045853868","일반차로"
"19235","118000150","성락교회","126.9028724835","37.5047495305","일반차로"
"19236","118000151","도림생활문화센터","126.9076717402","37.5092940284","일반차로"
"19238","118000153","우신초등학교","126.910838","37.50958","일반차로"
"19239","118000154","신길힐스테이트클래시안아파트","126.9108112918","37.5049891763","일반차로"
"19240","118000155","신길동홍어거리","126.9114719863","37.5108205742","일반차로"
"19241","118000156","신풍역4번출구.베뉴비안","126.9097782155","37.5014308216","일반차로"
"19242","118000157","신길5동주민센터","126.9053855538","37.5009593596","일반차로"
"19243","118000158","신길5동주민센터","126.9049278277","37.5010548825","일반차로"
"19244","118000159","영등포제1스포츠센터.신풍역","126.9068971154","37.5000120734","일반차로"
"19245","118000160","영등포농협도림로지점.우리시장","126.9045627731","37.4981782693","일반차로"
"19246","118000161","영등포농협도림로지점","126.9045757143","37.4986738862","일반차로"
"19247","118000162","KT대방지사.썬프라자","126.9088076812","37.4950914986","일반차로"
"19248","118000163","신길주유소","126.9083965467","37.4984011732","일반차로"
"19249","118000164","신풍역5번출구.베뉴비안","126.9100850037","37.5013238443","일반차로"
"19251","118000598","신길중학교.래미안에스티움북문","126.916458","37.501245","일반차로"
"19252","118000599","도림초등학교","126.90639","37.507364","일반차로"
"19253","118000168","대방역","126.9237905553","37.5127693585","일반차로"
"19255","118000170","공군호텔","126.9240536702","37.5098706868","일반차로"
"19256","118000171","서울지방병무청","126.9221593231","37.5051747159","일반차로"
"19257","118000172","대방초등학교","126.9210085488","37.5023841407","일반차로"
"19258","118000173","썬프라자","126.9082409755","37.4961497424","일반차로"
"19260","118000175","대림동우체국","126.9054525686","37.4894382828","일반차로"
"19261","118000176","흰돌교회","126.9029549092","37.4913161222","일반차로"
"19262","118000177","대동초등학교","126.9006322883","37.4941811504","일반차로"
"19264","118000179","대림역12번출구","126.8966231256","37.4925216728","일반차로"
"19265","118000180","대동초등학교.명지성모병원","126.8992448194","37.4942998541","일반차로"
"19266","118000181","대동초등학교","126.9006611965","37.4936614284","일반차로"
"19267","118000182","흰돌교회","126.9032572847","37.4905430612","일반차로"
"19268","118000183","대림동우체국","126.9047297114","37.4896278351","일반차로"
"19269","118000184","대림동우성아파트","126.9020385312","37.495996096","일반차로"
"19270","118000185","대림역9번출구","126.896585","37.49288","일반차로"
"19271","118000186","대동초등학교.명지성모병원","126.8986961015","37.4941715864","일반차로"
"19272","118000187","대림동우성아파트","126.9023480929","37.4965119007","일반차로"
"19273","118000188","YDP미래평생학습관","126.8955055827","37.5037864503","일반차로"
"19274","118000189","대림동현대3차아파트","126.89654","37.504569","일반차로"
"19275","118000190","신영초등학교","126.8971101446","37.5016789973","일반차로"
"19276","118000191","YDP미래평생학습관","126.8961720728","37.5030128151","일반차로"
"19277","118000192","선유도공원","126.902595","37.542245","가로변전일"
"19278","118000193","선유도공원","126.902915","37.542025","가로변전일"
"19279","118000194","신길역5호선","126.9148309222","37.51855816","일반차로"
"19280","118000195","국회의사당","126.919153684","37.5306422804","일반차로"
"19281","118000196","산업은행본점","126.9208525949","37.5279671701","일반차로"
"19282","118000197","더현대서울","126.9281836353","37.5250045778","일반차로"
"19283","118000198","유진투자증권","126.9269899252","37.5255310516","일반차로"
"19284","118000199","파크원타워.LG트윈타워","126.9272061799","37.5270921709","일반차로"
"19285","118000610","신길파크자이아파트","126.9132459329","37.5050599658","일반차로"
"19286","118000200","여의도한양아파트","126.9320647349","37.5209203503","일반차로"
"19287","118000201","하나은행여의도지점","126.9311455901","37.5213281189","일반차로"
"19288","118000202","여의도수정아파트","126.9304856028","37.5224629956","일반차로"
"19289","118000577","신풍역6번출구","126.9104304773","37.5003168268","일반차로"
"19290","118000203","여의도역3번출구","126.923253","37.523355","일반차로"
"19291","118000576","영진시장.신길새마을금고","126.9154974818","37.5001550045","일반차로"
"19292","118000204","문래우체국.문래예술공단","126.8951938185","37.5142585924","일반차로"
"19293","118000205","문래우체국.문래예술공단","126.8947765295","37.5141627048","일반차로"
"19294","118000206","대림3동주민센터","126.8988103256","37.4978471953","일반차로"
"19296","118000208","대방역","126.923495","37.512907","일반차로"
"19297","118000209","신길3동주민센터","126.9109089196","37.5063691885","일반차로"
"19298","118000210","대길초등학교","126.9122243497","37.4989132022","일반차로"
"19299","118000211","미보빌딩","126.9167140863","37.4984175455","일반차로"
"19300","118000563","신길역1호선","126.9166368877","37.5167591036","일반차로"
"19301","118000611","신길보라매SK뷰아파트","126.919256","37.504066","일반차로"
"19303","118000213","여의도순복음교회비전센터","126.9241543204","37.5300112247","일반차로"
"19304","118000597","래미안에스티움","126.912773792","37.5001649059","일반차로"
"19305","118000214","문래역.문래자이아파트","126.8945855945","37.5166249423","일반차로"
"19306","118000215","대방역7번출구","126.9265562252","37.513747861","일반차로"
"19307","118000216","대방역","126.9259750871","37.5135876259","일반차로"
"19309","118000218","대길초등학교","126.9145708821","37.4985891868","일반차로"
"19310","118000219","대방천사거리.동작세무서","126.919402","37.498862","일반차로"
"19311","118000220","대방천사거리","126.9197990982","37.4984887613","일반차로"
"19312","118000221","대림코오롱아파트정문","126.8942967179","37.5069073568","일반차로"
"19313","118000222","영등포로터리","126.9103719734","37.5186134846","가로변시간"
"19314","118000223","신길주유소교차로.신풍역3번출구","126.9074086857","37.4993499174","일반차로"
"19315","118000224","신길주유소교차로.신풍역3번출구","126.9069956306","37.4995770969","일반차로"
"19316","118000225","영문초등학교","126.887835","37.520197","일반차로"
"19317","118000226","영문초등학교","126.887957615","37.520047157","일반차로"
"19318","118000227","문래역1번출구","126.8942560751","37.5166312538","일반차로"
"19319","118000228","양화중학교.홈플러스","126.8952832738","37.5193690011","일반차로"
"19320","118000229","기계회관","126.9226786966","37.5290992579","일반차로"
"19321","118000230","신동아아파트","126.8946317256","37.4980725102","일반차로"
"19322","118000231","신영초교","126.8963032658","37.4989309377","일반차로"
"19323","118000232","우성5차아파트","126.9032049179","37.5076045335","일반차로"
"19324","118000233","우성5차아파트","126.9030359596","37.5073405785","일반차로"
"19325","118000234","현대3차.성원아파트","126.8966160437","37.5042942428","일반차로"
"19326","118000616","래미안에스티움(신길파크자이)","126.9128986736","37.5021832508","일반차로"
"19327","118000236","대림3동사거리.명지춘혜병원","126.8976368647","37.5004765901","일반차로"
"19328","118000237","현대2차아파트","126.8952038884","37.5033510946","일반차로"
"19329","118000238","성원아파트.한국상하수도협회","126.8967569528","37.5025756986","일반차로"
"19330","118000239","베뢰아국제대학원대학교.수정교회","126.8989671275","37.5010729304","일반차로"
"19332","118000241","성원아파트입구","126.8979949457","37.5049661894","일반차로"
"19333","118000242","신길우성1차.건영아파트","126.8995852828","37.5060560163","일반차로"
"19334","118000243","건영아파트","126.9008515938","37.5063544176","일반차로"
"19336","118000601","신길바다마을아파트.보라매sk뷰","126.916049","37.502859","일반차로"
"19337","118000246","성애병원","126.9230916275","37.5115127712","일반차로"
"19338","118000602","신길보라매sk뷰.바다마을아파트","126.9161719065","37.5029041708","일반차로"
"19341","118000608","신길우성2차아파트","126.9104508793","37.499257657","일반차로"
"19346","118000255","보라매역4번출구","126.9193169475","37.4998464533","일반차로"
"19347","118000256","신길새마을금고.영진시장","126.9170658543","37.4998909378","일반차로"
"19350","118000259","신길광장공원","126.9039926579","37.4999373494","일반차로"
"19351","118000260","대성아파트.건영아파트후문","126.9003306899","37.5032308592","일반차로"
"19352","118000261","대성유니드아파트","126.9027078981","37.5008368106","일반차로"
"19353","118000600","신길중학교.래미안에스티움북문","126.9166259326","37.5014200855","일반차로"
"19354","118000263","건영아파트후문","126.900562942","37.5026893321","일반차로"
"19357","118000266","대림동코오롱아파트","126.8945682049","37.5076981532","일반차로"
"19358","118000267","문래동종점","126.8864003638","37.5156735527","일반차로"
"19359","118000268","문래동시점","126.8867116154","37.5155477112","일반차로"
"19360","118000596","KT&G영등포지사.문래동종점","126.8872632303","37.5154220985","일반차로"
"19361","118000270","신길1차우성아파트","126.8998713446","37.5058715996","일반차로"
"19362","118000578","보라매역5번출구","126.91905","37.500051","일반차로"
"19364","118000273","영등포동.영등포푸르지오아파트","126.9046723569","37.5101417818","일반차로"
"19365","118000274","우신초교앞사거리","126.9100169726","37.5108880833","일반차로"
"19367","118000276","도림초교사거리","126.905380142","37.508301905","일반차로"
"19386","118000295","고추말","126.9062761886","37.511947326","일반차로"
"19389","118000298","코끼리할인마트","126.9070387375","37.505854886","일반차로"
"19390","118000299","대영고등학교.신길센트럴아이파크","126.904153","37.504783","일반차로"
"19392","118000301","동양볼링장","126.8884241986","37.5167682627","일반차로"
"19393","118000302","평화교회","126.9165753842","37.4985706187","일반차로"
"19402","118000311","현대2차아파트후문","126.8940864024","37.5030100625","일반차로"
"19403","118000312","도림초교사거리","126.9051712916","37.509135311","일반차로"
"19404","118000313","도림초등학교","126.9064944778","37.5069671974","일반차로"
"19405","118000314","고추말","126.9061093409","37.511958456","일반차로"
"19406","118000315","SG메디피움","126.9047285685","37.505080073","일반차로"
"19407","118000316","도림사거리","126.9012712286","37.5070505173","일반차로"
"19416","118000325","기림약국","126.9008725167","37.4997728852","일반차로"
"19418","118000326","신길광장공원","126.9045015227","37.4999670445","일반차로"
"19423","118000331","코사마트","126.9020269071","37.4984017729","일반차로"
"19424","118000332","성락빌딩","126.89948","37.500908","일반차로"
"19425","118000333","대림119안전센터","126.9032579405","37.4974634886","일반차로"
"19427","118000335","두산위브진주아파트","126.885309553","37.5164206155","일반차로"
"19428","118000336","현대3차아파트","126.884898","37.516298","일반차로"
"19429","118000524","CM병원","126.9027079039","37.5183527655","일반차로"
"19430","118000525","대방역6번출구","126.924159","37.513045","일반차로"
"19434","118000536","타임스퀘어.영등포소방서","126.9045916481","37.5180119835","일반차로"
"19435","118000537","당산신동아파밀리에","126.9008141712","37.5196779796","일반차로"
"19436","118000546","영등포청과시장","126.9018127545","37.5236699556","일반차로"
"19437","118000530","영등포청과시장","126.9017747101","37.522484979","일반차로"
"19438","118000541","서울시립청소년성문화센터","126.9023142827","37.5251517776","일반차로"
"19439","118000542","서울시립청소년성문화센터","126.9023884969","37.5246798544","일반차로"
"19450","118000540","한강아파트","126.9034083876","37.5277478405","일반차로"
"19451","118000543","롯데마트맥스영등포점","126.903872998","37.5280663072","일반차로"
"19452","118000538","당산센트럴아이파크아파트","126.9043580631","37.5300905669","일반차로"
"19453","118000539","영등포농협당산역지점","126.9049656612","37.5308155244","일반차로"
"19454","118000535","신풍시장","126.9101667964","37.5057447122","일반차로"
"19455","118000531","신길건영아파트","126.9015875459","37.503440464","일반차로"
"19456","118000532","신길건영아파트","126.9016891344","37.5037354455","일반차로"
"19457","118000534","수정교회.베뢰아국제대학원대학교","126.8986616843","37.5011447492","일반차로"
"19458","118000533","대림3동주민센터","126.89831","37.4981672477","일반차로"
"19483","118000607","대영중학교.신길센트럴아이파크","126.9037578728","37.5033158892","일반차로"
"19501","118900001","당산역11번출구","126.9013080631","37.5333218119","마을버스"
"19502","118900002","대림역5번출구","126.8949855085","37.4941881707","마을버스"
"19503","118900003","현대2.3차아파트","126.8962827493","37.5317408698","마을버스"
"19504","118900004","한국환경수도연구원","126.8895618243","37.5439176005","마을버스"
"19505","118900166","성애병원","126.9218040841","37.5117534209","마을버스"
"19506","118900005","당산우편물취급소","126.8987624869","37.5295966069","마을버스"
"19507","118900006","기아자동차서비스센터","126.8913397384","37.5415448626","마을버스"
"19508","118900007","신일어린이공원","126.9219968319","37.5102387979","마을버스"
"19509","118900008","대림역7호선","126.8973315956","37.4929638313","마을버스"
"19510","118900009","효성아파트","126.8998637918","37.5309951483","마을버스"
"19511","118900010","한신아파트.선유도공원","126.892357296","37.5406104569","마을버스"
"19512","118900011","돈보스코.홈플러스","126.913235866","37.4966558275","마을버스"
"19513","118900167","창의나라어린이집","126.9215458547","37.5088147597","마을버스"
"19515","118900012","우성2차아파트","126.8998625176","37.495363567","마을버스"
"19516","118900013","당산역.삼성래미안APT","126.90153447","37.5332251433","마을버스"
"19518","118900015","경남아너스빌","126.9108450745","37.4946517549","마을버스"
"19519","118900016","골프장","126.919979","37.509504","마을버스"
"19520","118900017","코스트코","126.8916609531","37.5283666153","마을버스"
"19521","118900187","대림3동주민센터","126.8985174011","37.4983606603","마을버스"
"19522","118900018","삼성래미안4차아파트북문","126.9030109389","37.5332286177","마을버스"
"19523","118900161","선유도역.롯데홈쇼핑","126.893134081","37.537024567","마을버스"
"19524","118900184","강남성심병원.대림성모병원","126.9080614234","37.4913065278","마을버스"
"19525","118900019","대신시장.기업은행","126.9173777932","37.5118632601","마을버스"
"19526","118900020","당중초등학교.노동부남부지청","126.8906255086","37.5253866305","마을버스"
"19527","118900021","대림3동사거리","126.898036257","37.4995406902","마을버스"
"19528","118900148","당산중학교.한국소방안전원","126.9065022141","37.5318890724","마을버스"
"19529","118900197","영등포동.영등포푸르지오아파트","126.9053948102","37.511019637","마을버스"
"19530","118900022","신대림한솔솔파크아파트.충심교회","126.8990679328","37.4884697209","마을버스"
"19532","118900023","영은교회","126.8882070346","37.5253616898","마을버스"
"19534","118900024","강변래미안아파트","126.9072184064","37.5300982551","마을버스"
"19535","118900025","케이카","126.8923381705","37.5342360825","마을버스"
"19536","118900026","대림중앙시장","126.9007034903","37.4899047632","마을버스"
"19538","118900027","양평역","126.8860806928","37.5250571864","마을버스"
"19539","118900028","대림요양병원","126.9001497866","37.5023314067","마을버스"
"19540","118900029","한국산업인력공단","126.907732684","37.5287001541","마을버스"
"19541","118900030","거성파스텔아파트","126.8924532355","37.5321168067","마을버스"
"19542","118900031","농협.대림2동주민센터","126.9017291244","37.4908121312","마을버스"
"19544","118900032","삼성아파트.오목교아래","126.8834600409","37.523415383","마을버스"
"19546","118900033","인구보건복지협회.제일빌딩","126.9087700692","37.5260382148","마을버스"
"19547","118900034","선유고등학교","126.8945892066","37.533133368","마을버스"
"19548","118900035","대림포교원","126.9030879611","37.4920558755","마을버스"
"19550","118900158","벽산아파트","126.8824379434","37.5232854003","마을버스"
"19551","118900036","성락교회","126.9029768745","37.5044937034","마을버스"
"19552","118900037","한강성심병원","126.9105439558","37.5233299681","마을버스"
"19553","118900038","대림1동새마을금고","126.9042356303","37.4930894759","마을버스"
"19555","118900039","신동아아파트.관악고교","126.8852430946","37.5216618502","마을버스"
"19556","118900040","도림사거리","126.901776669","37.5063174421","마을버스"
"19557","118900147","근로복지공단.서울남부지사","126.9119175238","37.5213296596","마을버스"
"19558","118900185","대림1동주민센터","126.9064554065","37.4950637693","마을버스"
"19560","118900041","e편한세상문래에듀플라츠","126.8858598746","37.5203116387","마을버스"
"19561","118900196","선의원","126.9092502422","37.5125060183","마을버스"
"19563","118900042","태양의집.썬프라자","126.9073026795","37.4958177593","마을버스"
"19568","118900045","영신고등학교","126.9083813617","37.4975925264","마을버스"
"19574","118900047","신풍역.수녀원","126.9077008382","37.4994414051","마을버스"
"19578","118900048","근로복지공단.서울남부지사","126.9121380476","37.521403714","마을버스"
"19579","118900049","현대홈타운아파트","126.8958915081","37.5234161815","마을버스"
"19581","118900050","삼성래미안아파트1단지","126.9162315361","37.5052062815","마을버스"
"19582","118900051","벽산메가트리움오피스텔","126.8979141721","37.5185695277","마을버스"
"19583","118900176","약산약국","126.9142968662","37.5113138822","마을버스"
"19584","118900052","한강성심병원","126.9107746728","37.5233986262","마을버스"
"19585","118900053","문래역.홈플러스","126.8952702414","37.5204548137","마을버스"
"19586","118900054","대영초중고","126.9045860784","37.5020836656","마을버스"
"19587","118900055","삼성래미안아파트2단지","126.914227473","37.50671281","마을버스"
"19588","118900056","영일시장.록스","126.9008724859","37.5183513018","마을버스"
"19590","118900058","인구보건복지협회.호텔아벤트리","126.9089587972","37.5262167779","마을버스"
"19591","118900059","교보생명","126.8927264952","37.5206586901","마을버스"
"19594","118000625","신길역2번출구","126.916014","37.518244","마을버스"
"19595","118900062","한국산업인력공단","126.9081846411","37.5282975197","마을버스"
"19596","118900157","GS홈쇼핑앞","126.8900548852","37.5210328929","마을버스"
"19604","118000523","켄싱턴호텔.여의도","126.9220912543","37.5303964528","일반차로"
"19619","118000353","문래힐스테이트","126.8893961124","37.518962453","일반차로"
"19628","118000271","래미안에스티움","126.9137184414","37.4998586582","일반차로"
"19630","118900065","강변래미안아파트","126.907349271","37.5304101377","마을버스"
"19631","118900066","양평동서통한신아파트","126.8879274737","37.52137241","마을버스"
"19645","118900067","당산역.지하철2호선","126.9023377955","37.5347400035","마을버스"
"19662","118900068","당산중학교.한국소방안전원","126.9066070161","37.5322315724","마을버스"
"19663","118900069","모랫말.도림새마을금고","126.90021733","37.5085202288","마을버스"
"19674","118900071","삼성래미안동문","126.9047437209","37.5311163277","마을버스"
"19676","118900072","양평역","126.8862550017","37.5253329419","마을버스"
"19679","118900073","도림고가.영등포아트자이","126.8989591367","37.5104673394","마을버스"
"19684","118900075","당산센트럴아이파크아파트","126.902510571","37.5294473708","마을버스"
"19685","118900076","영은교회","126.888897178","37.5250867538","마을버스"
"19687","118900077","도림교회","126.8973227342","37.5093467611","마을버스"
"19688","118900078","선화약국","126.9172405721","37.510653566","마을버스"
"19697","118900080","당산효성.현대5차아파트","126.9009081058","37.530173327","마을버스"
"19698","118900081","노동부남부지청","126.8917297019","37.524638835","마을버스"
"19700","118900082","도림동주민센터","126.8964095201","37.5087971934","마을버스"
"19701","118900083","푸른숲아파트","126.91747","37.508143","마을버스"
"19702","118900084","문래자이정문","126.896353001","37.5169493984","마을버스"
"19703","118900085","대신시장","126.9165402359","37.5121237758","마을버스"
"19707","118900086","현대APT후문","126.8944184537","37.524228566","마을버스"
"19708","118900087","코오롱아파트","126.8948323653","37.5080318381","마을버스"
"19709","118000407","대성유니드아파트","126.9027187793","37.5011675241","일반차로"
"19710","118900088","골프장","126.9199045396","37.5088334824","마을버스"
"19713","118900089","문래자이후문","126.8986416285","37.5168991207","마을버스"
"19729","118900091","영등포구청.우리은행","126.896721","37.52549","마을버스"
"19730","118900092","골프장","126.9202843938","37.5090406202","마을버스"
"19733","118900093","문래동주민센터","126.899351122","37.517601684","마을버스"
"19740","118900168","신일어린이공원","126.9224212475","37.5100192088","마을버스"
"19741","118900096","금호아파트","126.8979309029","37.5187718947","마을버스"
"19742","118900152","도림초교사거리","126.9049106738","37.5083375721","마을버스"
"19745","118900097","도림동주민센터","126.8961493649","37.5084902631","마을버스"
"19748","118900099","도림교회","126.8973308164","37.5092269217","마을버스"
"19749","118000623","대림역5번출구","126.8948001273","37.4948666991","마을버스"
"19751","118900146","건영아파트","126.9018101899","37.5057686993","마을버스"
"19752","118900145","선유고등학교","126.8945867229","37.5332901567","마을버스"
"19753","118900144","도림고가.동아에코빌","126.8988261304","37.5101175984","마을버스"
"19756","118900141","선유초등학교후문","126.892091436","37.5327075965","마을버스"
"19757","118900140","도림새마을금고","126.8999436394","37.5084857554","마을버스"
"19758","118900139","e편한세상문래에듀플라츠","126.8858415635","37.5204494891","마을버스"
"19760","118900137","케이카","126.8925202511","37.5343029295","마을버스"
"19761","118900136","도림사거리","126.9009386259","37.5070907884","마을버스"
"19762","118900135","대림요양병원","126.8999334882","37.5025321694","마을버스"
"19765","118900133","선유도역.롯데홈쇼핑","126.8934442009","37.5370485077","마을버스"
"19770","118900132","대림3동사거리","126.8977582395","37.4993863615","마을버스"
"19773","118900163","당산초등학교","126.8947635611","37.5386977962","마을버스"
"19774","118900131","대영초중고","126.904047","37.502528","마을버스"
"19775","118900130","노동부남부지청","126.8909004588","37.5253724672","마을버스"
"19776","118000624","대림동현대3차아파트","126.896397","37.504466","마을버스"
"19777","118900129","대림3동주민센터","126.8983424791","37.4980793659","마을버스"
"19778","118900164","한신아파트.선유도공원","126.8924692571","37.5406592181","마을버스"
"19780","118900207","남성아파트","126.8910896456","37.5122034905","마을버스"
"19781","118900208","신안인스빌아파트","126.8885413891","37.5137354671","마을버스"
"19782","118900209","삼환아파트","126.8904512019","37.5137855121","마을버스"
"19783","118000626","문래공원사거리","126.893088","37.51398","마을버스"
"19786","118900126","우성2차아파트","126.8994440527","37.4955536164","마을버스"
"19794","118900159","동양아파트","126.8902700202","37.5417610376","마을버스"
"19800","118900189","대동초등학교.명지성모병원","126.8987627859","37.49420138","마을버스"
"19801","118000594","샛강역1번출구.여의도자이","126.9273528457","37.5187933887","일반차로"
"19802","118000592","샛강역4번출구.여의도자이","126.9264910134","37.5189481008","일반차로"
"19803","118000591","여의도메리어트호텔","126.9184613228","37.521714257","일반차로"
"19804","118000593","여의도메리어트호텔","126.9192874432","37.5210420207","일반차로"
"19806","118900123","신길5동우체국","126.9080395961","37.4980404548","마을버스"
"19809","118900121","한솔아파트","126.8880522051","37.5438918495","마을버스"
"19811","118000457","문래동주민센터","126.8986940319","37.5169596562","일반차로"
"19812","118900120","태양의집.썬프라자","126.9073565889","37.4961223744","마을버스"
"19813","118900205","신길동오거리","126.9159401511","37.5103913564","마을버스"
"19814","118900206","신기목련아파트.더샵파크프레스티지","126.9158201061","37.5090172393","마을버스"
"19819","118000463","영등포역.페어필드메리어트","126.9081071702","37.516727545","일반차로"
"19820","118000464","영등포시장전철역","126.905191283","37.5216821884","일반차로"
"19821","118000465","영등포역.신세계백화점타임스퀘어","126.90598","37.517327","일반차로"
"19822","118000466","당산푸르지오아파트","126.9059275537","37.5290753891","일반차로"
"19823","118000575","영등포삼환아파트","126.9055996881","37.5288723804","일반차로"
"19824","118000468","영등포시장전철역","126.9047809511","37.5214106275","일반차로"
"19826","118000470","당산역9번출구","126.9039757313","37.5326565825","가로변시간"
"19827","118000492","대영고등학교.신길센트럴아이파크","126.904922203","37.5048823685","일반차로"
"19833","118900119","대림1동주민센터","126.90618847","37.4950914919","마을버스"
"19834","118900118","대림1동새마을금고","126.9042511202","37.4933580173","마을버스"
"19835","118900117","대림포교원","126.9032197838","37.4924371503","마을버스"
"19836","118900116","농협.대림2동주민센터","126.9014158733","37.4908109691","마을버스"
"19837","118900186","신대림한솔솔파크아파트.충심교회","126.8992324664","37.4888933803","마을버스"
"19839","118000474","대림역","126.8951274236","37.4937954158","일반차로"
"19840","118900114","당서초교","126.8995389009","37.531111114","마을버스"
"19842","118000564","국회의사당","126.9181628332","37.5282753148","일반차로"
"19844","118900113","현대3차유원아파트","126.8973008278","37.5319345944","마을버스"
"19846","118000489","양화대교전망카페","126.901182","37.53982","일반차로"
"19847","118000480","신풍프라자","126.9015122861","37.5017864827","일반차로"
"19848","118000490","양화대교전망카페","126.900755","37.539938","일반차로"
"19849","118000515","문래힐스테이트아파트","126.8914974004","37.5194239626","일반차로"
"19850","118000514","문래힐스테이트아파트","126.891508","37.519647","일반차로"
"19851","118000511","영등포소방서.타임스퀘어","126.9036355463","37.518273873","일반차로"
"19852","118000517","영등포구청역공영주차장","126.8952226639","37.5243137974","일반차로"
"19853","118000614","해군호텔","126.916046","37.504339","일반차로"
"19854","118000615","진로A","126.8955641344","37.5206127494","일반차로"
"19857","118900112","현대2.3차아파트","126.8969389534","37.5326083","마을버스"
"19858","118900111","신동아아파트.관악고교","126.8855026473","37.5223558864","마을버스"
"19861","118000518","한국거래소공항방면","126.9269644423","37.5235034611","일반차로"
"19862","118900110","당산역","126.9010480642","37.5330028905","마을버스"
"19865","118900177","삼성래미안아파트","126.9130481182","37.5074069381","마을버스"
"19867","118900165","골프장","126.9199176151","37.5086934741","마을버스"
"19868","118900169","삼환아파트","126.9200285195","37.5071313862","마을버스"
"19869","118900108","병무청","126.9216230712","37.5063656176","마을버스"
"19870","118900182","대방동성당","126.9216560023","37.5051599656","마을버스"
"19871","118900107","신길한성아파트","126.9199106731","37.5041513635","마을버스"
"19872","118900178","신길새마을금고신길4동지점","126.9126669015","37.5054257948","마을버스"
"19877","118900174","래미안영등포프레비뉴아파트","126.9069364632","37.5056353604","마을버스"
"19878","118900105","신길힐스테이트클래시안아파트","126.9114530403","37.5055906938","마을버스"
"19879","118900179","신길파크자이아파트","126.9135627503","37.5049340573","마을버스"
"19880","118900104","서울해군호텔","126.9160026751","37.5042586234","일반차로"
"19882","118900103","대방동성당","126.9217262504","37.5050446711","마을버스"
"19883","118900102","병무청","126.9217497583","37.5063629983","마을버스"
"19884","118900170","삼환아파트","126.9198821423","37.5074906089","마을버스"
"19885","118900171","오거리","126.9215731559","37.5086678983","마을버스"
"19888","118900101","서울해군호텔","126.9159749818","37.5045438605","마을버스"
"19892","118900210","영등포역1번출구","126.907997","37.514679","마을버스"
"19893","118000560","영등포역2번출구","126.9078196924","37.5145839767","일반차로"
"19894","118900198","신길GS자이아파트정문","126.9171066208","37.5062985565","마을버스"
"19895","118900199","신길GS자이아파트후문","126.9157992808","37.5061002907","마을버스"
"19896","118900200","신길4동주민센터","126.911555177","37.5081805356","마을버스"
"19899","118900203","신길GS자이아파트정문","126.91724367","37.5061310478","마을버스"
"19900","119000318","63빌딩.한강유람선","126.940164018","37.5212987463","일반차로"
"19901","118000604","여의나루역","126.932128085","37.5272703449","일반차로"
"19911","118900204","푸른숲아파트","126.9176242751","37.5087156723","마을버스"
"19963","118000529","공군호텔","126.92412815","37.5100455483","일반차로"
"19964","119000292","공군호텔","126.9246177878","37.5102017522","일반차로"
"19984","118900193","영등포푸르지오","126.9034753573","37.5117732064","마을버스"
"19985","118900192","대우미래사랑","126.9009464467","37.5123000589","마을버스"
"19986","118900191","영등포아트자이","126.8988576208","37.5109906474","마을버스"
"19987","118000562","영등포아트자이","126.8995214906","37.5114597361","일반차로"
"19988","118900190","대우미래사랑","126.9004176959","37.5118103168","마을버스"
"19990","118900195","영등포푸르지오후문","126.904886","37.513267","마을버스"
"19992","115000575","대한항공훈련센터","126.8123006952","37.5458862811","일반차로"
"19993","118000504","여의나루역.한강버스선착장","126.9328494288","37.5264706671","일반차로"
"19996","118000501","당산119안전센터.당산역","126.8998731174","37.53502216","가로변시간"
"20001","119000001","동작상떼빌아파트","126.904448","37.486449","중앙차로"
"20002","119000002","신대방경남아파트","126.9075951828","37.4902521491","중앙차로"
"20003","119000003","신대방현대아파트","126.9114761949","37.4952827397","중앙차로"
"20004","119000004","보라매공원","126.9162238534","37.4968990034","중앙차로"
"20005","119000005","보라매역.동작세무서","126.9201964462","37.4981412047","중앙차로"
"20006","119000006","강남중학교","126.9218983526","37.5037895503","중앙차로"
"20007","119000007","현대아파트","126.931437","37.513174","중앙차로"
"20008","119000008","현대아파트.유한양행","126.9323737344","37.5132368488","중앙차로"
"20009","119000009","노량진수산시장.CTS기독교TV","126.938456","37.513423","중앙차로"
"20010","119000010","노량진수산시장.CTS기독교TV","126.9388655754","37.5134800797","중앙차로"
"20011","119000011","노량진역","126.943811","37.513733","중앙차로"
"20012","119000012","노량진역","126.9447114504","37.5138325876","중앙차로"
"20013","119000013","노들역","126.949256","37.512825","중앙차로"
"20014","119000014","노들역","126.9509621786","37.512734203","중앙차로"
"20015","119000289","갯마을앞","126.983311749","37.4975550541","중앙차로"
"20016","119000288","정금마을.방배경찰서","126.9826144422","37.4942338943","중앙차로"
"20017","119000287","경문고교.배나무골앞","126.9826229009","37.4915912163","중앙차로"
"20018","119000286","총신대입구역.남성사계시장입구앞","126.982285","37.488365","중앙차로"
"20019","119000285","사당동우체국앞","126.9819451238","37.4832273743","중앙차로"
"20020","119000284","방배노인종합복지관","126.9818145731","37.4806790282","중앙차로"
"20106","119000020","서울지방병무청앞","126.923275","37.506935","일반차로"
"20107","119000021","공군호텔","126.9245410607","37.5100106698","일반차로"
"20108","119000022","대방역","126.926363433","37.5125881335","일반차로"
"20111","119000023","KT동작지사","126.9356600816","37.5130395413","일반차로"
"20114","119000024","노량진역3번출구","126.9418756112","37.5134951577","일반차로"
"20115","119000025","노량진역2번출구","126.9434701519","37.5139058884","일반차로"
"20117","119000026","사육신공원","126.9463011308","37.5133666069","일반차로"
"20119","119000027","사육신공원","126.947977","37.513315","일반차로"
"20121","119000028","노들역","126.9510505061","37.5128653113","일반차로"
"20122","119000029","노들역","126.951007","37.512565","일반차로"
"20123","119000030","흑석동효사정앞","126.9607461983","37.5115545148","일반차로"
"20124","119000031","흑석동효사정앞","126.9612375315","37.5115728985","가로변전일"
"20125","119000032","흑석역.흑석동빗물펌프장","126.9632135267","37.508304935","일반차로"
"20126","119000033","흑석역.명수대현대아파트","126.9650447528","37.5074984059","가로변시간"
"20127","119000034","흑석역.명수대현대아파트","126.9655921789","37.5075850724","가로변시간"
"20128","119000035","흑석동명수대현대아파트","126.96627337","37.5073485306","가로변시간"
"20129","119000036","비계","126.967675","37.50651","가로변시간"
"20130","119000037","비계","126.9685844969","37.5064370015","가로변전일"
"20131","119000038","흑석동한강현대아파트","126.971748","37.505867","가로변시간"
"20132","119000039","흑석동한강현대아파트","126.971971","37.505609","일반차로"
"20133","119000040","동작역.국립현충원","126.976865","37.502586","일반차로"
"20134","119000041","동작역.국립현충원","126.9766525988","37.503188597","일반차로"
"20141","119000048","사당1동상점가","126.9778214942","37.476831893","일반차로"
"20142","119000049","엔지니어링회관","126.972845088","37.4760492272","일반차로"
"20143","119000050","서울공업고등학교","126.9223387688","37.4997751387","일반차로"
"20144","119000051","서울공업고등학교","126.921643","37.500012","일반차로"
"20145","119000052","대림초등학교","126.9264810316","37.4996077724","일반차로"
"20146","119000053","대림초등학교","126.926127913","37.4998553553","일반차로"
"20147","119000054","성대시장","126.930872","37.50007","일반차로"
"20148","119000055","성대시장","126.9317049239","37.5002832355","일반차로"
"20149","119000056","상도초등학교입구","126.9367360642","37.5033778878","일반차로"
"20150","119000057","상도초등학교입구","126.9357682657","37.502959881","일반차로"
"20151","119000058","동작구청.장승배기역4번출구","126.9385221188","37.5046761432","일반차로"
"20152","119000059","동작구청.동작보건소건강관리청","126.94076","37.504993","일반차로"
"20153","119000060","동작구청.동작보건소건강관리청","126.9417292605","37.5053297317","일반차로"
"20154","119000061","상도노빌리티아파트","126.9459415102","37.5047947107","일반차로"
"20155","119000062","상도노빌리티아파트","126.9468675132","37.5043269596","일반차로"
"20156","119000063","상도터널.노들역3번출구","126.9541121628","37.5120566862","일반차로"
"20157","119000064","상도터널.노들역4번출구","126.9536978866","37.5120063166","일반차로"
"20158","119000065","상도터널.상도동","126.9495037012","37.5045988081","일반차로"
"20159","119000066","상도터널.상도동","126.9495190801","37.5038586483","일반차로"
"20160","119000067","상도역","126.9486225374","37.5016271328","일반차로"
"20161","119000068","상도역","126.9495197061","37.5012490566","일반차로"
"20162","119000069","상도동중앙하이츠빌.상도전통시장","126.9511850423","37.4988131751","일반차로"
"20163","119000070","상도동중앙하이츠빌.상도전통시장","126.9517743709","37.4986899661","일반차로"
"20164","119000071","숭실대입구역","126.9528039826","37.4969260383","일반차로"
"20165","119000072","숭실대입구역","126.9533491547","37.4961666089","일반차로"
"20166","119000073","숭실대입구역","126.9537334982","37.4964614208","일반차로"
"20167","119000074","봉현초등학교","126.9562148589","37.4916784048","가로변시간"
"20168","119000075","봉천고개.관악현대아파트","126.9565953054","37.4917326146","일반차로"
"20169","119000076","숭실대중문앞","126.957055","37.49515","일반차로"
"20170","119000077","숭실대중문앞","126.9572808442","37.4953183557","일반차로"
"20171","119000078","숭실대정보과학관앞","126.9602929082","37.4946390733","일반차로"
"20172","119000079","숭실대레지던스홀앞","126.959906757","37.4949847404","일반차로"
"20173","119000080","신남성초등학교","126.9656493194","37.4890277761","일반차로"
"20174","119000081","총신대","126.9661798164","37.4887422791","일반차로"
"20175","119000082","총신대","126.9664743548","37.4878598183","일반차로"
"20176","119000083","사당중학교","126.9682728248","37.4863556315","일반차로"
"20177","119000084","사당중학교","126.9681789127","37.4866369532","일반차로"
"20178","119000085","남성역","126.9707465249","37.4849291221","일반차로"
"20179","119000086","남성역","126.9710943103","37.4845875371","일반차로"
"20180","119000087","남성역골목시장","126.9730147719","37.4838042897","일반차로"
"20181","119000088","남성역골목시장","126.9727824251","37.4836762564","일반차로"
"20182","119000089","남성초등학교","126.9785857201","37.4840745961","일반차로"
"20183","119000090","남성초등학교","126.9784299949","37.4842992298","일반차로"
"20184","119000091","이수역9번출구","126.9798968352","37.4844435384","일반차로"
"20185","119000092","이수역10번출구","126.9801874958","37.4848328619","일반차로"
"20186","119000093","신대방삼거리","126.9278411369","37.4977748671","일반차로"
"20187","119000094","신대방삼거리","126.9282547192","37.4983305124","일반차로"
"20188","119000095","신대방동성당.보라매병원입구","126.927191","37.494757","일반차로"
"20190","119000097","노량진초등학교앞","126.9400540684","37.5105502162","일반차로"
"20191","119000098","노량진초등학교앞","126.940337","37.510453","일반차로"
"20192","119000099","장성교회","126.9399682084","37.5082110072","일반차로"
"20193","119000100","청화병원","126.9400798321","37.5072450833","일반차로"
"20194","119000101","중앙대학교","126.9613219646","37.5081669276","일반차로"
"20195","119000102","중앙대학교","126.9615071968","37.508509243","일반차로"
"20196","119000103","중앙대학교","126.9614382814","37.5083452201","일반차로"
"20197","119000104","동작구청.장승배기역2번출구","126.9391355764","37.5041718438","일반차로"
"20198","119000105","동작구청.장승배기역","126.939496","37.503934","일반차로"
"20199","119000106","상도2동아이파크.포스코더샵아파트","126.9408309246","37.5014793109","일반차로"
"20200","119000107","상도2동아이파크.포스코더샵아파트","126.9411384938","37.5015136806","일반차로"
"20201","119000108","신상도초등학교","126.9435348692","37.4993163958","일반차로"
"20202","119000109","중앙대후문","126.9536355983","37.5048082949","일반차로"
"20203","119000110","중앙대후문","126.9534310317","37.5045504993","일반차로"
"20204","119000111","중앙대정문","126.9582944153","37.506809885","일반차로"
"20205","119000112","중앙대중문","126.9572653015","37.5066428313","일반차로"
"20206","119000113","중앙대정문","126.9591141596","37.5072313914","일반차로"
"20207","119000114","신대방역","126.911921","37.487296","일반차로"
"20208","119000115","신대방역","126.9117427128","37.4874171465","일반차로"
"20209","119000116","동작상떼빌아파트","126.9071028224","37.488253739","일반차로"
"20210","119000117","신대방경남아파트","126.9072269982","37.4884286507","일반차로"
"20213","119000320","사당롯데캐슬골든포레.사당해그린","126.963578","37.492298","일반차로"
"20217","119000123","서울특별시.보라매병원","126.9244803976","37.4927554341","일반차로"
"20219","119000124","신상도초등학교","126.9436736712","37.4993739229","일반차로"
"20220","119000125","상도4동약수맨션","126.9435500396","37.4979423686","일반차로"
"20221","119000126","경향렉스빌.롯데캐슬비엔","126.9429139957","37.4959295429","일반차로"
"20222","119000127","경향렉스빌.롯데캐슬비엔","126.9427352625","37.4959853248","일반차로"
"20228","119000131","상도4동약수맨션","126.9433569275","37.4979590401","일반차로"
"20233","119000317","래미안상도3차중문","126.9538679944","37.4998750017","일반차로"
"20235","119000316","금양빌딩","126.953501942","37.4995065114","일반차로"
"20240","119000134","노량진역5번출구","126.9400621552","37.5123768448","일반차로"
"20241","119000135","상도SH빌아파트상도패리스후문","126.9539708958","37.5026546449","일반차로"
"20242","119000136","상도SH빌아파트상도패리스후문","126.9542926452","37.5031415122","일반차로"
"20243","119000137","상도3차삼성래미안후문","126.9538226802","37.5010547638","일반차로"
"20244","119000138","상도3차삼성래미안후문","126.9535689972","37.5009407383","일반차로"
"20245","119000139","상도1동주민센터.상도3차래미안","126.9533571784","37.498406161","일반차로"
"20246","119000140","상도1동주민센터.상도3차래미안","126.9532555151","37.4982214146","일반차로"
"20247","119000290","노들역앞","126.952211","37.513521","일반차로"
"20248","119000295","대방역1번출구앞","126.9274742701","37.5130975089","일반차로"
"20249","119000291","대방역.여의교앞","126.92733","37.514757","일반차로"
"20250","119000294","노들역4번출구앞","126.9533594381","37.5124572784","일반차로"
"20251","119000293","동작실버센터입구.용양봉저정","126.956610643","37.5131208822","일반차로"
"20252","119000296","사당동대아신협앞","126.9762903614","37.4833774271","일반차로"
"20253","119000302","사당역9번출구앞","126.9813958895","37.47739263","일반차로"
"20254","119000319","사당롯데캐슬골든포레.사당해그린","126.9630718231","37.4924365852","일반차로"
"20494","119900312","사당솔밭도서관","126.9670560347","37.4840171336","마을버스"
"20495","119900311","효주파크빌","126.926694","37.50279","마을버스"
"20496","119900310","남성초등학교입구","126.9769232473","37.4837563501","마을버스"
"20498","119900306","정금마을","126.9813618064","37.4937773108","마을버스"
"20499","119900307","이수힐스테이트.이수푸르지오","126.979752481","37.4940582217","마을버스"
"20500","119900083","사당역10번출구","126.9815810731","37.4786874149","마을버스"
"20501","119900313","현대2차아파트후문","126.9320347501","37.5107012975","마을버스"
"20502","119900256","극동상가","126.9740958456","37.491687286","마을버스"
"20503","119900082","삼성래미안.롯데캐슬","126.9711491739","37.4896270276","마을버스"
"20504","119900081","자이아파트정문앞","126.9627803005","37.4891368419","마을버스"
"20505","119900080","달마사.흑석어린이집","126.960569","37.500332","마을버스"
"20507","119900078","사자암","126.9363189798","37.4937689308","마을버스"
"20508","119900156","노들역.노량진교회","126.954619","37.512451","마을버스"
"20509","119900077","대림현대아파트.사당3동주민센터","126.9724840951","37.4861568443","마을버스"
"20510","119900076","행복유치원","126.9408148527","37.4961628916","마을버스"
"20511","119900075","이수역","126.9806261973","37.4850014413","마을버스"
"21321","120000219","대학동노인정","126.93757","37.46735","일반차로"
"20512","119900074","보라매공원정문","126.9185784927","37.4946211032","마을버스"
"20513","119900073","신대방삼거리역","126.9281819736","37.4999673048","마을버스"
"20515","119900314","현대2차아파트후문","126.932111","37.511078","마을버스"
"20516","119900257","극동아파트110동","126.9746719153","37.4903636891","마을버스"
"20517","119900258","극동아파트110동","126.9741210149","37.4908474626","마을버스"
"20518","119900071","대림아파트후문.래미안로이파크","126.9721846371","37.4886519328","마을버스"
"20519","119900070","자이아파트상가앞","126.963155966","37.4886828031","마을버스"
"20520","119900069","삼성래미안아파트","126.95927","37.497718","마을버스"
"20521","119900068","상도4동성문교회.상도어울마당","126.940108","37.499156","마을버스"
"20522","119900067","당곡중.고등학교","126.9353994727","37.493045235","마을버스"
"20524","119900065","대림프라자","126.9738757634","37.4839260244","마을버스"
"20526","119900315","롯데캐슬","126.9712716065","37.4898234441","마을버스"
"20527","119900063","보라매공원역1번출구","126.9180850756","37.4960060597","마을버스"
"20528","119900264","강현중학교","126.9278709369","37.5020677375","마을버스"
"20529","119900062","구중앙슈퍼앞","126.935503992","37.4946119215","마을버스"
"20530","119900061","흑석자이.유앤미아파트","126.9604578422","37.5007063168","마을버스"
"20531","119900318","우리교회","126.9317185301","37.4977604263","마을버스"
"20532","119900260","극동아파트112동","126.9763424207","37.4885987803","마을버스"
"20533","119900060","삼일공원","126.9738555209","37.4868510064","마을버스"
"20534","119900320","사당종합체육관","126.9696348409","37.4925240349","마을버스"
"20535","119900059","숭실대후문","126.9610345638","37.4950952786","마을버스"
"20536","119900058","더크는킨더어린이집","126.9406672593","37.4996265622","마을버스"
"20537","119900057","갑을명가아파트","126.9345740345","37.4936940869","마을버스"
"20539","119900055","사당시장","126.9751266748","37.4830900688","마을버스"
"20540","119900054","롯데캐슬비엔","126.9430908619","37.4968433468","마을버스"
"20541","119900263","삼거리","126.9683026096","37.4855998149","마을버스"
"20542","119900053","대방어린이도서관","126.925483","37.503123","마을버스"
"20543","119900052","성심슈퍼","126.9344155696","37.4951429733","마을버스"
"20544","119900051","흑석자이.흑석한강센트레빌2차","126.960429","37.50209","마을버스"
"20545","119900319","롯데캐슬샤인","126.9714963842","37.4909223103","마을버스"
"20546","119900050","남성초등학교.사당청소년센터","126.974840744","37.4860104896","마을버스"
"20547","119900049","신남성초교후문","126.9645998909","37.4890283675","마을버스"
"20549","119900047","현대아이파크","126.9416027519","37.5008885718","마을버스"
"20550","119900046","영은교회","126.9340950389","37.4943957803","마을버스"
"20552","119900044","이수시너스.이수역7번출구","126.9818671422","37.4839100097","마을버스"
"20554","119900043","갑을명가","126.9667508946","37.4825754825","마을버스"
"20555","119900042","성남중고","126.925278","37.504676","마을버스"
"20556","119900041","청운종합복지관","126.933440322","37.4955668475","마을버스"
"20557","119900040","은로초등학교","126.9609201815","37.5032630745","마을버스"
"20558","119900321","롯데캐슬샤인","126.9712023203","37.491095683","마을버스"
"20559","119900039","동작삼일수영장","126.9747984396","37.4873936762","마을버스"
"20560","119900038","삼거리우편물취급소","126.9770554226","37.4841645764","마을버스"
"20561","119900037","사당인정아파트","126.9649635841","37.4899710309","마을버스"
"20564","119900034","선재유통","126.9328021506","37.4946581742","마을버스"
"20565","119900033","중앙대병원","126.9607327929","37.507689887","마을버스"
"20567","119900031","밤골터널.상도역롯데캐슬파크엘","126.9460153285","37.5018651497","마을버스"
"20568","119900261","동작고교","126.9664294375","37.4818218649","마을버스"
"20569","119900030","대림아파트후문.성남중.고교","126.9248146272","37.505674745","마을버스"
"20570","119900029","구동사무소","126.9324298965","37.4961096391","마을버스"
"20571","119900028","중대부속초등학교","126.9610502124","37.5053724551","마을버스"
"20573","119900027","국사봉중학교","126.9437280828","37.4931806671","마을버스"
"20574","119900026","장승배기역4번출구","126.9377214725","37.5044810859","마을버스"
"20575","119900025","빙수골공영주차장","126.932158087","37.4952795673","마을버스"
"20577","119900023","상도역1번출구","126.9472102115","37.5027474813","마을버스"
"20578","119900022","이수역","126.9799858332","37.4845151722","마을버스"
"20579","119900021","동작상떼빌앞","126.9080420892","37.4877057013","마을버스"
"20580","119900020","대방동주민센터","126.9261670483","37.5081772155","마을버스"
"20581","119900019","빙수골마을공원","126.9321116975","37.4965518983","마을버스"
"20582","119900018","중앙대병원후문.흑석시장","126.961766","37.506984","마을버스"
"20584","119900017","방범초소","126.9437420438","37.4941682832","마을버스"
"20585","119900016","주택가","126.936377","37.505774","마을버스"
"20586","119900015","백경세탁소","126.930834755","37.4966448723","마을버스"
"20587","119900014","중앙대중문","126.95728804","37.5067385205","마을버스"
"20588","119900013","중대후문입구","126.9501363221","37.5043455055","마을버스"
"20589","119900012","신대방1동주민센터","126.9095785564","37.487040971","마을버스"
"20590","119900265","주공아파트.남도학숙","126.9289889124","37.5087023253","마을버스"
"20591","119900248","상도3동주민센터","126.9312735142","37.4991727218","마을버스"
"20593","119900266","삼성래미안.동작청소년센터","126.9345388097","37.5056368127","마을버스"
"20594","119900011","하손초장교회","126.9300612128","37.4978176529","마을버스"
"20595","119900010","중앙대후문","126.953461","37.505045","마을버스"
"20596","119900009","이화약국","126.950537456","37.5049512146","마을버스"
"20598","119900008","숭의여중.고교","126.9299522538","37.5079144369","마을버스"
"20599","119900007","현대한의원","126.9325619694","37.5001592705","마을버스"
"20600","119900006","사당문화복지관","126.9695707031","37.4853423386","마을버스"
"20601","119000322","상도클라베뉴107동","126.938514","37.497246","마을버스"
"20602","119000323","성대골쉼터","126.936831","37.497599","마을버스"
"20603","119000324","안일약국","126.934694","37.497861","마을버스"
"20604","119000325","연세동작병원","126.933543","37.498989","마을버스"
"20605","119000326","성대약국","126.93257","37.499918","마을버스"
"20606","119000327","흑석역.흑석동빗물펌프장","126.963333","37.508223","마을버스"
"20607","119000328","흑석한강센트레빌1차","126.96642","37.506117","마을버스"
"20608","119000329","흑석고등학교.큰별어린이집","126.965236","37.504295","마을버스"
"20609","119000330","흑석고등학교.푸르지오상가","126.964981","37.503542","마을버스"
"20610","119000331","청호아파트후문","126.96426","37.5019","마을버스"
"20611","119000332","청호아파트정문","126.9636185783","37.5008556752","마을버스"
"20612","119000333","서달산약수터","126.962006","37.500002","마을버스"
"20613","119000334","보문사","126.938864","37.496533","마을버스"
"20614","119000335","보라매삼성쉐르빌","126.922875","37.491655","마을버스"
"20659","119000199","효사정앞","126.9607410136","37.5114312617","일반차로"
"20660","119000200","효사정앞","126.9626136909","37.5103036908","가로변전일"
"20673","119900005","사회복지관앞","126.9330780951","37.506067189","마을버스"
"20674","119900004","7호선신대방삼거리역2번출구.국민은행","126.928418089","37.4989658209","마을버스"
"20675","119900003","대림프라자","126.9743794236","37.4838072598","마을버스"
"20676","119900002","상도은빛어르신복지관.터널경로당","126.9512512508","37.5065716922","마을버스"
"20681","119900249","동광교회","126.9344857415","37.5015543584","마을버스"
"20682","119900001","남성역.남성역골목시장","126.9722197399","37.4841806903","마을버스"
"20684","119900206","대방목욕탕","126.9323905778","37.5071048664","마을버스"
"20686","119900205","건영아파트","126.9515987872","37.5078829377","마을버스"
"20694","119900204","갯마을","126.9825370124","37.4962336425","마을버스"
"20695","119900203","현대아파트","126.9320467559","37.512052615","마을버스"
"20697","119900202","경문고등학교","126.9824479616","37.4901811137","마을버스"
"20698","119900201","삼거리우편물취급소","126.9772691231","37.4842177829","마을버스"
"20699","119900309","밤골.상도역롯데캐슬파크엘","126.9455943644","37.5021520208","마을버스"
"20700","119900200","남부교회","126.9322870912","37.5089709879","마을버스"
"20701","119900199","정금마을","126.9825628967","37.4943392794","마을버스"
"20702","119900198","동작고등학교","126.9664442487","37.4815722629","마을버스"
"20703","119900197","KT동작지사","126.9344730609","37.5121801399","마을버스"
"20704","119900246","동작구청.장승배기역2번출구","126.9389672411","37.5039320639","마을버스"
"20705","119900196","총신대역","126.9820415707","37.487347383","마을버스"
"20706","119900195","남성초등학교.사당청소년센터","126.9749763981","37.4861375742","마을버스"
"20725","119900194","동원베네스트","126.9451749249","37.5034539195","마을버스"
"20726","119900193","신동아정문","126.9512523172","37.5101499659","마을버스"
"20727","119900192","사당솔밭도서관","126.9670879553","37.4834269187","마을버스"
"20728","119900191","해태타워앞","126.9246607439","37.4910939039","마을버스"
"20729","119900190","경성의원.새마을금고앞","126.935954556","37.5126188873","마을버스"
"20730","119900189","상도2동주민센터","126.9417827452","37.5050526535","마을버스"
"20731","119900188","상도은빛어르신복지관","126.9505398317","37.5063885967","마을버스"
"20732","119900187","삼일공원","126.9740160547","37.4869726909","마을버스"
"20740","119900247","부강탕","126.9459908973","37.5043671116","마을버스"
"20741","119900186","대방역1번출구","126.9274282269","37.5130699136","마을버스"
"20745","119900185","극동아파트앞","126.951363704","37.5110727392","마을버스"
"20746","119900184","이수역","126.9820869839","37.4865725229","마을버스"
"20747","119900183","삼거리","126.9684496405","37.4855349747","마을버스"
"20748","119900272","전문건설회관.보라매병원","126.9249580304","37.4923592428","마을버스"
"20751","119900182","대림아파트후문.래미안로이파크","126.9725906795","37.4884618946","마을버스"
"20756","119900181","상도브라운스톤","126.9438049608","37.505286117","마을버스"
"20782","119000279","흑석동","126.9654484836","37.5076760417","가로변시간"
"20783","119000280","흑석역.명수현대아파트","126.965093411","37.5074560685","가로변시간"
"20787","119900254","노들역5번출구","126.9521592788","37.5122904513","마을버스"
"20789","119900180","상도노빌리티","126.9466710231","37.5051800181","마을버스"
"20790","119900244","상도역.하나은행","126.9473327434","37.5038198475","마을버스"
"20791","119900179","봉천고개.관악현대아파트","126.9566324017","37.4921183007","마을버스"
"20792","119900178","동작삼일수영장","126.9747872044","37.4871765076","마을버스"
"20794","119900177","동작고교.사당5동주민센터","126.9675296545","37.4852068927","마을버스"
"20799","119900175","건영아파트","126.9480050422","37.5069702375","마을버스"
"20801","119900174","우성201동.극동112동","126.9759330153","37.4881461014","마을버스"
"20802","119900173","삼호.오네뜨아파트","126.9656301015","37.4865452277","마을버스"
"20803","119900172","동작구건강관리청(동작구보건소)","126.9415426118","37.5054913714","마을버스"
"20804","119900171","남부교회","126.9320719695","37.5091952385","마을버스"
"20805","119900170","도시가스.두산아파트","126.9447020905","37.505053155","마을버스"
"20806","119000312","핸드픽트호텔","126.9334329321","37.501295738","일반차로"
"20807","119000313","핸드픽트호텔","126.9335301509","37.5016110077","일반차로"
"20808","119900169","7호선신대방삼거리역4번출구","126.9267443461","37.4998232995","마을버스"
"20809","119900168","우성아파트","126.947083","37.508454","마을버스"
"20810","119900253","숭실대입구역2번출구","126.9535564495","37.4961965212","마을버스"
"20811","119900167","시장입구","126.977157838","37.4894721027","마을버스"
"20812","119900262","신남성초교입구","126.9645031705","37.4879028591","마을버스"
"20813","119900166","새소망교회","126.9420033988","37.5063972057","마을버스"
"20814","119900165","대방목욕탕","126.932239","37.507519","마을버스"
"20815","119900164","본동초등학교","126.9535550176","37.5107266973","마을버스"
"20818","119900163","코오롱하늘채아파트","126.9240090902","37.4991700746","마을버스"
"20819","119900162","강남교회.오거리","126.9449289949","37.5102778468","마을버스"
"20820","119900161","봉천고개.현대아파트","126.9562362162","37.4919019936","마을버스"
"20822","119900160","신동아아파트","126.9765786726","37.4900072452","마을버스"
"20823","119900159","LG아파트상가","126.963560848","37.4886009282","마을버스"
"20824","119900158","신동아아파트701동앞","126.9432253093","37.5074809233","마을버스"
"20825","119900157","사회복지관앞","126.933568","37.505716","마을버스"
"20829","119900259","테니스장.우성아파트304동","126.9759361455","37.4906189658","마을버스"
"20830","119900154","자이아파트정문앞","126.9628435447","37.4893053683","마을버스"
"20832","119900153","신동아관리사무소.영어마루도서관","126.9440017764","37.5083076038","마을버스"
"20833","119900152","삼성래미안.동작청소년센터","126.9348170675","37.5055356102","마을버스"
"20834","119900151","대방역2번출구앞","126.9275880089","37.5127789562","마을버스"
"20836","119900150","경성의원.새마을금고앞","126.9359804244","37.5127937149","마을버스"
"20837","119900149","노량진역","126.941453612","37.5137237868","마을버스"
"20839","119900148","신동아상가","126.9463253599","37.5079978025","마을버스"
"20840","119900147","주택가","126.9364798085","37.5055040763","마을버스"
"20842","119900146","예스플러스","126.9224942472","37.5039638554","마을버스"
"20843","119900145","KT동작전화국","126.9345611292","37.5123694199","마을버스"
"20844","119900144","노량진역5번출구","126.940088794","37.5130148375","마을버스"
"20845","119900143","숭실대후문","126.9611601225","37.4950484626","마을버스"
"20846","119900142","건영아파트","126.9476598101","37.5073665272","마을버스"
"20847","119900141","장승배기역4번출구","126.9375688275","37.5044197304","마을버스"
"20848","119900140","테니스장앞","126.9593670537","37.4981116101","마을버스"
"20850","119900139","숭의여중고교.공군항공안전단","126.9296959851","37.5073826349","마을버스"
"20851","119900138","동작구청.장승배기역5번출구","126.938975342","37.5050962917","마을버스"
"20854","119900136","명창빌딩","126.936506677","37.504496659","마을버스"
"20855","119900135","더크는킨더어린이집","126.9406660106","37.4997752435","마을버스"
"20856","119900134","본동시장","126.9519737943","37.5122399144","마을버스"
"20857","119900133","성원아파트","126.925418897","37.508821774","마을버스"
"20858","119900132","상도4동성문교회.상도어울마당","126.9399946942","37.4991450337","마을버스"
"20859","119900131","극동아파트","126.9512098387","37.511110522","마을버스"
"20861","119900267","대방동주민센터","126.9261640144","37.5083866972","마을버스"
"20862","119900130","쌍용아파트","126.93298603","37.5015039566","마을버스"
"20864","119900129","삼성래미안아파트","126.9510847768","37.5103454356","마을버스"
"20865","119900128","대림아파트후문.성남중.고교","126.9249920186","37.5058658913","마을버스"
"20866","119900127","성대시장","126.9322988293","37.5000808511","마을버스"
"20867","119900126","노량진역","126.9432478962","37.5135038929","마을버스"
"20868","119900125","강현중학교.동작청소년센터","126.9345122587","37.5030004211","마을버스"
"20869","119900124","한신아파트","126.95125889","37.5087397453","마을버스"
"20870","119900123","대방교회","126.9230394173","37.5039714206","마을버스"
"20871","119900122","김한욱치과의원.대륙서점","126.9333826454","37.4989754823","마을버스"
"20872","119900121","건영아파트후문","126.9515026905","37.5078063047","마을버스"
"20873","119900268","대방동주택가.홈타운아파트","126.9241422416","37.5039451009","마을버스"
"20874","119900120","강남교회.오거리","126.9447876219","37.5102462423","마을버스"
"20875","119900245","상도은빛어르신복지관.터널경로당","126.950953788","37.5065409316","마을버스"
"20876","119900119","강남중학교앞","126.924153","37.502975","마을버스"
"20877","119900118","사거리","126.9367943174","37.496036362","마을버스"
"20878","119900117","우성아파트","126.946766","37.508537","마을버스"
"20880","119900116","범한택시","126.9240183662","37.500061271","마을버스"
"20881","119900115","제일성민교회","126.9371965528","37.4954606322","마을버스"
"20882","119900114","신동아리버파크","126.9477107912","37.5066765081","마을버스"
"20883","119900113","안일약국","126.934555783","37.4977616565","마을버스"
"20884","119900112","상도역2번출구","126.9470766344","37.5029069167","마을버스"
"20885","119900298","달마사","126.9606900215","37.4995357728","마을버스"
"20886","119900111","동작하이슈퍼","126.9365045428","37.4950179926","마을버스"
"20887","119900110","상도노빌리티","126.9466416761","37.5053838502","마을버스"
"20888","119900109","밤골.상도역롯데캐슬파크엘","126.9459219623","37.5019552075","마을버스"
"20890","119900108","상도역5번출구","126.9489458159","37.5035799614","마을버스"
"20891","119900107","약수맨션.약수당약국","126.9435185194","37.4982526063","마을버스"
"20892","119900106","현진빌라.고마트","126.9430023671","37.4972109542","마을버스"
"20893","119900105","중앙대후문","126.954026","37.505124","마을버스"
"20894","119900104","건영아파트","126.9476344677","37.5074478171","마을버스"
"20896","119900255","중앙대중문","126.9573559193","37.5064893501","마을버스"
"20897","119900103","신동아상가","126.9460741526","37.50813015","마을버스"
"20898","119900101","중앙대정문","126.958223341","37.5067437707","마을버스"
"20899","119900102","신동아관리사무소.영어마루도서관","126.9445445828","37.5084979923","마을버스"
"20901","119900100","중앙대병원","126.9613764833","37.5075405164","마을버스"
"20902","119900099","신동아아파트701동앞","126.9429719204","37.5075024276","마을버스"
"20903","119900098","보라매어린이집.문창중학교","126.9231862171","37.4977191463","마을버스"
"20904","119900097","중앙대병원후문.흑석시장","126.9612695829","37.5064627639","마을버스"
"20906","119900096","새소망교회","126.9415658051","37.5062095609","마을버스"
"20907","119900095","동작우체국","126.9245070504","37.4977295307","마을버스"
"20908","119900094","중앙대부속초등학교.롯데캐슬에듀포레","126.9607856633","37.5049212013","마을버스"
"20909","119900093","신대방삼거리역.성대시장","126.9279311823","37.4982254734","마을버스"
"20910","119900092","은로초등학교","126.9607814881","37.5032573835","마을버스"
"20911","118900115","신대방1동경남아파트","126.9075610052","37.489931954","마을버스"
"20912","119900091","흑석한강센트레빌2차.흑석자이","126.9603298144","37.5022199637","마을버스"
"20913","119900090","부강탕","126.9459783256","37.5045473263","마을버스"
"20914","119900089","유앤미아파트","126.9601325904","37.5009247014","마을버스"
"20915","119900088","동원베네스트","126.9447645304","37.5032059252","마을버스"
"20916","119900087","보라매병원.전문건설회관","126.923833","37.492988","마을버스"
"20917","119900086","동양아파트.달마사","126.9598585367","37.4995634362","마을버스"
"20918","119900085","밤골.상도역롯데캐슬파크엘","126.9455074093","37.5019654526","마을버스"
"20921","119900242","신대방역","126.9130146621","37.4874991805","마을버스"
"20922","119900241","빌라삼거리.영도교회.약수터","126.9436054409","37.4953540701","마을버스"
"20923","119900271","신대방1동주민센터","126.9097457115","37.4872123087","마을버스"
"20924","119900240","방범초소","126.9435828924","37.4944263836","마을버스"
"20925","119900327","신대방현대아파트","126.9116914272","37.4951584458","마을버스"
"20926","119900238","국사봉중학교","126.9435729947","37.4933842425","마을버스"
"20927","119900237","신대방우성아파트앞","126.9103818246","37.4933430025","마을버스"
"20928","119900236","교수아파트","126.913422836","37.496296383","마을버스"
"20929","119900235","보라매공원역2번출구","126.9177800417","37.4960713855","마을버스"
"20930","119900234","보라매공원정문","126.9182419159","37.4947672843","마을버스"
"20931","119900233","삼일초등학교앞","126.9756632895","37.4881057301","마을버스"
"20932","119900232","상도초등학교","126.9360217143","37.5028527874","마을버스"
"20933","119900231","신동아상가","126.9514070573","37.5087596306","마을버스"
"20934","119900230","현대아파트","126.9319173232","37.5123455625","마을버스"
"20935","119900297","서달산약수터","126.9620217296","37.4998489184","마을버스"
"20936","120000435","신대방역","126.9130382377","37.4866047302","일반차로"
"20937","120000427","신대방역","126.9129713295","37.486768682","일반차로"
"20938","119900229","장성교회","126.9399010423","37.50743942","마을버스"
"20939","119900228","숭의여중고교.공군항공안전단","126.9301467298","37.5079992556","마을버스"
"20940","119900269","대방동주공아파트","126.9288799898","37.5090527881","마을버스"
"20941","119900227","노량진신한은행","126.9441708438","37.5121553851","마을버스"
"20942","119900226","노량진한국법학교육원","126.9443313266","37.512353703","마을버스"
"20943","119900225","7호선신대방삼거리역2번출구.국민은행","126.9285171719","37.4988284774","마을버스"
"20944","119900224","하손초장교회","126.9300251189","37.4977131036","마을버스"
"20945","119900223","백경세탁소","126.9307149228","37.4965907359","마을버스"
"20946","119900222","빙수골공영주차장","126.9320110465","37.4952993071","마을버스"
"20947","119900221","선재유통","126.9327547444","37.4945545203","마을버스"
"20948","119900220","영은교회","126.9339921386","37.494379503","마을버스"
"20949","119900219","갑을명가아파트","126.9344802493","37.4936012213","마을버스"
"20950","119900218","당곡중.고등학교","126.9355630875","37.4929175466","마을버스"
"20951","119900217","사자암","126.936414","37.493762","마을버스"
"20952","119900216","동작하이슈퍼","126.9367296655","37.4949180583","마을버스"
"20953","119900215","제일성민교회","126.9374010926","37.495337429","마을버스"
"20954","119900214","보문사","126.938645622","37.4961202394","마을버스"
"20955","119900213","동아아파트","126.9401630759","37.4964310253","마을버스"
"20956","119900212","행복유치원","126.9412493715","37.4957521106","마을버스"
"20959","119900209","사당1동주민센터입구","126.9787425623","37.484087397","마을버스"
"20960","119900208","노들역5번출구앞","126.9525311749","37.5125403512","마을버스"
"20966","119900296","청호아파트","126.9637881997","37.5007517363","마을버스"
"20967","119900295","푸르지오후문","126.9643336036","37.5015927889","마을버스"
"20968","119900294","푸르지오상가","126.9650367495","37.5034197881","마을버스"
"20969","119900293","흑석한강푸르지오","126.9653558384","37.5042938575","마을버스"
"20970","119900292","흑석동주민센터","126.9664605238","37.5058669213","마을버스"
"20971","119900299","대방중학교","126.9144839499","37.4954921867","마을버스"
"20972","119900291","상도감리교회.보건소","126.9413118652","37.5054948614","마을버스"
"20973","119900300","수도여고.남부수도사업소","126.9152513015","37.4935547507","마을버스"
"20974","119900301","동작구민체육센터.기상청","126.9172420906","37.4942400994","마을버스"
"20975","119900302","동작구민체육센터.기상청","126.9171796976","37.4944139686","마을버스"
"20976","119900303","수도여고.남부수도사업소","126.9148815723","37.4938774194","마을버스"
"20977","119900304","대방중학교","126.9145761544","37.495531285","마을버스"
"20978","119900305","정금마을","126.9811660051","37.4939326631","마을버스"
"20979","119900290","경동아파트","126.9537175431","37.5094841427","마을버스"
"20980","119900289","동양중학교","126.9548036777","37.5091142107","마을버스"
"20981","119900288","극락정사","126.9518056786","37.5080479239","마을버스"
"20983","119900286","흑석역","126.9623026038","37.5092011475","마을버스"
"20984","119900285","중앙대병원","126.9603641787","37.5074356533","마을버스"
"20985","119900284","상도역1번출구","126.9478369293","37.5025855614","마을버스"
"20986","119900281","봉천고개.관악현대아파트","126.956601184","37.4913451421","마을버스"
"20988","119900282","상도3동주민센터","126.9298933823","37.4995035166","마을버스"
"20989","119900283","양녕청년주택","126.936166566","37.4966794533","마을버스"
"20990","119900280","두산위브아파트","126.9708754546","37.484877791","마을버스"
"20992","119900278","보라매역.동작세무서","126.9201906523","37.4992308508","마을버스"
"20994","119000321","노량진수산시장","126.940809","37.51575","일반차로"
"20995","119900279","보라매역.동작세무서","126.920229403","37.4979925451","마을버스"
"20997","119900275","신남성초교입구","126.9645405795","37.4877091329","마을버스"
"20998","119900276","삼호.오네뜨아파트","126.9653451099","37.4866037163","마을버스"
"20999","119900277","사당5동주민센터","126.9674932038","37.4850737353","마을버스"
"21001","120000001","구로디지털단지역","126.9024471276","37.4839345974","중앙차로"
"21002","120000674","구로디지털단지역","126.9024669147","37.4839770128","중앙차로"
"21027","120000672","사당자동차학원","126.983217","37.471427","중앙차로"
"21028","121001314","사당역","126.9817223705","37.4748233089","중앙차로"
"21101","120000002","서울미술고.인헌중고","126.9655544411","37.4764663412","일반차로"
"21102","120000003","낙성대입구","126.9618756708","37.4779096847","일반차로"
"21103","120000004","행운동주민센터","126.9568690307","37.4798444396","일반차로"
"21104","120000005","서울대입구역5번출구","126.951014176","37.4816281486","가로변시간"
"21105","120000006","KT관악지점","126.9471913134","37.4820390166","가로변전일"
"21106","120000007","봉천역.관악초등학교","126.9431518504","37.4824403435","가로변전일"
"21107","120000008","KT&G관악지점","126.9373129096","37.4844754738","가로변시간"
"21108","120000009","신림사거리.신림역","126.9278542438","37.4841492836","일반차로"
"21109","120000010","남부초등학교","126.922044754","37.4834020208","가로변시간"
"21110","120000011","호림박물관","126.9183765847","37.4827231582","가로변시간"
"21111","120000012","난곡입구","126.915722964","37.4822370031","가로변시간"
"21112","120000013","관악구보훈회관.신림푸르지오","126.9112396639","37.481361666","가로변시간"
"21113","120000014","천주교성령봉사회관.등불교회","126.9079578883","37.4807554146","가로변시간"
"21114","120000015","KT구로지사","126.9049986272","37.4802646679","가로변시간"
"21115","120000016","난곡입구","126.9161388018","37.4819399662","가로변전일"
"21116","120000017","남서울중학교.성보중고등학교","126.9210108639","37.4828195546","가로변전일"
"21117","120000018","신림사거리.신림역","126.9280626243","37.483817804","일반차로"
"21118","120000019","KT&G관악지점","126.936125","37.484533","일반차로"
"21119","120000020","봉천역.관악초등학교","126.9431153969","37.4820551447","가로변시간"
"21120","120000021","KT관악지점","126.9484610699","37.4814828857","가로변시간"
"21121","120000022","서울대입구역1번출구.샤로수길","126.9545837877","37.4803684653","가로변시간"
"21122","120000023","낙성대동","126.9573911237","37.4792747849","가로변시간"
"21123","120000024","낙성대입구","126.9608874889","37.4778444821","가로변시간"
"21124","120000025","인헌중고.서울미술고","126.9666239506","37.4756534429","일반차로"
"21125","120000026","예술인마을.사당초등학교","126.9738846758","37.4759368363","일반차로"
"21126","120000027","남서울농협남현동지점","126.9773008972","37.476370961","일반차로"
"21127","120000028","서울대학교","126.9479522861","37.4667414611","일반차로"
"21128","120000029","서울대학교","126.9488427043","37.4668539107","일반차로"
"21129","120000030","서울여상.서울문영여중고앞","126.9533001437","37.4731604796","일반차로"
"21130","120000031","관악구청","126.9524977507","37.4779819797","일반차로"
"21131","120000032","봉천사거리.봉천중앙시장","126.9542258337","37.4828873794","가로변전일"
"21132","120000033","봉원중학교.행운동우성아파트","126.9559128703","37.4849010896","가로변시간"
"21133","120000034","관악푸르지오아파트","126.9581660971","37.4877034434","일반차로"
"21136","120000035","성현동동아아파트","126.957732596","37.488401645","일반차로"
"21137","120000036","봉원중학교.행운동우성아파트","126.955335791","37.4848580279","가로변시간"
"21138","120000037","봉천사거리.봉천중앙시장","126.9538387042","37.4831545464","일반차로"
"21139","120000038","관악구청","126.9521875661","37.4793471271","일반차로"
"21140","120000039","관악경찰서.관악소방서","126.952572","37.475253","일반차로"
"21141","120000040","서울여상.서울문영여중고앞","126.952845","37.473002","일반차로"
"21142","120000041","신림중.삼성고.관악아트홀?도서관","126.944412","37.470352","일반차로"
"21143","120000042","서울산업정보학교.삼성교","126.941124806","37.4710142867","일반차로"
"21144","120000043","신성초등학교","126.9374233711","37.4710779706","일반차로"
"21145","120000044","서울대벤처타운역1번출구","126.933686278","37.473206969","일반차로"
"21146","120000045","쑥고개입구","126.9374950813","37.4761917072","일반차로"
"21147","120000046","서원역1번출구.신관중학교","126.9323856945","37.4786498144","일반차로"
"21148","120000047","신림사거리","126.9300715056","37.4819257882","일반차로"
"21149","120000048","신림동별빛거리입구","126.9296319572","37.4858478867","일반차로"
"21150","120000049","당곡역.보라매공원.보라매병원","126.9276205633","37.4904418111","일반차로"
"21151","120000050","당곡역2번출구.롯데백화점관악점","126.9274852912","37.4900092446","일반차로"
"21152","120000051","신림동별빛거리입구","126.929060426","37.4864151799","일반차로"
"21153","120000052","신림사거리","126.9296377666","37.482767098","일반차로"
"21154","120000053","서원역","126.9327230039","37.4779185578","일반차로"
"21155","120000054","서림동주민센터.신화단지","126.9363417324","37.4755291616","일반차로"
"21156","120000055","서울대벤처타운역.삼성동시장","126.9329597367","37.4727127526","일반차로"
"21157","120000056","대학동고시촌입구","126.938381","37.470538","일반차로"
"21158","120000057","서울산업정보학교.삼성교","126.9420276971","37.470573816","일반차로"
"21159","120000058","관악산입구.관악아트홀?중앙도서관","126.9468707158","37.4677578665","일반차로"
"21160","119000303","당곡역.당곡사거리.롯데백화점","126.9270746638","37.4910041432","일반차로"
"21161","120000059","사당역4번출구","126.9813590372","37.4755408508","가로변시간"
"21162","120000060","남현동홈플러스앞","126.98253","37.472373","일반차로"
"21163","120000061","남태령역","126.987784","37.46557","일반차로"
"21164","120000062","낙성대입구","126.9579938257","37.4782931407","일반차로"
"21165","120000063","삼성동주민센터","126.9330211856","37.4700056074","일반차로"
"21166","120000064","미림고개","126.9319828921","37.4681128919","일반차로"
"21167","120000065","미림여고.미림마이스터고등학교","126.931333","37.465641","일반차로"
"21168","120000066","신우초등학교","126.93169","37.462487","일반차로"
"21169","120000067","삼성산성지","126.929865","37.458825","일반차로"
"21170","120000068","산장아파트","126.927725","37.459955","일반차로"
"21171","120000069","삼성산주공아파트","126.925109","37.461345","일반차로"
"21172","120000070","산복터널.관악산휴먼시아2단지","126.922015","37.458697","일반차로"
"21173","120000071","산복터널.관악산휴먼시아2단지","126.9225758449","37.4590812203","일반차로"
"21174","120000072","삼성산주공아파트","126.9250910137","37.4611062672","일반차로"
"21175","120000073","산장아파트","126.9275003475","37.4597961436","일반차로"
"21176","120000074","삼성산성지","126.9298863649","37.4586127523","일반차로"
"21177","120000075","신우초등학교","126.9319560545","37.4624107186","일반차로"
"21178","120000076","미림여고.미림마이스터고등학교","126.9316212418","37.4651129483","일반차로"
"21179","120000077","미림고개.고시촌입구","126.9320992763","37.4677922169","일반차로"
"21180","120000078","서울대벤처타운역","126.9335914518","37.4706929498","일반차로"
"21181","120000079","쑥고개","126.9403975075","37.478535389","일반차로"
"21182","120000080","e편한세상서울대입구아파트","126.9428290096","37.4795321814","일반차로"
"21183","120000081","영락고교.영락의료과학고","126.9456223075","37.4792126295","일반차로"
"21184","120000082","생모리츠타운","126.947758707","37.479050171","일반차로"
"21185","120000083","관악구청","126.9507973533","37.4787271125","일반차로"
"21186","120000084","생모리츠타운","126.9476681239","37.4792461009","일반차로"
"21187","120000085","영락고교.영락의료과학고","126.9456413962","37.4793964639","일반차로"
"21188","120000086","e편한세상서울대입구아파트","126.9429334382","37.4797304539","일반차로"
"21189","120000087","쑥고개","126.94012124","37.4786269166","일반차로"
"21190","120000088","은천교","126.9358192432","37.4862741791","일반차로"
"21191","120000089","봉일시장","126.9387053001","37.4861847891","일반차로"
"21192","120000090","은천초등학교","126.9424344854","37.486084336","일반차로"
"21193","120000091","두산.벽산아파트.서울관광고등학교","126.945256088","37.4867862492","일반차로"
"21194","120000092","현대시장앞","126.947932","37.486735","일반차로"
"21195","120000093","관악동부센트레빌아파트앞","126.951997229","37.4862395065","일반차로"
"21196","120000094","중앙동성당앞","126.9546624721","37.4858038301","일반차로"
"21197","120000095","중앙동성당앞","126.9551938213","37.4859234164","일반차로"
"21198","120000096","관악동부센트레빌아파트앞","126.95130163","37.4864744102","일반차로"
"21200","120000098","벽산.두산아파트.서울관광고등학교","126.9451745389","37.4869646301","일반차로"
"21201","120000099","은천초등학교","126.942448318","37.4863200172","일반차로"
"21202","120000100","봉일시장","126.9389872733","37.4862623399","일반차로"
"21203","120000101","은천교","126.9355505303","37.4864887267","일반차로"
"21204","120000102","신림청소년독서실.신림체육센터","126.914797","37.480922","일반차로"
"21205","120000103","난곡우체국사거리","126.915601446","37.4771890136","일반차로"
"21206","120000104","신일교회앞.도깨비시장","126.9167650134","37.4754531432","일반차로"
"21207","120000105","세이브마트앞","126.918037","37.47385703","일반차로"
"21208","120000106","남강중고등학교입구","126.9195218742","37.4722574159","일반차로"
"21209","120000107","우림시장.난곡보건분소","126.9200007204","37.4705471261","일반차로"
"21210","120000108","난우중학교입구","126.92054078","37.4666919669","일반차로"
"21211","120000109","신림복지관앞","126.9196773902","37.4652824875","일반차로"
"21212","120000110","신림복지관앞","126.919495","37.465357","일반차로"
"21213","120000111","난우중학교입구","126.920348","37.467392","일반차로"
"21214","120000112","우림시장.난곡보건분소","126.9197417798","37.470667112","일반차로"
"21215","120000113","남강중고등학교입구","126.9191422392","37.4725557947","일반차로"
"21216","120000114","세이브마트앞","126.9174336686","37.4739579362","일반차로"
"21217","120000115","신일교회앞.도깨비시장","126.916574","37.475399","일반차로"
"21218","120000116","난곡우체국사거리","126.9154305767","37.4769808612","일반차로"
"21219","120000117","신림청소년독서실.신림체육센터","126.9146624536","37.480315301","일반차로"
"21220","120000118","KT구로지사","126.90539986","37.4812745555","일반차로"
"21221","120000119","골목시장앞","126.9053800168","37.4815094057","일반차로"
"21222","120000120","조원동주민센터","126.9074141948","37.4834358832","일반차로"
"21223","120000121","조원동주민센터","126.9070563124","37.483184422","일반차로"
"21224","120000122","신대방역","126.9130032118","37.4865794735","일반차로"
"21225","120000123","신대방역","126.9126962022","37.4866700184","일반차로"
"21226","120000124","보라매공원입구","126.9174897386","37.4891229048","일반차로"
"21227","120000125","보라매공원입구","126.9178010867","37.489435269","일반차로"
"21228","120000126","보라매파크뷰아파트","126.9220386039","37.4896486343","일반차로"
"21229","120000127","롯데관악점","126.9251647188","37.4897262326","일반차로"
"21230","120000128","롯데관악점","126.9257070748","37.4901297758","일반차로"
"21231","120000129","당곡역","126.9270622168","37.4892995107","일반차로"
"21232","120000130","당곡중학교","126.9305421031","37.488084986","일반차로"
"21233","120000131","당곡중학교","126.9319168564","37.487948574","일반차로"
"21236","120000134","봉현초등학교","126.9554672808","37.4907157496","일반차로"
"21237","120000135","동아아파트105동앞","126.955414395","37.49052765","일반차로"
"21239","120000137","관악드림타운115동","126.9527938777","37.490522127","일반차로"
"21240","120000138","관악드림타운115동","126.9530108571","37.490144527","일반차로"
"21241","120000139","관악드림타운북문","126.951276815","37.491600782","일반차로"
"21242","120000140","관악드림타운북문","126.9510801201","37.4915440732","일반차로"
"21243","120000141","구암중학교","126.9483401995","37.4924641868","일반차로"
"21244","120000142","구암중학교","126.9484647078","37.4922862923","일반차로"
"21245","120000143","벽산아파트.적십자남부봉사관","126.946532","37.492953","일반차로"
"21246","120000144","벽산아파트.적십자남부봉사관","126.9461601934","37.4930533731","일반차로"
"21247","120000145","벽산블루밍벽산아파트303동앞","126.944368715","37.4919397992","일반차로"
"21248","120000146","구로디지털단지역","126.9026875907","37.4838240234","일반차로"
"21251","120000149","현대시장","126.947836543","37.4868811315","일반차로"
"21252","120000150","서울대입구역2번출구","126.9527297656","37.4801109505","일반차로"
"21253","120000151","신봉초등학교입구","126.9468251624","37.4841900104","일반차로"
"21254","120000152","구암초등학교","126.9461216984","37.4891880904","일반차로"
"21255","120000153","은천동벽산블루밍아파트105동","126.9458637343","37.4893681933","일반차로"
"21256","120000154","은천동두산아파트3단지","126.9465536842","37.484358827","일반차로"
"21257","120000155","봉일시장","126.9372434322","37.4850728694","일반차로"
"21258","120000156","봉천역","126.942119674","37.4832362109","일반차로"
"21259","120000157","현대시장","126.9465909455","37.4876789537","일반차로"
"21260","120000158","현대시장","126.9465203946","37.4874402599","일반차로"
"21261","120000159","관악우체국.에이치플러스양지병원","126.933156959","37.4848480554","가로변전일"
"21262","120000160","관악우체국.에이치플러스양지병원","126.9331482652","37.4844524654","가로변시간"
"21263","120000161","보라매삼성아파트.모자원고개","126.9273975559","37.4945144044","일반차로"
"21264","120000162","조원힐스테이트뉴포레아파트","126.9061605387","37.4835747238","일반차로"
"21265","120000163","관악산휴먼시아.신림푸르지오2차","126.919522697","37.460381143","일반차로"
"21266","120000164","관악산휴먼시아아파트1단지입구","126.9219633037","37.4609276261","일반차로"
"21267","120000165","관악산휴먼시아아파트1단지입구","126.9216300665","37.4609929949","일반차로"
"21268","120000166","난향동주민센터","126.919167","37.461001","일반차로"
"21269","120000167","서울대정문","126.9483888926","37.4657347092","일반차로"
"21270","120000168","법대.사회대입구","126.948992","37.462798","일반차로"
"21271","120000169","자연대.행정관입구","126.9488328413","37.4602745925","일반차로"
"21272","120000170","농생대","126.9491669695","37.4571629782","일반차로"
"21273","120000171","공대입구","126.9498437849","37.4549310083","일반차로"
"21274","120000172","신소재","126.9502261839","37.4534963067","일반차로"
"21275","120000173","제2공학관","126.9520772668","37.4487952024","일반차로"
"21276","120000174","유회진학술정보관.제1공학관","126.952595","37.451283","일반차로"
"21277","120000175","유전공학연구소.반도체공동연구소","126.9539020813","37.4540103657","일반차로"
"21278","120000176","교수회관입구","126.9553487986","37.4560708573","일반차로"
"21279","120000177","관악사삼거리","126.9567262582","37.4607880575","일반차로"
"21280","120000178","국제대학원","126.955263","37.46418","일반차로"
"21281","120000179","수의대입구.보건대학원앞","126.954632","37.466119","일반차로"
"21282","120000180","경영대.행정대학원","126.952053","37.466135","일반차로"
"21283","120000181","경영대.행정대학원","126.951012","37.465863","일반차로"
"21284","120000182","수의대입구.보건대학원앞","126.954672","37.465773","일반차로"
"21285","120000183","국제대학원","126.954927","37.46371","일반차로"
"21286","120000184","관악사삼거리","126.95666","37.460528","일반차로"
"21288","120000186","공동기기원","126.9544665701","37.4551189492","일반차로"
"21289","120000187","유전공학연구소.반도체공동연구소","126.9535516289","37.4537476916","일반차로"
"21290","120000188","에너지자원신기술연구소","126.9522141729","37.4535952522","일반차로"
"21292","120000190","공대입구","126.949896448","37.4553640041","일반차로"
"21293","120000191","농생대","126.9493877458","37.4571128404","일반차로"
"21294","120000192","자연대.행정관입구","126.9489559518","37.4599898135","일반차로"
"21297","120000195","문화관입구","126.9494503629","37.4614868493","일반차로"
"21298","120000196","법대.사회대입구","126.949075","37.46326","일반차로"
"21299","120000197","서울대정문","126.9486357857","37.4653754725","일반차로"
"21300","120000198","우방아파트","126.919247","37.489233","일반차로"
"21301","120000199","은천성결교회","126.9214262581","37.4883272437","일반차로"
"21302","120000200","남부초교후문","126.9226406129","37.4867197461","일반차로"
"21303","120000201","봉림교","126.9245166934","37.4847770708","일반차로"
"21304","120000202","봉림교","126.9246318378","37.4849717829","일반차로"
"21305","120000203","남부초교후문","126.9222366697","37.4864491785","일반차로"
"21309","120000207","청담고시원","126.9399508583","37.4716612193","일반차로"
"21310","120000208","우리슈퍼","126.9393706575","37.4722845735","일반차로"
"21311","120000209","명호고시원","126.938860909","37.4733194431","일반차로"
"21312","120000210","동작마트","126.938356196","37.4742815521","일반차로"
"21313","120000211","제일성도교회","126.9404392562","37.4748334585","일반차로"
"21314","120000212","삼양슈퍼","126.9420665874","37.4751039806","일반차로"
"21315","120000213","금성마트용천사","126.942807788","37.4750292676","일반차로"
"21316","120000214","삼양슈퍼","126.9421136493","37.4749343135","일반차로"
"21317","120000215","제일성도교회","126.9404789678","37.4746577628","일반차로"
"21318","120000216","동작마트","126.9380334582","37.4749391205","일반차로"
"21319","120000217","고시촌입구","126.9376643153","37.4705489387","일반차로"
"21320","120000218","대학동치안센터","126.9376455022","37.4690418042","일반차로"
"21322","120000220","금호타운아파트","126.9376595486","37.4657396064","일반차로"
"21327","120000225","금호타운아파트","126.9378291297","37.4657104128","일반차로"
"21328","120000226","대학동노인정","126.9376868773","37.4671591135","일반차로"
"21329","120000227","대학동치안센터","126.9377735833","37.4689379452","일반차로"
"21330","120000228","서울대입구역3번출구","126.9524440164","37.4807005941","일반차로"
"21332","120000230","청림동현대아파트","126.957561","37.491334","일반차로"
"21333","120000231","청림동현대아파트","126.959384","37.491948","일반차로"
"21335","120000233","보성운수기종점","126.9190213265","37.4641267565","일반차로"
"21337","120000235","난곡공영차고지","126.918963","37.463938","일반차로"
"21340","120000238","제2공학관","126.9521425546","37.4480848677","일반차로"
"21341","110000654","건설환경종합연구소앞","126.9496963827","37.4472002497","일반차로"
"21342","120000420","봉일시장","126.9372877479","37.4855325313","일반차로"
"21343","120000419","보라매공영주차장","126.9342323482","37.4887044852","일반차로"
"21344","120000417","당곡중고교","126.9340425015","37.4911229426","일반차로"
"21345","120000415","연희빌라","126.9338080186","37.4925826472","일반차로"
"21346","120000413","재넘이고개","126.9353672862","37.4928281646","일반차로"
"21347","120000414","연희빌라","126.9337389141","37.4925289803","일반차로"
"21348","120000416","당곡중고교","126.9339322377","37.4911375856","일반차로"
"21349","120000418","보라매공영주차장","126.9341339458","37.4887260569","일반차로"
"21350","120000421","신림사거리.신림역","126.9282759755","37.4841991011","일반차로"
"21351","120000424","신사동주민센터.신사시장","126.917282","37.485534","일반차로"
"21352","120000423","건영유치원","126.9145919609","37.4850495896","일반차로"
"21353","120000422","신대방역","126.9136841115","37.4864484117","일반차로"
"21354","120900115","난곡사거리","126.914462","37.483037","일반차로"
"21355","120900204","난곡사거리","126.9142384082","37.4827675299","일반차로"
"21356","120000438","신대방역","126.9134840538","37.4863653637","일반차로"
"21357","120000437","신사시장.평화교회","126.9138803062","37.4844679227","일반차로"
"21358","120000436","신사시장.선한이웃교회","126.9140379945","37.4845275146","일반차로"
"21359","120000439","신림청소년독서실.신림체육센터","126.9148713746","37.4804433853","일반차로"
"21360","120000446","신사동진양빌딩앞","126.9146115645","37.4876940621","일반차로"
"21361","120000445","호림박물관","126.918618871","37.4823672056","일반차로"
"21363","120000447","보성운수차고지맞은편","126.9192632133","37.4646708176","일반차로"
"21364","120000451","조원아파트","126.90782","37.484088","일반차로"
"21365","120000450","성원홈아파트","126.9344142103","37.4902310566","일반차로"
"21366","120000449","성원홈아파트","126.9343000164","37.4902039601","일반차로"
"21367","120000455","신림빗물펌프장","126.9084","37.484979","일반차로"
"21368","120000456","봉천사거리.위버폴리스","126.9535723145","37.4827934095","일반차로"
"21369","120000457","서원동승리교앞","126.9299073023","37.4815862804","일반차로"
"21370","120000458","서울난향초등학교.난향동주민센터","126.9188888522","37.4627367836","일반차로"
"21371","120000459","은천길입구","126.9336112524","37.4866475818","일반차로"
"21372","120000664","대학동샘말공원","126.9383464994","37.4651382749","일반차로"
"21373","120000665","서울대학교.치과병원.동물병원","126.9520815656","37.4692744185","일반차로"
"21374","120000668","서울대학교.치과병원.동물병원","126.951937","37.470034","일반차로"
"21375","120000669","신림2교","126.93678","37.477526","일반차로"
"21376","120000670","서울대학교","126.9496319032","37.4676609636","일반차로"
"21377","119000314","신림역2번출구","126.929897162","37.4833220413","일반차로"
"21378","119000315","벽산블루밍아파트종점","126.944636","37.492105","일반차로"
"21379","120000673","청림동현대아파트입구","126.957413445","37.4910748741","일반차로"
"21501","120900083","아카시아마을.민방위교육장","126.9110629666","37.4720765376","마을버스"
"21502","120900082","난향동공영차고지","126.9189072689","37.4634784081","마을버스"
"21503","120900081","청림동푸르지오아파트121동앞","126.9606640782","37.4855867055","마을버스"
"21504","120900066","보명사.법화사","126.9248318555","37.4760734942","마을버스"
"21505","120900080","현대아파트후문","126.9304689235","37.4752551368","마을버스"
"21506","120900079","GS편의점.소망유통","126.9686576958","37.4693187251","마을버스"
"21507","120900078","국사봉","126.941744","37.491065","마을버스"
"21508","120900077","봉천역","126.9409009883","37.4835902775","마을버스"
"21509","120900076","뉴서울아파트","126.9111256421","37.4714170168","마을버스"
"21511","120900074","푸르지오122동","126.9596641783","37.4860981959","마을버스"
"21512","120900065","승산밝은빛교회.구무림비디오","126.9242273045","37.4757279844","마을버스"
"21513","120900073","코사마트","126.9302023262","37.4762191632","마을버스"
"21514","120900072","인수당약국","126.9681361509","37.4701674287","마을버스"
"21515","120900071","벽산아파트후문.만물슈퍼","126.9418503621","37.4907882284","마을버스"
"21517","120900175","신협","126.9465737839","37.4831950485","마을버스"
"21518","120900068","쌍용아파트후문","126.9117541837","37.4726771928","마을버스"
"21520","120900067","관악로입구","126.9580220655","37.4864265271","마을버스"
"21521","120900064","한마음슈퍼","126.9234984545","37.4753175115","마을버스"
"21522","120900069","미성빌라","126.9302987658","37.4770770731","마을버스"
"21523","120900063","우리현대마트","126.9675399492","37.4710782857","마을버스"
"21524","120900062","우리슈퍼","126.9421119066","37.4903837611","마을버스"
"21526","120900061","두산아파트입구","126.9468248253","37.4847729966","마을버스"
"21527","120900060","벽산아파트501동.적십자센터","126.9465804386","37.4929053524","마을버스"
"21528","120900059","신라놀이터","126.9125494627","37.4732481844","마을버스"
"21531","120900058","충남슈퍼.생각대로통신","126.9227888212","37.4749187609","마을버스"
"21532","120900057","혜성세탁소","126.9303876606","37.4776960894","마을버스"
"21533","120900056","동인약국.인헌중고입구","126.9669821806","37.4719720293","마을버스"
"21534","120900055","수정슈퍼","126.9421010465","37.4898025437","마을버스"
"21536","120900054","현대시장","126.9469475848","37.4870735721","마을버스"
"21537","120900053","벽산아파트","126.9438938598","37.4922931588","마을버스"
"21538","120900052","두영아파트","126.9137749689","37.474298874","마을버스"
"21539","120900051","삼성산주공정문","126.914873","37.480443","마을버스"
"21540","120900050","서울대입구역2호선","126.9538359816","37.4824664116","마을버스"
"21541","120900049","제일교회입구","126.9220871034","37.4745263191","마을버스"
"21542","120900048","GS편의점","126.9307709276","37.4785696861","마을버스"
"21543","120900047","오리사랑","126.9668389441","37.4737417629","마을버스"
"21544","120900046","서울관광고등학교","126.9418663911","37.4890752374","마을버스"
"21545","120900045","구암초등학교정문","126.9464345431","37.4881663803","마을버스"
"21546","120900044","현대홈타운아파트","126.963367","37.47934","마을버스"
"21547","120900043","미성중학교","126.9131844409","37.4755708036","마을버스"
"21548","120900042","삼성산주공307동앞","126.9273354547","37.4617159167","마을버스"
"21549","120900041","관악프라자","126.954733128","37.4835760192","마을버스"
"21550","120900040","남강중고등학교입구","126.9213944256","37.4741455935","마을버스"
"21551","120900039","동산교회","126.9298664772","37.4790806784","마을버스"
"21552","120900038","인헌연세약국","126.9667445158","37.4750663629","마을버스"
"21553","120900037","산성교회","126.9415478054","37.4886722866","마을버스"
"21555","120900035","관악센트씨엘정문","126.9460928644","37.4899711367","마을버스"
"21556","120900034","낙성대역","126.9624207194","37.4777900122","마을버스"
"21557","120900033","라이프아파트","126.9136959114","37.4771733447","마을버스"
"21558","120900032","2단지종합상가","126.9263183097","37.4635774095","마을버스"
"21560","120900031","애동유치원","126.9202354038","37.4742691695","마을버스"
"21561","120900030","서강약국","126.9281244578","37.4794709098","마을버스"
"21562","120900029","인헌시장입구","126.9657720013","37.47542833","마을버스"
"21563","120900028","경천교회","126.9404796696","37.4880274638","마을버스"
"21564","120900027","대학원생활관","126.9573923129","37.4623361202","마을버스"
"21565","120900026","성현동주민센터","126.947285","37.489861","마을버스"
"21566","120900025","사랑의병원","126.9564304426","37.4796244089","마을버스"
"21567","120900024","신림고등학교","126.9160901041","37.4776805895","마을버스"
"21568","120900023","203동앞","126.9264976658","37.4644446975","마을버스"
"21569","120900022","관악로입구","126.9577948573","37.4862759617","마을버스"
"21570","120900021","세이브마트","126.918818829","37.4741762919","마을버스"
"21571","120900020","동부아파트","126.9284313945","37.4813012413","마을버스"
"21572","120900189","파리바게트.낙성대지하철","126.964376791","37.4761438371","마을버스"
"21573","120900019","국회단지입구","126.9393194579","37.4865995241","마을버스"
"21574","120900196","학부생활관","126.9580724931","37.4637506192","마을버스"
"21575","120900018","구암어린이집.관악센트씨엘108동","126.9476358057","37.4909558362","마을버스"
"21576","120900017","낙성대역","126.9626592502","37.4778756928","마을버스"
"21578","120900016","난곡터널","126.9183861861","37.4779795626","마을버스"
"21579","120900015","광신고등학교.주공1단지","126.927107173","37.4660286495","마을버스"
"21580","120900014","우성아파트103동","126.9592457839","37.4860917446","마을버스"
"21581","120900013","난우초등학교","126.917730357","37.475947114","마을버스"
"21582","120900012","삼모타워앞.건강보험관악지사","126.928399","37.482525","마을버스"
"21583","120900011","인헌초등학교","126.962192055","37.4769842505","마을버스"
"21584","120900010","은천교앞","126.9358819578","37.4864003668","마을버스"
"21585","120900009","BK국제관","126.9578693178","37.4654239013","마을버스"
"21586","120900008","관악드림타운2단지","126.9470590155","37.4917149515","마을버스"
"21587","120900007","현대홈타운아파트","126.9634796509","37.4791296644","마을버스"
"21588","120900194","갑을아파트","126.9220551526","37.4897535048","마을버스"
"21589","120900006","신원동치안센터","126.9270325662","37.4790908751","마을버스"
"21590","120900197","유완약국.성림교회","126.9300505356","37.4668169248","마을버스"
"21591","120900005","행운동우성아파트109동앞","126.9612178671","37.4852903366","마을버스"
"21592","120900199","신림고등학교","126.9160754865","37.4778966436","마을버스"
"21593","120900200","낙성대입구","126.9599795717","37.4778081338","마을버스"
"21594","120900004","신림성모성당앞","126.9326664612","37.4870744065","마을버스"
"21595","120900003","가족생활동","126.9577737723","37.4669767456","마을버스"
"21597","120900002","롯데백화점","126.9244827354","37.4904278745","마을버스"
"21598","120900001","삼성전자","126.931084151","37.4676943096","마을버스"
"21599","120900084","신림청소년독서실.신림체육센터","126.9148759246","37.4804996928","마을버스"
"21600","120900085","샤로수길입구","126.9575345056","37.4787543427","마을버스"
"21601","120900086","관악우체국","126.9341383461","37.4851431932","마을버스"
"21602","120900207","신림고등학교","126.9168167167","37.4779810811","마을버스"
"21604","120000241","신림사거리.신원시장","126.9273005902","37.483709205","가로변전일"
"21649","120900087","삼성동시장","126.931631082","37.4692039821","마을버스"
"21650","120900088","난곡사거리","126.9144634448","37.4823011931","마을버스"
"21651","120900089","신림역","126.9296506944","37.4854883196","마을버스"
"21663","120900090","인헌아파트","126.9612871638","37.468020748","마을버스"
"21675","120900091","서울대벤처타운역.삼성동시장입구","126.9332126245","37.4718550422","마을버스"
"21677","120900092","동부아파트","126.9282142759","37.4813200328","마을버스"
"21678","120900093","낙성대역","126.9648557613","37.4763210574","마을버스"
"21686","120900094","당곡역.당곡사거리","126.9287658216","37.4887310522","마을버스"
"21689","120900095","서울융합과학교육원","126.9579991818","37.4687224889","마을버스"
"21700","120900205","은천교입구","126.9342753266","37.4868362979","마을버스"
"21701","120900206","은천교입구","126.9341378486","37.4869017998","마을버스"
"21722","120900096","삼성아파트","126.9273819286","37.4945772872","마을버스"
"21732","120900195","조원경로당","126.9082699572","37.4835391709","마을버스"
"21733","120900097","서강약국","126.9279661565","37.4794735167","마을버스"
"21734","120900098","인헌연세약국","126.9668226263","37.4748483171","마을버스"
"21738","120900181","낙성대공원.다시가는캠퍼스","126.958771496","37.4722000954","마을버스"
"21742","120900099","신도브래뉴.구펭귄아파트","126.910971","37.484196","마을버스"
"21743","120900100","동산교회","126.9299348441","37.4788823374","마을버스"
"21744","120900101","오리사랑","126.9666847747","37.4736845489","마을버스"
"21745","120900179","봉일시장","126.9386238431","37.4861888116","마을버스"
"21751","120000430","낙성대입구","126.9595878517","37.4787451506","일반차로"
"21752","120900102","낙성대현대아파트","126.9591501194","37.474872947","마을버스"
"21753","120900103","성지빌딩","126.931006962","37.4786931419","마을버스"
"21756","120900104","펭귄시장","126.9123577828","37.4835748049","마을버스"
"21760","120900105","동인약국.인헌중고입구","126.966851057","37.4719152228","마을버스"
"21761","120900106","국회단지입구","126.9394212827","37.486535598","마을버스"
"21765","120900182","인헌초등학교","126.959159362","37.4765877555","마을버스"
"21766","120900107","난곡사거리","126.9140640456","37.4825153663","마을버스"
"21768","120900108","우리현대마트","126.967356777","37.4711205873","마을버스"
"21770","120900109","경천교회","126.9405543681","37.4879473031","마을버스"
"21771","120900110","낙성대입구","126.9594607468","37.4775168997","마을버스"
"21772","120900201","신림체육센터","126.914599382","37.4810130771","마을버스"
"21773","120900111","서림동주민센터","126.9349782707","37.4748531074","마을버스"
"21774","120900112","인수당약국","126.9677946019","37.4704430749","마을버스"
"21775","120900113","산성교회","126.9416010182","37.4885912136","마을버스"
"21778","120900114","신원동치안센터","126.9262096749","37.4792256381","마을버스"
"21782","120900116","현대아파트109동","126.9333136025","37.4748734803","마을버스"
"21783","120900117","개미유통","126.9668428641","37.4699868514","마을버스"
"21784","120900118","서울관광고등학교","126.9419749791","37.4890410488","마을버스"
"21785","120900119","낙성대역","126.9619751956","37.4770791769","마을버스"
"21789","120000431","서울대호암교수회관","126.9583174158","37.4677295812","일반차로"
"21792","120900120","관악세무서","126.9245139173","37.4791096883","마을버스"
"21793","120900121","난우초등학교","126.9171836708","37.4764738791","마을버스"
"21794","120900122","현대아파트106동","126.9325313553","37.4750977377","마을버스"
"21795","120900123","세진아파트","126.965980406","37.46963157","마을버스"
"21796","120900124","수정슈퍼","126.9421498576","37.489563775","마을버스"
"21800","120900183","낙성대입구","126.9591814277","37.4775942987","마을버스"
"21801","120000440","구로디지털단지역","126.9029063887","37.4837225722","일반차로"
"21802","120000441","구로디지털단지역","126.9058131587","37.4843694138","일반차로"
"21803","120900125","난곡터널","126.9192914361","37.4783629038","마을버스"
"21809","120000444","난곡종점","126.9192841509","37.4641111686","일반차로"
"21810","120900126","세이브마트","126.9185745369","37.4742473112","마을버스"
"21812","120000454","봉천역","126.94142738","37.4835908978","일반차로"
"21817","120900127","은천아파트","126.9651699485","37.469304232","마을버스"
"21818","120900186","우리슈퍼","126.9423212961","37.4901513787","마을버스"
"21819","120900184","인헌초등학교","126.9589641387","37.4765250104","마을버스"
"21820","120900128","서울대벤처타운역.삼성동시장입구","126.9329810024","37.4716882063","마을버스"
"21821","120900129","애동유치원","126.9202106507","37.4741556134","마을버스"
"21823","120900180","인헌아파트","126.9616844863","37.4682591544","마을버스"
"21827","120000390","롯데백화점관악점","126.9249187647","37.4897440967","일반차로"
"21828","120000391","롯데백화점관악점","126.9259813186","37.4900916551","일반차로"
"21829","120000392","신림역","126.9329881668","37.4844981452","가로변시간"
"21830","120000393","신림역","126.930756","37.484581","가로변전일"
"21831","120000394","봉천역","126.9441414845","37.4819948162","가로변전일"
"21832","120000395","봉천역","126.9415037433","37.4827120941","가로변시간"
"21833","120000396","서울대입구역","126.9514280486","37.4815931763","가로변전일"
"21843","120900130","벽산아파트후문.만물슈퍼","126.9418590704","37.4910691188","마을버스"
"21844","120900131","낙성대현대아파트","126.9590657284","37.4744250546","마을버스"
"21845","120000676","사당역4번출구A","126.9814839831","37.4750015212","일반차로"
"21846","120000677","사당역4번출구B","126.9815172875","37.4748085963","일반차로"
"21851","120000412","봉천역","126.9417119782","37.4833341181","일반차로"
"21852","120900132","관악센트씨엘후문","126.946872","37.491838","마을버스"
"21853","120900133","라이프아파트","126.9135636303","37.4771669403","마을버스"
"21854","120900134","삼성동시장","126.9314562928","37.4691600126","마을버스"
"21855","120900135","남강중고등학교입구","126.9214521515","37.4740843566","마을버스"
"21856","120900188","은천아파트","126.9651417407","37.4691834753","마을버스"
"21858","120900136","낙성대공원.다시가는캠퍼스","126.958598","37.472483","마을버스"
"21859","120900137","구암어린이집.관악센트씨엘108동","126.9475270007","37.4910852873","마을버스"
"21860","120900202","미성중학교","126.9130747297","37.4756040638","마을버스"
"21861","120900138","삼성전자","126.9310872264","37.467907393","마을버스"
"21862","120900139","제일교회입구","126.9221436863","37.4744767955","마을버스"
"21863","120900190","세진아파트","126.9659793277","37.469516228","마을버스"
"21864","120900140","서울융합과학교육원","126.9579844634","37.4695643624","마을버스"
"21865","120900141","성현동주민센터","126.9479869626","37.4900204503","마을버스"
"21866","120900142","두영아파트","126.9136488581","37.4743494227","마을버스"
"21867","120900198","유완약국.성림교회","126.9300278405","37.4669079232","마을버스"
"21868","120900143","충남슈퍼.생각대로통신","126.922852198","37.4748593293","마을버스"
"21869","120900191","개미유통","126.966851956","37.4698796222","마을버스"
"21870","120900185","호암교수회관","126.9583384812","37.4684563846","마을버스"
"21871","120900187","현대시장","126.9466523339","37.4872239236","마을버스"
"21872","120900144","신라놀이터","126.9124928566","37.4733130222","마을버스"
"21873","120900145","광신고등학교.주공1단지","126.9268060717","37.4655416947","마을버스"
"21874","120900146","한마음슈퍼","126.9235493967","37.4752553681","마을버스"
"21875","120900147","소망유통","126.9684009967","37.4694700428","마을버스"
"21877","120900148","두산아파트","126.9466789803","37.4847359856","마을버스"
"21878","120900149","쌍용아파트후문","126.9116693186","37.4727366024","마을버스"
"21879","120900150","201동.동신교회","126.9258566348","37.4642155732","마을버스"
"21880","120900151","승산밝은빛교회.구무림비디오","126.9242601797","37.4756424004","마을버스"
"21881","120900152","군인아파트","126.9686942163","37.4689672354","마을버스"
"21882","120900153","호암교수회관","126.957812806","37.4682578356","마을버스"
"21883","120900176","신협","126.9464550405","37.4832139179","마을버스"
"21884","120900154","뉴서울아파트","126.9110760714","37.4715124546","마을버스"
"21885","120900155","3단지종합상가","126.9266500465","37.4632446739","마을버스"
"21886","120900156","보명사.법화사","126.9248624752","37.4759816008","마을버스"
"21887","120900157","가족생활동","126.9576895289","37.4663611632","마을버스"
"21889","120900177","봉천역6번출구","126.9435328569","37.4832131411","마을버스"
"21890","120900173","아카시아마을.민방위교육장","126.9111579098","37.4720991366","마을버스"
"21891","120900158","삼성산주공307동앞","126.9273070883","37.4618249334","마을버스"
"21892","120900159","서울대후문.연구공원","126.9577778409","37.4651042841","마을버스"
"21893","120900178","봉천역4번출구","126.9415256749","37.4835860833","마을버스"
"21894","120900160","삼성산주공아파트정문","126.9257024646","37.4612183906","마을버스"
"21895","120900161","학부생활관","126.957717428","37.4631418278","마을버스"
"21897","120900162","대학원생활관","126.9567820806","37.461972752","마을버스"
"21899","120900163","기숙사삼거리","126.9567660056","37.4604637077","마을버스"
"21904","120900164","제2파워플랜트","126.949695","37.449338","마을버스"
"21905","120900165","건설환경종합연구소","126.9497986982","37.4471691607","마을버스"
"21907","120900166","보라매노인복지회관","126.9258907075","37.492677921","마을버스"
"21910","120900169","벽산아파트","126.9437182326","37.4923224192","마을버스"
"21911","120900174","적십자센터","126.9463609225","37.4930089788","마을버스"
"21912","120900170","봉림교","126.9269360965","37.4836879715","마을버스"
"21913","120900171","서원치안센터.건강보험관악지사","126.9291589334","37.4819928275","마을버스"
"21915","120900172","노천강당","126.9553279623","37.4587949022","마을버스"
"21916","120900192","신림역4번출구","126.92886","37.484025","마을버스"
"21917","120000678","행정관","126.95022","37.461591","마을버스"
"21919","120900203","서원역2번출구.서원동성당앞","126.9344657489","37.4778363867","마을버스"
"21920","120000443","신림복지관앞","126.9197650564","37.4653036588","일반차로"
"22001","121000001","말죽거리공원사거리","127.038482","37.47859","중앙차로"
"22002","121000002","말죽거리공원사거리","127.038748","37.477657","중앙차로"
"22003","121000003","양재역.서초문화예술회관","127.035902","37.48261","중앙차로"
"22004","121000004","양재역.서초문화예술회관","127.036827","37.481927","중앙차로"
"22005","121000005","뱅뱅사거리","127.032432","37.487667","중앙차로"
"22006","121000006","뱅뱅사거리","127.033097","37.486653","중앙차로"
"22007","121000007","래미안아파트.파이낸셜뉴스","127.030405","37.491895","중앙차로"
"22008","121000008","래미안아파트.파이낸셜뉴스","127.030987","37.491087","중앙차로"
"22009","121000009","신분당선강남역","127.0285365859","37.4958485587","중앙차로"
"22010","121000010","신분당선강남역","127.029112","37.494993","중앙차로"
"22011","121000011","지하철2호선강남역","127.0257426414","37.501795842","중앙차로"
"22012","121000012","지하철2호선강남역","127.02637","37.500785","중앙차로"
"22013","121000013","논현역","127.0230319441","37.5072264964","중앙차로"
"22014","121000014","논현역","127.023728","37.506367","중앙차로"
"22015","121000015","신사역.푸른저축은행","127.0200569534","37.5141125248","중앙차로"
"22016","121000016","신사역","127.020607","37.512972","중앙차로"
"22017","121000017","반포역","127.0118927078","37.5084114275","중앙차로"
"22018","121000018","반포역","127.0111518264","37.50799929","중앙차로"
"22019","121000019","고속터미널","127.0051290446","37.506290048","중앙차로"
"22020","121000020","고속터미널","127.0039245159","37.5058463491","중앙차로"
"22021","121000021","신반포역.세화여중고","126.9957193627","37.5034181272","중앙차로"
"22022","121000022","신반포역.세화여중고","126.9946930536","37.5030509257","중앙차로"
"22023","121000023","구반포역.세화고등학교","126.9900264523","37.5019451598","중앙차로"
"22024","121000024","구반포역.세화고등학교","126.9890696352","37.5017350708","중앙차로"
"22025","121900303","아리랑TV","127.0090806179","37.4788364163","마을버스"
"22026","120000671","남태령역","126.9880882012","37.4656951829","중앙차로"
"22027","121000533","이수역","126.9820742447","37.4823316953","중앙차로"
"22028","121001315","사당역","126.982118191","37.47423546","중앙차로"
"22029","121000532","총신대입구역.남성사계시장입구앞","126.9823185463","37.4875478991","중앙차로"
"22031","121000531","경문고등학교","126.9827417832","37.4904372318","중앙차로"
"22033","121000530","정금마을","126.9827186219","37.4933031442","중앙차로"
"22035","121001333","염곡마을.서초50플러스센터","127.0508102806","37.4611251895","중앙차로"
"22036","121001332","염곡마을.서초50플러스센터","127.0494739769","37.4615627473","중앙차로"
"22037","121001335","탑성마을.서초포레스타입구","127.0586887384","37.4577585114","중앙차로"
"22038","121001334","탑성마을.서초포레스타입구","127.0587253256","37.4575715332","중앙차로"
"22039","121001337","안골마을.서울언남초등학교","127.0633098065","37.4557491207","중앙차로"
"22040","121001336","안골마을.서울언남초등학교","127.0631289377","37.4557109244","중앙차로"
"22041","121001339","샘마을.서울특별시어린이병원","127.070909122","37.4571774154","중앙차로"
"22042","121001338","샘마을.서울특별시어린이병원","127.0701062932","37.4568017217","중앙차로"
"22043","121001341","매헌시민의숲사거리","127.038769","37.472148","중앙차로"
"22044","121001342","매헌시민의숲사거리","127.038548","37.472854","중앙차로"
"22045","121001343","매헌시민의숲","127.039534","37.469286","중앙차로"
"22046","121001344","매헌시민의숲","127.03875","37.470364","중앙차로"
"22068","121900317","서초포레스타5단지정문","127.0583817453","37.4517781902","마을버스"
"22095","121900331","서초종합체육관","127.0421755314","37.4585103498","마을버스"
"22096","121900299","서울추모공원","127.0426979933","37.4541558204","마을버스"
"22097","121900302","양재동화물터미널","127.036776987","37.460125761","마을버스"
"22098","121900301","양재동화물터미널","127.0370766521","37.460200853","마을버스"
"22099","121900300","서울추모공원","127.04288117","37.4542683928","마을버스"
"22101","121000025","교대역13번출구","127.0141904192","37.4917820873","일반차로"
"22102","121000026","서울교대사거리","127.0150603111","37.4873287224","일반차로"
"22103","121000027","교대역2번출구","127.01538179","37.4940242125","일반차로"
"22104","121000028","서초동유원아파트","127.020216043","37.495456936","일반차로"
"22105","121000029","창신교회앞.서리풀노리학교","127.0212301612","37.4904680158","일반차로"
"22106","121000030","창신교회.서리풀노리학교","127.0212807141","37.4902998844","일반차로"
"22107","121000031","서울교대정문앞","127.016209575","37.4889343385","일반차로"
"22108","121000032","서울교대정문앞","127.016373","37.488798","일반차로"
"22109","121000033","남부터미널","127.0174997004","37.4833491071","일반차로"
"22110","121000034","서울시인재개발원입구","127.0222227596","37.4831074135","일반차로"
"22111","121000035","서울시인재개발원.한우리문화센터","127.0217449318","37.482652493","가로변전일"
"22112","121000036","서일초등학교","127.0213146638","37.4865068533","일반차로"
"22113","121000037","서일초등학교","127.0210850063","37.486141046","일반차로"
"22114","121000038","롯데칠성","127.0240035889","37.4966572734","일반차로"
"22115","121000039","롯데칠성","127.0252199753","37.495077386","일반차로"
"22116","121000986","서초포레스타2단지앞","127.063037","37.455488","일반차로"
"22117","121000041","래미안에스티지에스","127.0264688183","37.4925355869","일반차로"
"22118","121000042","래미안에스티지","127.0259403788","37.4931191063","일반차로"
"22119","121000043","서초청소년도서관","127.0285677747","37.4926733807","일반차로"
"22120","121000044","서초청소년도서관","127.028880248","37.4926228702","일반차로"
"22121","121000045","서초동신동아아파트","127.0253914808","37.4917496945","일반차로"
"22122","121000046","서초2동주민센터.서이초등학교","127.0255384282","37.4915942391","일반차로"
"22123","121000047","래미안리더스원아파트","127.0275566247","37.490217554","일반차로"
"22124","121900330","서초AICT우수기업센터","127.0389123105","37.4583208005","마을버스"
"22125","121000049","서초문화예술정보학교후문","127.0293961714","37.489023218","일반차로"
"22126","121000050","서초문화예술정보학교후문","127.0298927879","37.4888154264","일반차로"
"22127","121000051","서초그랑자이아파트","127.0260375466","37.4880013621","일반차로"
"22128","121000052","서초그랑자이아파트","127.0260531533","37.4876295809","일반차로"
"22129","121000053","서초구청","127.030748275","37.484274561","일반차로"
"22130","121000054","서초구청","127.0305869863","37.4838578864","일반차로"
"22131","121000055","수협서초지점","127.029385","37.493517","일반차로"
"22132","121000056","서초문화예술정보학교","127.0320161779","37.4880209971","일반차로"
"22133","121000057","법조단지","127.012997468","37.4963832763","일반차로"
"22134","121000058","교대역10번출구","127.0127808558","37.4935537463","일반차로"
"22135","121000059","서초역.서울중앙지법등기국","127.0073275332","37.4930992018","일반차로"
"22136","121000060","서초역1번출구","127.0089105135","37.4920156317","일반차로"
"22137","121000061","서울중앙지방검찰청","127.006543","37.494768","일반차로"
"22138","121000062","서울중앙지방검찰청.대검찰청","127.006115","37.494383","일반차로"
"22139","121000063","서초아트자이아파트","127.0108432502","37.4858593343","일반차로"
"22140","121000064","서초동삼성아파트","127.0093426497","37.4889206373","일반차로"
"22141","121000065","서초유스센터.서초아트자이","127.0105005709","37.4854801487","일반차로"
"22142","121000066","서초동삼성아파트","127.0089653123","37.4885115912","일반차로"
"22143","121000067","서초3동주민센터","127.0116355253","37.4831290593","일반차로"
"22144","121000068","서초3동주민센터","127.0120799291","37.4832218285","일반차로"
"22145","121000069","예술의전당앞교차로","127.0128860369","37.4816857308","일반차로"
"22146","121000070","서초중학교","127.0085384266","37.4836051072","가로변시간"
"22147","121000071","서초중학교","127.0088052622","37.4833879213","가로변시간"
"22148","121000072","서울고등학교","127.0050002096","37.4829303821","가로변시간"
"22149","121000073","서울고등학교","127.0055791438","37.4827474318","가로변시간"
"22150","121000074","상문고교","127.0047242402","37.4819049356","일반차로"
"22151","121000075","서초동예술의전당","127.0112295473","37.4794328531","일반차로"
"22152","121000076","서초동예술의전당","127.0108027917","37.4796986297","일반차로"
"22153","121000077","남부터미널.기쁨병원","127.01686616","37.4819578926","일반차로"
"22154","121000078","남부터미널.기쁨병원","127.0176022215","37.4817361133","일반차로"
"22156","121000080","남부터미널.한일시멘트","127.014218486","37.4847318427","일반차로"
"22157","121000081","남부터미널","127.0156031956","37.4847528138","일반차로"
"22158","121000082","서울교대사거리","127.0146475713","37.4873846428","일반차로"
"22159","121000083","서울교대사거리","127.0133427182","37.4880507136","일반차로"
"22160","121000084","서울교대사거리","127.0131388831","37.4878368141","일반차로"
"22161","121000085","교대역14번출구","127.013952","37.491176","일반차로"
"22162","121000086","KCC사옥","127.0202806592","37.5030340451","일반차로"
"22163","121000087","서초푸르지오써밋","127.021952","37.501368","일반차로"
"22164","121000088","서초푸르지오써밋.롯데캐슬클래식","127.0221683272","37.5014758287","일반차로"
"22165","121000089","진흥아파트","127.0237030894","37.497723339","일반차로"
"22166","121000090","진흥아파트","127.0238285804","37.4980762637","일반차로"
"22167","121000091","강남역9번출구","127.0266040758","37.4977839964","일반차로"
"22168","121000092","서초동진흥아파트","127.0227753379","37.4965791206","일반차로"
"22169","121000093","서초동유원아파트","127.0197669475","37.4957579984","일반차로"
"22170","121000094","지하철2호선교대역4번출구","127.0158386954","37.4944725735","일반차로"
"22171","121000095","법조단지","127.0132446587","37.4962850117","일반차로"
"22172","121000096","신논현역7번출구.교보타워사거리","127.0251067731","37.5026203992","일반차로"
"22173","121000097","강남역10번출구","127.026307","37.5001","일반차로"
"22174","121000098","잠원한신아파트","127.0100874797","37.5165006388","일반차로"
"22175","121000099","래미안신반포리오센트아파트","127.013905","37.519627","일반차로"
"22176","121000100","신반포18차아파트","127.0141965647","37.5201580118","일반차로"
"22177","121000101","롯데캐슬아파트","127.015485","37.519672","일반차로"
"22178","121000102","롯데캐슬아파트","127.015393","37.520077","일반차로"
"22179","121000103","신반포르엘아파트","127.01438","37.516687","일반차로"
"22180","121000104","신반포르엘아파트","127.01457","37.517676","일반차로"
"22181","121000105","신동중학교","127.013253","37.515633","일반차로"
"22182","121000106","신동중학교","127.013019307","37.5154999599","일반차로"
"22183","121000107","논현역7번출구","127.0193580416","37.5106629516","일반차로"
"22185","121000109","신사역4번출구","127.019565","37.515081","일반차로"
"22186","121000110","신사역5번출구","127.0189942083","37.5169785253","일반차로"
"22190","121000114","논현역6번출구","127.0192130073","37.5102908187","일반차로"
"22191","121000115","논현역4번출구","127.0219545344","37.5091091024","일반차로"
"22192","121000116","신논현역2번출구","127.023498","37.505962","일반차로"
"22193","121000117","신논현역1번출구","127.023023","37.504227","일반차로"
"22194","121000118","제일약품사옥","127.0202524387","37.503387186","일반차로"
"22195","121000119","사평역","127.0138854889","37.5049175628","가로변시간"
"22196","121000120","사평역","127.0158022515","37.5038158427","일반차로"
"22197","121000121","디에이치반포라클라스","127.012449163","37.4996628214","일반차로"
"22199","121000123","삼호가든사거리.반포도서관","127.0116012521","37.5027974539","일반차로"
"22200","121001326","신반포역4번.래미안퍼스티지","126.9951595801","37.5028527245","일반차로"
"22203","121000127","서초구민체육센터.심산문화센터","126.9905148116","37.4983902105","일반차로"
"22204","121000128","잠원한신아파트","127.0098410017","37.5167954603","일반차로"
"22205","121000129","아크로리버뷰아파트.잠원동성당","127.006645","37.513683","일반차로"
"22206","121000130","잠원동성당","127.0069649098","37.5134704636","일반차로"
"22207","121000131","뉴코아아울렛","127.007799","37.509201","일반차로"
"22208","121000132","신반포자이아파트","127.0080006792","37.5094758176","일반차로"
"22209","121001346","반포3동주민센터.청담고등학교","127.006758","37.511097","일반차로"
"22211","121000135","반포자이아파트","127.0094829161","37.5061556046","일반차로"
"22212","121000136","서울지방조달청.서울성모병원","127.0039326529","37.4992622494","일반차로"
"22213","121000137","고속터미널역3번출구","127.0063361465","37.5035554381","일반차로"
"22214","121000138","서울지방조달청.서울성모병원","127.0040910539","37.5006745712","일반차로"
"22215","121000139","서울성모병원","127.005482","37.502759","일반차로"
"22217","121000141","서초구민체육센터.심산문화센터","126.9910968933","37.4979605693","일반차로"
"22218","121000142","반포미도아파트앞","127.0115829859","37.5017017153","일반차로"
"22220","121000144","고속터미널호남선","127.0030788422","37.5053517067","일반차로"
"22221","121000145","삼호아파트","126.987806","37.496634","일반차로"
"22222","121000146","방배사이길","126.9902779847","37.4933287858","일반차로"
"22223","121000147","방배동삼호아파트","126.9882533589","37.4965316814","일반차로"
"22224","121000148","가야메디컬센터","126.9898749163","37.493391877","일반차로"
"22225","121000149","이수교","126.983412","37.496977","일반차로"
"22227","121900003","롯데캐슬헤론아파트","126.9852046016","37.4972742389","마을버스"
"22228","121000152","한국제약바이오협회","127.0016995144","37.4823078119","가로변전일"
"22229","121000153","방배역.방배서리풀이편한세상","126.9964723757","37.4835892379","일반차로"
"22230","121000154","내방역2번출구","126.9943843705","37.4867753694","일반차로"
"22231","121000155","내방역3번출구","126.9940948938","37.4866230686","일반차로"
"22232","121000156","방배1동주민센터.방배아크로타워","126.9961463518","37.4834494617","일반차로"
"22233","121000157","방배역먹자골목.백석예술대학교","126.9967155632","37.481350238","가로변시간"
"22234","121000158","서울교통공사사당별관","126.9861651981","37.4767111473","일반차로"
"22235","121000159","종로교회","126.9890955981","37.4786416232","일반차로"
"22236","121000160","대우효령아파트","126.9933660869","37.4802035565","일반차로"
"22237","121000161","이수중학교","126.9930505516","37.4809100052","일반차로"
"22238","121000162","방배브라운가아파트","126.990895","37.484255","일반차로"
"22241","121000165","사당역11번출구","126.9820916177","37.4790017977","일반차로"
"22242","121000166","사당역3번출구","126.9820179252","37.4750794918","가로변시간"
"22244","121000168","경남임광아파트","127.0006312978","37.4772016189","일반차로"
"22245","121000169","방배그랑자이아파트정문","127.000279812","37.4772529436","일반차로"
"22246","121000170","서울지방법무사회","126.998755084","37.4800397349","일반차로"
"22247","121000171","현대멤피스2차아파트","126.998445273","37.4798144548","일반차로"
"22248","121000172","한국제약바이오협회","127.002689","37.482269","가로변시간"
"22249","121000173","방배역.백석예술대학교","126.9967608013","37.4810371386","가로변시간"
"22250","121000174","방배동대우효령아파트앞","126.9940942526","37.4801667639","일반차로"
"22251","121000175","종로교회앞","126.9887157676","37.4780946163","일반차로"
"22252","121000176","서울교통공사","126.9864140138","37.4763264038","일반차로"
"22253","121000177","방배동래미안아트힐.국립국악원","127.0063000295","37.4775028061","일반차로"
"22254","121000178","방배그랑자이아파트후문","127.0008920712","37.4748187293","일반차로"
"22255","121000179","성뒤마을.교육연수원","126.994632951","37.4737471951","일반차로"
"22256","121900001","방배동래미안타워","126.990586349","37.4746741807","일반차로"
"22257","121000181","대항병원","126.9871072248","37.4756416406","일반차로"
"22258","121000182","대항병원","126.9867646835","37.4753865896","일반차로"
"22259","121000183","방배동래미안타워.동덕여중고","126.9906564963","37.4742876115","일반차로"
"22260","121000184","성뒤마을.교육연수원","126.9971426734","37.4733920819","일반차로"
"22261","121000185","방배그랑자이아파트후문","127.0016642941","37.4747736656","일반차로"
"22262","121000186","방배동래미안아트힐.국립국악원","127.0068455026","37.4772752708","일반차로"
"22263","121000187","뒷벌어린이공원.래미안원페를라","126.9871369068","37.4902465128","일반차로"
"22264","121000188","방배동고개","126.9893092646","37.4867535988","일반차로"
"22267","121900008","예술의전당","127.0133439181","37.4804147333","마을버스"
"22268","121000192","방배열린문화센터(방배4동주민센터)","126.9920624118","37.4905049074","일반차로"
"22269","121000193","방배열린문화센터(방배4동주민센터)","126.991605527","37.4906184149","일반차로"
"22270","121000194","양재역.양재1동민원분소","127.0374188123","37.484769125","가로변시간"
"22271","121000195","양재노인종합복지관","127.0421051056","37.4833239776","일반차로"
"22272","121000196","블랙야크양재사옥","127.0411738713","37.4801407005","일반차로"
"22273","121000197","현대빌라.에코나우","127.0356382501","37.4761397871","일반차로"
"22274","121000198","현대빌라.에코나우","127.0360924585","37.4763036239","일반차로"
"22275","121000199","우성아파트.양재초등학교","127.0318295981","37.4745861729","일반차로"
"22276","121000200","우성아파트.양재초등학교","127.0327538269","37.4746647587","일반차로"
"22277","121000201","코오롱아파트.양재1동주민센터","127.0281898414","37.4723552457","일반차로"
"22278","121000202","우면코오롱아파트","127.0280952447","37.4720372808","일반차로"
"22279","121000203","우면주공아파트.우면한라아파트","127.0256888887","37.4707123","일반차로"
"22280","121000204","우면주공아파트.양재1동주민센터","127.0261417924","37.4707830522","일반차로"
"22281","121000205","서울AI허브.한국교원단체총연합회","127.0276019229","37.4670266951","일반차로"
"22282","121000206","서울AI허브.한국교원단체총연합회","127.0278540505","37.4669159933","일반차로"
"22283","121000207","네이처힐3.4단지","127.0261568554","37.4653477001","일반차로"
"22284","121000208","성촌마을입구","127.0249643139","37.4653569682","일반차로"
"22285","121000209","송동마을.서초힐스아파트","127.0179066267","37.459029969","일반차로"
"22286","121000210","송동마을.서초힐스아파트","127.0178420688","37.45850283","일반차로"
"22287","121000211","식유촌우면성당.서초호반써밋","127.012719512","37.4575011395","일반차로"
"22288","121000212","식유촌우면성당.서초호반써밋","127.0142946658","37.4572390563","일반차로"
"22289","121000213","양재역10번출구","127.0347109627","37.4836855552","일반차로"
"22290","121000214","양재역","127.0355022994","37.4834352902","일반차로"
"22291","121000215","말죽거리공원사거리","127.038205","37.479088","일반차로"
"22292","121000216","말죽거리공원사거리","127.038595453","37.479564487","일반차로"
"22293","121000217","양재2동주민센터.양재꽃시장","127.0394643327","37.4695857229","가로변시간"
"22294","121000218","매헌시민의숲","127.038353","37.473135","가로변시간"
"22295","121000219","매헌시민의숲사거리","127.0389281035","37.4732795382","가로변전일"
"22296","121000220","매헌시민의숲.양재꽃시장","127.03836","37.470867","가로변시간"
"22297","121000221","매헌시민의숲.양재꽃시장","127.039043","37.471255","가로변전일"
"22298","121000222","AT센터.양재꽃시장","127.039655","37.468707","가로변시간"
"22299","121000223","양곡도매시장","127.0351946776","37.4603469913","일반차로"
"22300","121000224","양곡도매시장","127.0352510403","37.4600226101","일반차로"
"22301","121000225","하나로마트.코트라","127.0444478156","37.4638411943","일반차로"
"22302","121000226","코트라","127.0442708153","37.4648670188","일반차로"
"22303","121000227","구룡사앞","127.049075","37.470351","일반차로"
"22304","121000228","구룡사","127.048132","37.474022","일반차로"
"22305","121000229","구룡사입구","127.050237","37.472103","일반차로"
"22306","121000230","동원산업앞","127.0453961106","37.4766473684","일반차로"
"22307","121000231","언남고.포이성당앞","127.0458263366","37.4720326359","일반차로"
"22308","121000232","양재119안전센터앞","127.0412468009","37.4694948049","일반차로"
"22309","121000233","양재119안전센터앞","127.0418942836","37.4700464462","일반차로"
"22310","121000234","꽃마을","127.0463678573","37.4606337119","일반차로"
"22311","121000235","꽃마을","127.0465822876","37.4604305782","일반차로"
"22312","121000236","개나리골입구","127.047578","37.457302","일반차로"
"22313","121000237","개나리골입구","127.048131","37.457227","일반차로"
"22314","121000238","새원마을","127.0507075609","37.4542914263","일반차로"
"22315","121000239","새원마을","127.0507924603","37.4544761173","일반차로"
"22316","121000240","본마을","127.051184988","37.4532630544","일반차로"
"22317","121000241","본마을","127.0513419343","37.4534550903","일반차로"
"22318","121000242","청계산.원터골","127.0577012426","37.4444526002","일반차로"
"22319","121000243","청계산.원터골","127.0576688071","37.4448950615","일반차로"
"22320","121000244","관현사입구","127.0632387636","37.4373210738","일반차로"
"22321","121000245","관현사입구","127.0637037462","37.4371542291","일반차로"
"22322","121000246","새쟁이마을","127.0661788352","37.4345128931","일반차로"
"22323","121000247","새쟁이마을","127.0660515509","37.4347964213","일반차로"
"22324","121000248","옛골","127.0704380789","37.4309469125","일반차로"
"22325","121000249","염곡마을.서초50플러스센터","127.0488127592","37.4615900526","가로변전일"
"22326","121000250","염곡마을.서초50플러스센터","127.0491561488","37.46200197","가로변시간"
"22327","121000251","탑성마을","127.0566180036","37.4583767151","일반차로"
"22328","121000252","탑성마을","127.0548668871","37.459472271","일반차로"
"22330","121000254","안골마을","127.0623888747","37.4562835966","일반차로"
"22331","121000255","서울특별시어린이병원.강동송파과학화예비군훈련장","127.0702106955","37.456646235","일반차로"
"22332","121000256","서울특별시어린이병원.강동송파과학화예비군훈련장","127.0718263325","37.4575866482","일반차로"
"22333","121000257","헌인릉.강남서초과학화예비군훈련장","127.079544","37.459744","일반차로"
"22334","121000258","헌인릉.강남서초과학화예비군훈련장","127.0826829531","37.4611155017","일반차로"
"22335","121000259","헌인농장","127.0847576347","37.4614213099","일반차로"
"22336","121000260","헌인마을.서울농업기술센터","127.091443","37.463695","일반차로"
"22337","121000261","헌인마을.서울농업기술센터","127.0895910466","37.4633434186","일반차로"
"22338","121900004","서초소방서","126.992551994","37.4983505745","마을버스"
"22339","121000262","강남역8번출구","127.0268505284","37.4975009943","일반차로"
"22340","121000263","방배동래미안타워.동덕여중고","126.9905512938","37.4747183321","일반차로"
"22341","121001330","옛골","127.0708456635","37.4305199435","일반차로"
"22344","121900006","내방역8번출구","126.9946948569","37.4881286966","일반차로"
"22345","121900007","교대역5번출구","127.0147370359","37.4937995917","마을버스"
"22347","121000985","서초힐스아파트","127.016833601","37.4577874974","일반차로"
"22348","121000271","강남역7번출구","127.0277969551","37.4969583114","일반차로"
"22363","121900009","사당역1번출구","126.9827009681","37.4761745327","마을버스"
"22364","121900010","남부시장","126.985816874","37.4950765232","마을버스"
"22365","121900255","강남의림한방병원","126.9834174392","37.4908097066","마을버스"
"22367","121000289","염곡동구룡사","127.047211","37.468475","일반차로"
"22368","121000290","국제전자센터","127.017723","37.485159","일반차로"
"22369","121900333","염곡동구룡사","127.0471332159","37.4683281101","마을버스"
"22372","121000294","형촌마을입구(서초네이처힐1.2단지)","127.0214455478","37.4636885353","일반차로"
"22376","121000297","국제전자센터","127.0177580083","37.4854351267","일반차로"
"22378","121000299","한국도로교통공단서울지부.코트라","127.044345","37.466295","일반차로"
"22379","121000300","서초역3번출구","127.0077359676","37.4911256302","일반차로"
"22380","121900011","서초구민체육센터","126.9903056015","37.4983811835","마을버스"
"22381","121000302","반포대교남단.한강시민공원입구","126.9994684234","37.5078106042","일반차로"
"22382","121000303","반포대교남단.한강시민공원입구","127.0003902363","37.5069439929","일반차로"
"22384","121900013","하이브랜드","127.0367880249","37.4620911714","마을버스"
"22385","121000304","이수역5번출구","126.9842072627","37.485489363","일반차로"
"22386","121000305","방배초등학교","126.986988","37.485736","일반차로"
"22387","121000306","방배고개","126.9901827615","37.4864946348","일반차로"
"22388","121000307","방배역1번출구.서울남부보훈지청","126.9984233379","37.4814459842","가로변시간"
"22389","121900014","내방역3번출구","126.9939998932","37.4867762516","마을버스"
"22390","121000308","방일초교","126.9949486673","37.4859520772","일반차로"
"22391","121000309","내방역5번출구","126.9927493333","37.487533232","일반차로"
"22392","121000310","방배고개.방배초등학교","126.9888061591","37.4863886439","일반차로"
"22393","121000311","이수역","126.9846453233","37.4858655917","일반차로"
"22394","121000312","방배역1번출구.서울남부보훈지청","126.9984199634","37.481444879","가로변시간"
"22395","121000313","방배역4번출구","126.9972384369","37.482323341","일반차로"
"22396","121000314","동작대교전망카페","126.9802792405","37.5057628053","일반차로"
"22397","121000315","동작대교전망카페","126.9808128467","37.5058583711","일반차로"
"22400","121900015","삼성래미안아파트","127.0184931133","37.4949659925","마을버스"
"22401","121000962","청계산입구역","127.0544463432","37.4484508233","일반차로"
"22402","121000961","청계산입구역","127.053684245","37.4494760752","일반차로"
"22403","121000981","서초포레스타7단지","127.0555729873","37.4475718103","일반차로"
"22404","121000939","반포한강공원.세빛섬","126.9972655964","37.5126669883","일반차로"
"22405","121000938","반포한강공원.세빛섬","126.9977548042","37.5122480317","일반차로"
"22406","121000944","신논현역.주류성빌딩","127.0257863714","37.501058785","일반차로"
"22407","121000945","신논현역.BSX빌딩","127.0256744762","37.5012831839","일반차로"
"22408","121000947","신논현역.유화빌딩","127.0255490162","37.5015319154","일반차로"
"22409","121000946","신논현역.서산빌딩","127.0255227411","37.5017311633","일반차로"
"22410","121000943","신논현역.우신빌딩","127.0253195719","37.5019951314","일반차로"
"22411","121000942","신논현역.남서울빌딩","127.0252427203","37.5021717639","일반차로"
"22413","121000940","신논현역7번출구.교보타워사거리","127.0249635502","37.5027683529","일반차로"
"22415","121001327","내방역1번출구","126.9953442808","37.4879838668","일반차로"
"22416","121900016","매헌시민의숲","127.0389144339","37.4730822004","마을버스"
"22417","121900017","동덕여중고","126.9924723","37.4741688","마을버스"
"22418","121900018","삼호교회","126.9862027844","37.4936654408","마을버스"
"22419","121900226","남부터미널","127.0155437556","37.4846839172","마을버스"
"22420","121900019","동부센트레빌2","126.9880579276","37.4980323894","마을버스"
"22421","121900020","헌인마을.서울농업기술센터","127.0896108732","37.4633816966","마을버스"
"22422","121900021","잔디마을","127.0352320779","37.4635271111","마을버스"
"22423","121900022","방일초등학교","126.9950041608","37.4852218926","마을버스"
"22424","121000956","네이처힐5단지","127.0238954595","37.4633118929","일반차로"
"22426","121001328","대법원앞","127.0065302002","37.4916688995","일반차로"
"22427","121900273","말죽거리공원사거리","127.038677","37.47947","마을버스"
"22429","121900266","방배래미안타워","126.9908068274","37.4746336482","마을버스"
"22431","121900025","이수중앙시장","126.9889556704","37.4921140295","마을버스"
"22432","121900026","국제전자센터","127.0176222301","37.485082815","마을버스"
"22433","121900027","방배신삼호아파트","126.9916917922","37.4979488983","마을버스"
"22434","121900288","헌인릉.꽃시장","127.08362","37.461503","마을버스"
"22435","121900028","더케이호텔후문","127.0343341849","37.4653349981","마을버스"
"22436","121900259","방배1동주민센터.방배아크로타워","126.9962575574","37.4834901203","마을버스"
"22437","121900029","삼성레포츠","127.0208164268","37.4922064267","마을버스"
"22439","121900030","원불교","127.042416","37.483534","마을버스"
"22440","121900031","양재역7번출구.한신휴플러스","127.035091","37.48382","마을버스"
"22442","121900267","서울교통공사사당별관","126.9863880175","37.476277741","마을버스"
"22443","121900032","방배초등학교","126.986985","37.485755","마을버스"
"22445","121900033","함지박사거리","126.9912671152","37.4930288433","마을버스"
"22446","121900223","서일초등학교","127.0209866183","37.4861131293","마을버스"
"22447","121900034","이수화학","126.9933543313","37.4980301028","마을버스"
"22448","121900286","예비군훈련장","127.0807710572","37.455543466","마을버스"
"22449","121900284","더케이호텔정문","127.0341150869","37.468301508","마을버스"
"22450","121900035","방배역1번출구.서울남부보훈지청","126.9984655932","37.4814094121","마을버스"
"22451","121900036","대림약국","127.0208116389","37.4904459771","마을버스"
"22452","121900037","반포래미안아이파크아파트","127.0121585657","37.5009627535","마을버스"
"22455","121900038","방배고개","126.989074","37.486054","마을버스"
"22456","121900039","함지박사거리","126.9905852724","37.4922655561","마을버스"
"22457","121900040","서래초교","126.9889993086","37.4952967316","마을버스"
"22458","121900041","방배4동성당","126.9936238794","37.4936363379","마을버스"
"22459","121900224","현대아파트.한국상담대학원대학교","127.0235051656","37.4868903084","마을버스"
"22460","121900042","한국회관.ROTC중앙회","126.9954070281","37.4987042254","마을버스"
"22461","121900287","신흥마을입구","127.0816843202","37.4586102133","마을버스"
"22462","121900043","예술공원","127.0325353274","37.4699888265","마을버스"
"22464","121900044","사당역13번출구","126.9826432124","37.4771120126","마을버스"
"22466","121900046","서초구립반포도서관.반포리체","127.0124970198","37.5026207465","마을버스"
"22468","121900047","서초문화예술정보학교후문","127.0291942381","37.4867142254","마을버스"
"22471","121900048","장자터빌딩","126.990243","37.485312","마을버스"
"22473","121900050","동부센트레빌1","126.9874958912","37.4976529669","마을버스"
"22474","121900051","삼창골든빌리지","126.9958664743","37.4939491206","마을버스"
"22475","121900052","서초그랑자이아파트","127.0263472092","37.4877448571","마을버스"
"22476","121900053","신반포역4번.래미안퍼스티지","126.9954197057","37.5026950589","마을버스"
"22478","121000984","kt연구소","127.0309238538","37.4717085715","일반차로"
"22479","121900054","상문고등학교","127.0046089193","37.4821455353","마을버스"
"22486","121900058","백산빌딩","126.9910358078","37.4791373946","마을버스"
"22487","121900260","방배브라운가아파트","126.990932","37.48419","마을버스"
"22488","121900059","방배열린문화센터.가야치과병원","126.9923780416","37.4893578225","마을버스"
"22489","121900060","방배중학교","126.9981113214","37.495387339","마을버스"
"22491","121900062","래미안퍼스티지중심상가","127.0003970105","37.5045840073","마을버스"
"22493","121900063","우성아파트","127.0328539307","37.4746627796","마을버스"
"22494","121900064","삼환아파트","127.0056275624","37.4800296953","마을버스"
"22496","121900066","반포래미안아이파크아파트후문","127.0145622236","37.5020978707","마을버스"
"22497","121900067","반포고교","127.0158854643","37.5017030173","마을버스"
"22499","121900069","서초문화예술정보학교","127.0321660498","37.488062923","마을버스"
"22500","121900070","교총회관","127.0277462709","37.4668240829","마을버스"
"22501","121900071","대우효령아파트","126.9935074494","37.4799386393","마을버스"
"22502","121900072","동문빌라","126.991601","37.483156","마을버스"
"22503","121900073","효성빌라","126.9983320021","37.4966719096","마을버스"
"22504","121900310","서초포레스타3단지정문","127.0593384984","37.4554282126","마을버스"
"22505","121900074","호남고속터미널","127.0032236261","37.5054364064","마을버스"
"22506","121900311","서초포레스타3단지정문","127.0595497917","37.455326281","마을버스"
"22507","121900075","현대빌라","127.0360835343","37.4762932882","마을버스"
"22508","121900076","방배빌딩.방배아트힐아파트정문","127.0064743162","37.4782806055","마을버스"
"22510","121900078","반포고교","127.0161409896","37.5012857723","마을버스"
"22511","121900079","반포리체","127.0142060247","37.5025241354","마을버스"
"22512","121900308","언남초등학교","127.061421935","37.4543079703","마을버스"
"22513","121900080","서초동신동아아파트","127.0253409803","37.4917135401","마을버스"
"22515","121900274","삽준네마을","127.0268099021","37.4692693783","마을버스"
"22516","121900269","방배역.백석예술대학교","126.9967265422","37.4809786482","마을버스"
"22517","121900082","이수중학교","126.9924466481","37.4818561289","마을버스"
"22518","121900250","서래마을.서래글로벌빌리지센터","126.9984381123","37.4978969161","마을버스"
"22519","121900312","언남초등학교","127.0616322756","37.4545735009","마을버스"
"22520","121900251","경부고속터미널","127.0068477606","37.5065337938","마을버스"
"22521","121900309","서초더샵포레","127.0643010736","37.4544989777","마을버스"
"22525","121900086","반포써밋아파트","127.0169971","37.5009216068","마을버스"
"22526","121900313","서초더샵포레","127.0636983185","37.4547100295","마을버스"
"22527","121001345","서초AICT우수기업센터","127.038748","37.458924","마을버스"
"22528","121900324","매헌윤봉길의사기념관","127.0375190241","37.4691694309","마을버스"
"22530","121900270","대우효령아파트","126.9942333499","37.4801576456","마을버스"
"22531","121900087","서래마을입구","126.9984335615","37.4991809877","마을버스"
"22532","121900088","강남역9번출구","127.0265475067","37.4977272396","마을버스"
"22533","121000979","반포자이아파트","127.0094604316","37.5062258928","일반차로"
"22535","121900089","임광아파트후문","127.0030267509","37.4758189221","마을버스"
"22536","121900090","방현초교","126.9887116384","37.4758333144","마을버스"
"22537","121900091","세탁소","126.987808","37.482208","마을버스"
"22538","121900092","현대4차아파트","127.0179934519","37.5005700292","마을버스"
"22539","121000976","반포자이아파트","127.0101482277","37.5056333558","일반차로"
"22540","121900093","서초1동주민센터","127.01846691","37.4895945167","마을버스"
"22541","121900094","매헌시민의숲","127.0383858588","37.4729579873","마을버스"
"22543","121900252","서래마을입구","126.9984708699","37.4999036726","마을버스"
"22544","121900095","반포4동주민센터입구","127.0000689924","37.5005416631","마을버스"
"22546","121900096","반포미도아파트앞","127.0116067597","37.5018431861","마을버스"
"22547","121900321","여의3교","127.0557998691","37.4525340361","마을버스"
"22548","121900097","임광아파트정문","127.0010130728","37.4765668747","마을버스"
"22549","121900098","대성유니드아파트","126.987107","37.483337","마을버스"
"22550","121900099","서초래미안아파트정문","127.0187319391","37.500285166","마을버스"
"22551","121900100","뉴코아백화점","127.0080753177","37.5093091088","마을버스"
"22552","121900101","서울교대정문","127.0163712913","37.4889577449","마을버스"
"22553","121900298","일동제약","127.0376175038","37.4773511613","마을버스"
"22554","121900102","롯데캐슬클래식.사랑의교회","127.0229572589","37.4997374512","마을버스"
"22555","121900103","반포래미안아이파크아파트","127.0120274955","37.5003518259","마을버스"
"22556","121900104","언남중고교","127.04581","37.471957","마을버스"
"22557","121900105","방배3동주민센터","126.9998162822","37.4784490339","마을버스"
"22558","121900106","우리수퍼","126.986334","37.484584","마을버스"
"22559","121900107","서초래미안아파트남문","127.0204175134","37.4974383029","마을버스"
"22560","121900108","경원중학교","127.00955354","37.5118733237","마을버스"
"22561","121900109","청호나이스","127.0130611243","37.4879588324","마을버스"
"22562","121900110","구름다리(방배교)","126.99213624","37.4799007004","마을버스"
"22563","121900111","서울지방조달청.서울성모병원","127.0039609388","37.4995235403","마을버스"
"22565","121900112","서울법원청사별관.아크로비스타","127.0124973884","37.4980458485","마을버스"
"22566","121900113","방배(백석예술대)역1번출구","126.9980947232","37.4809786782","마을버스"
"22567","121900114","잠원역","127.0115251789","37.5128516004","마을버스"
"22570","121900265","도구로입구","126.9891702182","37.4786803776","마을버스"
"22571","121900117","국립중앙도서관","127.0044198835","37.4979220747","마을버스"
"22572","121900245","반포1동성당","127.0207027838","37.5041168276","마을버스"
"22573","121900322","여의3교","127.0558843017","37.4522824107","마을버스"
"22574","121900118","방배(백석예술대)역.서초프라자약국","126.9973009069","37.4822348038","마을버스"
"22575","121900119","동덕여고","126.9929346869","37.474535574","마을버스"
"22576","121900120","이수역4번출구","126.9828785969","37.4855775952","마을버스"
"22577","121900121","신사역4번출구","127.019585476","37.515341378","마을버스"
"22578","121900122","유원아파트","127.0178666711","37.4955095778","마을버스"
"22579","121900123","서초역2번출구","127.0081468857","37.4912987658","마을버스"
"22581","121900296","국립국악원","127.0087096724","37.478170527","마을버스"
"22582","121900295","종로교회","126.9881108486","37.4781116779","마을버스"
"22583","121900294","서초푸르지오써밋","127.0216821231","37.5019661186","마을버스"
"22584","121900292","원불교","127.042206","37.481309","마을버스"
"22585","121900290","일동제약","127.037054348","37.4771882391","마을버스"
"22586","121900261","방일초등학교","126.9949735878","37.4858436536","마을버스"
"22587","121900246","논현역5번출구","127.0214930177","37.5102896713","마을버스"
"22591","121900319","청계산입구역","127.0553027816","37.448957246","마을버스"
"22592","121900281","예술의전당","127.0135449202","37.480583233","마을버스"
"22593","121900263","서울교통공사","126.9868536435","37.4774465285","마을버스"
"22594","121900241","경원중학교","127.0068991175","37.5114970568","마을버스"
"22595","121900221","대법원","127.0064912987","37.4916070459","마을버스"
"22596","121900220","롯데캐슬클래식","127.022435","37.500431","마을버스"
"22598","121900320","청계산입구역","127.0550119009","37.4491308269","마을버스"
"22599","121900262","내방역2번출구","126.9943312166","37.4868492575","마을버스"
"22600","121000937","강남역도시에빛","127.028862784","37.4948298181","일반차로"
"22601","121000957","KT삼거리","127.03021","37.472187","일반차로"
"22602","121000958","KT연구개발센터정문","127.0300162908","37.4704352425","일반차로"
"22604","121000959","형촌마을입구","127.0221930408","37.4623284779","일반차로"
"22605","121000983","서초호반써밋","127.0146667957","37.4576416633","일반차로"
"22607","121000982","호반써밋서초파크.파크뷰","127.0256209436","37.4600431105","일반차로"
"22608","121001329","서리풀문화광장","127.0054983231","37.4910022065","일반차로"
"22609","121900318","서초포레스타5단지정문","127.0584580212","37.4517646373","마을버스"
"22613","121900327","서초호반써밋","127.0151305788","37.4563449238","마을버스"
"22614","121900316","서초포레스타3단지후문","127.059588","37.453804","마을버스"
"22615","121900328","서초힐스아파트","127.0195785878","37.4564627414","마을버스"
"22616","121900329","LH3.호반써밋서초파크","127.0229572647","37.4579545688","마을버스"
"22631","121900218","신논현역2번출구","127.023552815","37.50605355","마을버스"
"22652","121000541","강남역서초현대타워앞","127.0280084862","37.4964688083","일반차로"
"22653","121000974","강남역우리은행","127.0283766361","37.4956209364","일반차로"
"22654","121000973","강남역5번출구","127.0288669116","37.4946974423","일반차로"
"22655","121900307","호반써밋서초파크뷰","127.0240810088","37.4595010532","마을버스"
"22656","121900306","LH3.호반써밋서초파크","127.0227161524","37.4579865593","마을버스"
"22657","121900305","서초힐스아파트","127.0173599771","37.4561419958","마을버스"
"22667","121000960","성촌마을입구","127.0246982574","37.4642970776","일반차로"
"22694","121900217","2호선교대역7번출구","127.0145663212","37.4940798561","마을버스"
"22711","121000975","교대역","127.0143808403","37.4940321203","일반차로"
"22742","121900216","서초경찰서","127.0059940336","37.4956827639","마을버스"
"22743","121900291","원불교","127.0420565333","37.4834141055","마을버스"
"22759","121900215","남부터미널.기쁨병원","127.0178114323","37.4818370058","마을버스"
"22762","121000472","이수교(방배본동)","126.9833037257","37.4969374974","일반차로"
"22763","121000473","사당역","126.982077334","37.4788660436","일반차로"
"22765","121000475","서울교통공사","126.9861169217","37.4766214216","일반차로"
"22766","121000476","임광아파트","127.0009712406","37.4767398875","일반차로"
"22769","121000479","방배동래미안아파트","126.9852744312","37.4757117127","일반차로"
"22774","121001309","삼성전자서울R&D","127.0233096227","37.4658469816","일반차로"
"22776","121900214","사당역13번출구","126.9831179759","37.4770820069","마을버스"
"22777","121001308","KT연구개발센터","127.0304939858","37.47063109","일반차로"
"22779","121001313","네이처힐.호반써밋서초파크.파크뷰","127.0241545233","37.4604668951","일반차로"
"22785","121900304","서초호반써밋","127.0153740036","37.4564279225","마을버스"
"22793","121000977","강남고속버스터미널","127.0039283325","37.5060680574","일반차로"
"22801","121001318","내방역.제일병원","126.9953160104","37.488024411","일반차로"
"22802","121000511","대우효령아파트","126.9932439729","37.4801666043","일반차로"
"22807","121900213","한신2차후문","127.0052284159","37.5121623419","마을버스"
"22808","121000516","방배역","126.9964065362","37.4811876954","가로변시간"
"22809","121000517","서울고교","127.0054038744","37.4827140991","가로변시간"
"22810","121000518","서울고교","127.0049917756","37.4830035294","가로변시간"
"22812","121000520","서초아트자이아파트","127.0111869156","37.4851556879","일반차로"
"22813","121000521","서울교육대앞","127.014509","37.487895","일반차로"
"22816","121000524","남부터미널","127.0143055588","37.4847444476","일반차로"
"22822","122000631","신사동.더리버사이드호텔","127.0186555368","37.5177929823","일반차로"
"22823","121000924","반포미도아파트앞","127.0116569971","37.501829607","일반차로"
"22824","121000930","삼풍아파트","127.0128918075","37.496331007","일반차로"
"22825","121000929","교대역","127.0157243897","37.494083312","일반차로"
"22826","121000928","프로비스타호텔.서초동유원아파트","127.0199873728","37.4954313463","일반차로"
"22827","121000927","서초아르누보호텔.유원아파트","127.0197746625","37.495707393","일반차로"
"22828","121000926","삼풍아파트","127.0130952786","37.497139719","일반차로"
"22829","121000925","반포래미안아이파크아파트","127.012098701","37.5014574649","일반차로"
"22832","121900212","서초고후문","127.0044805259","37.4891146384","마을버스"
"22835","121900277","우성아파트","127.031814158","37.4745387859","마을버스"
"22836","121900211","내방역1번출구","126.994581062","37.48779237","마을버스"
"22837","121900335","내방역8번출구","126.9951096348","37.4883307454","마을버스"
"22838","121900210","교보타워앞","127.0248806477","37.50327662","마을버스"
"22840","121900243","잠원역","127.0114648241","37.5130042435","마을버스"
"22841","121900293","동원산업","127.0454401748","37.4765950873","마을버스"
"22842","121900225","서울시인재개발원","127.0216889654","37.4826059016","마을버스"
"22843","121900209","한신2차정문","127.0030848753","37.5086507521","마을버스"
"22844","121900208","더미켈란아파트","127.0040324571","37.4862032326","마을버스"
"22845","121900207","롯데칠성","127.0248050278","37.4954027722","마을버스"
"22847","121900206","kt연구소","127.0306513806","37.471705038","마을버스"
"22848","121900205","서리풀터널입구","126.9969385684","37.4884884833","마을버스"
"22849","121900204","사당역14번출구","126.982757404","37.4765962586","마을버스"
"22850","121900203","강남역.서초초교앞","127.0264996641","37.4998269766","마을버스"
"22851","121001325","사당역14번출구","126.9829132259","37.4766633346","일반차로"
"22852","121900244","경원중학교","127.0092995579","37.5119708712","마을버스"
"22854","121900202","국립외교원","127.0305443725","37.4837943042","마을버스"
"22855","121900201","호남고속.신세계","127.0032971651","37.5058391969","마을버스"
"22856","121900200","서울고사거리","127.0041758943","37.4830538656","마을버스"
"22858","121900199","문화예술공원","127.0321148241","37.4701430308","마을버스"
"22859","121900198","강남역.삼성전자","127.0278698411","37.4970515618","마을버스"
"22860","121900332","반포종합운동장","126.9965026797","37.5005101566","마을버스"
"22861","121900253","반포종합운동장","126.996273723","37.4994762451","마을버스"
"22862","121900197","언남중고교","127.045755","37.472038","마을버스"
"22863","121900196","서초구청","127.0324034746","37.4840614372","마을버스"
"22864","121900195","반포우체국","126.9998269439","37.5046903379","마을버스"
"22865","121900228","제약회관","127.001793367","37.482328536","마을버스"
"22866","121900239","진흥아파트","127.0226916384","37.4965521036","마을버스"
"22867","121900194","더케이호텔정문","127.0343725873","37.4677292302","마을버스"
"22868","121900193","황실자이아파트","126.9986374649","37.4892746444","마을버스"
"22869","121900192","우성아파트사거리","127.0294488928","37.4937061909","마을버스"
"22870","121900191","서초역4번출구","127.0068260214","37.4913844544","마을버스"
"22871","121900190","매헌초교","127.0422086895","37.4704687607","마을버스"
"22872","121900189","반포2동주민센터","126.9970535549","37.5038531775","마을버스"
"22873","121900188","방배(백석예술대)역2번출구","126.9980581848","37.4807240664","마을버스"
"22874","121900187","서초그랑자이후문","127.0275420519","37.4897827638","마을버스"
"22875","121900240","유원아파트","127.0194333246","37.4956521854","마을버스"
"22876","121900186","더케이호텔후문","127.0341879129","37.4659938367","마을버스"
"22877","121900178","서리풀터널입구","126.996800041","37.488815095","마을버스"
"22878","121900139","현대렉시온오피스텔.파이낸셜뉴스","127.0307255899","37.4910005915","마을버스"
"22879","121900125","서초역3번출구","127.0077861115","37.4910843274","마을버스"
"22880","121900124","양재근린공원","127.0415088094","37.4724090919","마을버스"
"22883","121900127","방배유스센터","126.9991553697","37.478885422","마을버스"
"22884","121900128","서초그랑자이정문","127.026037547","37.488003615","마을버스"
"22885","121900129","강남역10번출구","127.0264405862","37.4992095778","마을버스"
"22887","121900130","뱅뱅사거리","127.030304584","37.4892316317","마을버스"
"22889","121900131","언남고","127.043264","37.473637","마을버스"
"22890","121900230","남부터미널.기쁨병원","127.0169521013","37.4819795068","마을버스"
"22891","121900271","방배그랑자이아파트정문","127.0004098253","37.477192125","마을버스"
"22892","121900132","풍림아이원","127.0238377395","37.4872479803","마을버스"
"22893","121900133","하이브랜드.코스트코.이마트","127.036183371","37.4623679984","마을버스"
"22894","121900134","서초유스센터","127.0101625566","37.4861722268","마을버스"
"22895","121900231","예술의전당","127.0140414058","37.4811103218","마을버스"
"22897","121900135","교대역6번출구","127.0137373697","37.494171868","마을버스"
"22899","121900232","신중초등학교","127.010826","37.479771","마을버스"
"22900","121900136","동덕여고","126.9929415","37.47403997","마을버스"
"22901","121900137","국제전자센터","127.0179151927","37.4854513228","마을버스"
"22903","121000970","양재역9번출구","127.0355508885","37.4826638191","일반차로"
"22904","121900138","국립국악원","127.0073810943","37.4779435387","마을버스"
"22905","121000920","래미안아파트.파이낸셜뉴스","127.029934","37.492482","일반차로"
"22906","121900140","삼호아파트","126.9873076156","37.497427412","마을버스"
"22907","121900141","방배배수지체육공원","126.9924125075","37.4738661248","마을버스"
"22908","121900233","남부터미널.한일시멘트","127.0143960237","37.4847552499","마을버스"
"22909","121000969","양재역엘타워빌딩","127.0356299924","37.4825610693","일반차로"
"22910","121900222","서초1동주민센터.서초현대아파트","127.0196816512","37.4903557536","마을버스"
"22911","121900323","매헌윤봉길의사기념관","127.0373749569","37.4692956181","마을버스"
"22912","121900234","방배빌딩","127.0067664544","37.478279901","마을버스"
"22913","121900142","서래초등학교","126.9883726975","37.49573641","마을버스"
"22915","121900143","서초구립중앙노인종합복지관","127.016581893","37.4916789581","마을버스"
"22916","121900235","삼환아파트","127.0058932787","37.4800107592","마을버스"
"22919","121000971","양재역커피빈앞","127.0353406498","37.4828368944","일반차로"
"22920","121900144","말죽거리공원사거리","127.0394643451","37.4782102141","마을버스"
"22922","121900145","서초고후문","127.0047484587","37.4893768961","마을버스"
"22923","121900236","상문고등학교.수표교교회","127.0050035302","37.4818562644","마을버스"
"22924","121900146","빛교회.이수중앙시장","126.9890268906","37.4922933558","마을버스"
"22925","121900147","현대캐피탈","127.0410922289","37.4797190114","마을버스"
"22926","121900326","본마을노인복지센터","127.0529606938","37.4544244544","마을버스"
"22927","121900325","본마을노인복지센터","127.0530384779","37.4545394332","마을버스"
"22928","121900148","방배열린문화센터.가야치과병원","126.9928643282","37.4891551044","마을버스"
"22929","121900149","카페골목입구","126.9873182177","37.4916137524","마을버스"
"22930","121900150","원불교","127.042546","37.481298","마을버스"
"22931","121900151","방배열린문화센터(방배4동주민센터)","126.9921144436","37.490394075","마을버스"
"22932","121900152","방배4동경로당","126.9872326483","37.4893925216","마을버스"
"22933","121900153","뉴코아백화점","127.0080547391","37.5072825331","마을버스"
"22934","121900154","함지박사거리","126.9913600147","37.4915969962","마을버스"
"22935","121900237","청호나이스","127.0129084201","37.4877164521","마을버스"
"22936","121900278","코오롱아파트","127.0281179589","37.4723103108","마을버스"
"22937","121900258","이수역2번출구","126.9824232165","37.4872077842","마을버스"
"22938","121900155","HCN서초방송","127.0120492501","37.4822972976","마을버스"
"22939","121900315","서초포레스타3단지후문","127.0595220597","37.4538837398","마을버스"
"22940","121900156","서울교대","127.0162208382","37.4887252807","마을버스"
"22942","121900157","삼호교회","126.9863780826","37.4936339225","마을버스"
"22945","121900158","서초1동주민센터","127.0192223339","37.4896367481","마을버스"
"22946","121900279","삽준네마을","127.0267443044","37.4691973046","마을버스"
"22947","121900159","남부시장","126.9858858024","37.4953901154","마을버스"
"22949","121900280","교총회관","127.0275611985","37.4669560736","마을버스"
"22950","121900160","롯데캐슬헤론아파트","126.9853504863","37.4973301255","마을버스"
"22956","121900161","서래마을입구","126.9983460816","37.499217253","마을버스"
"22959","121900254","서래마을.서래글로벌빌리지센터","126.9982345347","37.4979248474","마을버스"
"22961","121900162","서초문화예술정보학교후문","127.0289838941","37.4866818374","마을버스"
"22962","121900163","송동마을.서초힐스아파트","127.017847831","37.4589669003","마을버스"
"22963","121900164","효성빌라","126.9981271322","37.4962866403","마을버스"
"22966","121900165","방배중학교","126.9974474717","37.4949403792","마을버스"
"22968","121900166","삼창골든빌리지","126.9957646844","37.4940689638","마을버스"
"22969","121900334","서초고후문","127.0046620261","37.4889221759","마을버스"
"22970","121900167","방배4동성당","126.9935356582","37.4937462678","마을버스"
"22972","121900168","함지박사거리","126.9911415729","37.493124351","마을버스"
"22973","121900169","구룡사입구","127.0502298295","37.4720524503","마을버스"
"22975","121900170","서문여고","126.9850209583","37.4874536668","마을버스"
"22976","121900171","카페골목입구.래미안원페를라","126.9873114566","37.4914704762","마을버스"
"22977","121001302","반포종합운동장","126.9966723282","37.5002173346","일반차로"
"22979","121900172","서울교통공사","126.9873538613","37.4774762857","마을버스"
"22980","121900173","서초구청맞은편","127.030601072","37.4841889736","마을버스"
"22981","121900264","방배(백석예술대)역3번출구","126.9964879477","37.4812111266","마을버스"
"22982","121900174","서초롯데캐슬프레지던트아파트","127.0196986198","37.496137355","마을버스"
"22983","121900238","대검찰청.서초경찰서","127.0062446594","37.4945136356","마을버스"
"22984","121900175","불교TV.서초어린이집","127.0002023829","37.4745006419","마을버스"
"22985","121900176","구룡사거리","127.0481441804","37.4739943247","마을버스"
"22986","121900177","서이초등학교","127.0268380817","37.4911635361","마을버스"
"22987","121900179","서울고사거리","127.0043330792","37.4832169599","마을버스"
"22989","121900180","사당역12번출구","126.9819882566","37.4778342637","마을버스"
"22990","121900248","래미안퍼스티지정문","127.001950895","37.503801116","마을버스"
"22992","121900182","더미켈란아파트","127.0041602025","37.4855580371","마을버스"
"22993","121900183","서울성모병원.서울지방조달청","127.0041236994","37.5003496563","마을버스"
"22994","121900184","아크로비스타","127.01282537","37.4980214836","마을버스"
"22996","121900023","서초성당","127.0212843629","37.4931966225","마을버스"
"22997","121000921","강남역홍우빌딩앞","127.0283310385","37.49581459","일반차로"
"22999","121000972","양재역신한은행앞","127.0352377849","37.4829090136","일반차로"
"23101","122000001","신사중학교","127.0204991277","37.5229277357","가로변시간"
"23102","122000002","신사중학교","127.021302","37.523733","가로변시간"
"23103","122000003","광림교회.현대고등학교","127.0252663803","37.5253868122","일반차로"
"23104","122000004","광림교회.현대고등학교","127.0244392928","37.5252779533","가로변시간"
"23105","122000005","압구정역4번출구","127.0281887833","37.5257349597","일반차로"
"23106","122000006","국민은행압구정종합금융센터","127.028118907","37.5230982773","일반차로"
"23107","122000007","신사동고개","127.0257541709","37.5188969053","가로변시간"
"23108","122000008","신사역8번출구.가로수길","127.0221753116","37.5174397364","가로변전일"
"23109","122000009","신사역6번출구","127.019435","37.517422","일반차로"
"23110","122000010","신사역3번출구","127.0200787646","37.5152289207","일반차로"
"23111","122000011","신사역1번출구","127.0217344165","37.5168574262","가로변시간"
"23112","122000012","신사동고개","127.0260152561","37.5185545148","가로변전일"
"23113","122000013","강남을지병원","127.028629941","37.5182204908","일반차로"
"23114","122000014","학동역","127.0301678528","37.5147842255","일반차로"
"23115","122000015","학동역6번출구","127.0296320997","37.5137805482","일반차로"
"23116","122000016","영동시장","127.0234688746","37.5118508617","일반차로"
"23117","122000017","영동시장.논현역1번출구","127.0224536332","37.5113367768","일반차로"
"23118","122000018","학동역5번출구","127.0301492658","37.5135731512","일반차로"
"23119","122000019","논현동고개","127.0323028097","37.5102565309","일반차로"
"23120","122000020","삼정호텔","127.0316905107","37.5067856544","일반차로"
"23121","122000021","신논현역3번출구","127.0258483824","37.5050754793","일반차로"
"23122","122000022","신논현역3번출구.교보타워사거리","127.0241456343","37.5057773025","일반차로"
"23123","122000023","영동시장.논현역3번출구","127.0223963092","37.5093462126","일반차로"
"23124","122000024","언북중학교입구","127.0308205822","37.5202978876","일반차로"
"23125","122000025","도산공원사거리.호림아트센터","127.0349369258","37.5215790063","일반차로"
"23126","122000026","영동119안전센터","127.0381006504","37.5225557208","일반차로"
"23127","122000027","강남구청역","127.0406416326","37.5185178636","일반차로"
"23128","122000028","강남구청역3번출구","127.0399409789","37.5169580553","일반차로"
"23129","122000029","세관앞","127.0360665964","37.5157593644","일반차로"
"23130","122000030","서울세관","127.0356282732","37.5170273453","일반차로"
"23131","122000031","서울세관","127.0351676893","37.5173244793","일반차로"
"23132","122000032","학동역","127.0303750209","37.515158129","일반차로"
"23133","122000033","강남을지병원","127.0287812765","37.5185664886","일반차로"
"23134","122000034","세관앞","127.0364196087","37.5156009306","일반차로"
"23135","122000035","강남구청역2번출구","127.0401699369","37.5167710194","일반차로"
"23136","122000036","한국토지주택공사앞","127.0426620828","37.5131909081","일반차로"
"23137","122000037","선정릉역1번출구.시니어플라자","127.0431015104","37.5102354545","일반차로"
"23138","122000038","아크로힐스논현","127.0396748981","37.5092228723","일반차로"
"23139","122000039","논현아이파크","127.0364372746","37.5112220456","일반차로"
"23140","122000040","임피리얼팰리스호텔.펜트힐루논현","127.0356009719","37.5143285583","일반차로"
"23141","122000041","펜트힐루논현.임피리얼팰리스호텔","127.0351526376","37.5135465374","일반차로"
"23142","122000042","논현아이파크","127.0359197745","37.5111433662","일반차로"
"23143","122000043","국민은행논현동지점","127.0373832207","37.5085727966","일반차로"
"23144","122000044","언주역4번출구.차병원사거리","127.0351434453","37.5078369128","일반차로"
"23145","122000045","언주역3번출구","127.0335055792","37.5084783232","일반차로"
"23146","122000046","논현고개","127.0321076269","37.5114460374","일반차로"
"23147","122000047","서울세관사거리","127.0346068386","37.515315407","일반차로"
"23148","122000048","현대아파트","127.030580671","37.5284384777","일반차로"
"23149","122000049","현대아파트","127.0311225746","37.5282986659","가로변시간"
"23150","122000718","고속철도수서역","127.1041791055","37.4847973786","일반차로"
"23151","122000050","신사동교회","127.030625028","37.5206998289","일반차로"
"23152","122000051","도산공원","127.0333295289","37.5221138227","일반차로"
"23153","122000052","신구중학교","127.0332342816","37.5267319814","일반차로"
"23154","122000053","압구정중고등학교.현대아파트","127.0336829789","37.5297587463","일반차로"
"23155","122000651","도산공원사거리","127.0345957994","37.5220301368","일반차로"
"23156","122000054","압구정파출소","127.0362762745","37.5291115096","가로변시간"
"23157","122000055","압구정파출소","127.036267","37.528789","가로변시간"
"23158","122000056","한양아파트.압구정로데오역","127.0395789565","37.5282700029","일반차로"
"23159","122000057","한양아파트.압구정로데오역","127.0392574486","37.527929495","가로변시간"
"23160","122000058","일지아트홀","127.0395011945","37.524911806","일반차로"
"23161","122000059","씨네시티앞","127.0375996828","37.5228970378","일반차로"
"23162","122000060","도산공원","127.0335300905","37.5228130189","일반차로"
"23163","122000061","신구중학교","127.0335404098","37.5256460711","일반차로"
"23164","122000062","성수대교남단.현대아파트","127.0341408692","37.5299198087","일반차로"
"23165","122000063","청담초등학교","127.045122136","37.5268028293","일반차로"
"23166","122000064","청담동주민센터","127.0493317535","37.5246152832","일반차로"
"23167","122000065","청담동주민센터","127.0513510007","37.5245198173","일반차로"
"23168","122000066","영동대교남단.청담자이아파트","127.056049","37.522598","일반차로"
"23169","122000067","영동대교남단","127.05519","37.522801","가로변시간"
"23170","122000068","청담역.경기고교","127.0561675414","37.52098119","가로변시간"
"23171","122000069","우리은행청담지점.청담삼익아파트","127.0568972469","37.5210776985","가로변전일"
"23172","122000070","청담역.경기고교","127.0561102673","37.5200284066","일반차로"
"23173","122000071","진흥아파트","127.0520898501","37.5192911033","일반차로"
"23174","122000072","청담동성당","127.0495735347","37.5204992022","일반차로"
"23175","122000073","청담사거리","127.0482136037","37.5230254757","일반차로"
"23176","122000074","강남구청.강남세무서","127.0472972241","37.5184307316","일반차로"
"23177","122000075","청담동래미안아파트","127.0429049989","37.5176597984","일반차로"
"23178","122000076","강남구청역","127.0409428973","37.518511943","일반차로"
"23179","122000697","프라마호텔","127.051344","37.524927","일반차로"
"23180","122000077","농협앞","127.0443867144","37.5240778005","일반차로"
"23181","122000078","일지아트홀.압구정노인복지관","127.0396345679","37.5243159636","일반차로"
"23182","122000079","청담초등학교앞","127.045085725","37.5264613268","일반차로"
"23183","122000080","청담사거리","127.0477909496","37.5229351646","일반차로"
"23184","122000081","청담동성당","127.0492045241","37.5202583193","일반차로"
"23185","122000082","차병원차움","127.044171112","37.5236666735","가로변전일"
"23186","122000083","진흥아파트.청담역","127.0521305938","37.5190458844","일반차로"
"23187","122000084","청담역.경기고교","127.0564579528","37.5198187578","일반차로"
"23188","122000085","청담역.경기고교","127.0578574132","37.5193090138","가로변시간"
"23189","122000086","봉은사.삼성1파출소앞","127.0594353837","37.5149677625","가로변시간"
"23190","122000087","봉은사.코엑스북문","127.0588290285","37.5141705618","가로변시간"
"23191","122000088","봉은사.코엑스북문","127.057639012","37.5135467163","일반차로"
"23192","122000089","봉은사역3번출구.삼성1파출소","127.0601628839","37.5151079658","가로변전일"
"23193","122000090","봉은사역5번출구.광동병원","127.0621999736","37.514457156","일반차로"
"23194","122000091","노블발렌티웨딩홀","127.0647588832","37.5148306999","일반차로"
"23195","122000092","새마을금고중앙회","127.065604","37.512568","일반차로"
"23196","122000093","강남경찰서.강남운전면허시험장","127.0659088469","37.5098983164","일반차로"
"23197","122000094","삼성역7번출구","127.061718","37.51231","일반차로"
"23198","122000095","무역센터","127.0610582829","37.512027938","일반차로"
"23199","122000096","무역센터","127.0619023166","37.5105781837","일반차로"
"23200","122000665","강남구보건소","127.0417754477","37.5154775223","일반차로"
"23201","122000098","한국무역센터.삼성역","127.060899","37.508448","일반차로"
"23202","122000099","포스코사거리","127.0563179719","37.5078226593","일반차로"
"23203","122000100","한별구립어린이집","127.0549014268","37.5104103876","일반차로"
"23204","122000101","센트럴아이파크.강남구도시관리공단","127.0520466841","37.5157795361","일반차로"
"23205","122000102","삼성동서광아파트","127.0424517989","37.5173233382","일반차로"
"23206","122000103","강남구청.강남세무서","127.0476647353","37.5182413732","일반차로"
"23207","122000104","청담역7번출구","127.0506188246","37.5176356522","일반차로"
"23208","122000105","센트럴아이파크.강남구도시관리공단","127.0518696115","37.5153174045","일반차로"
"23209","122000106","한별구립어린이집","127.0546026643","37.5102276026","일반차로"
"23210","122000107","삼성중앙역.플래티넘아파트","127.0515286905","37.512663758","일반차로"
"23211","122000108","삼성중앙역.플래티넘아파트","127.0518271312","37.5123779785","일반차로"
"23212","122000109","삼성2문화센터","127.0461375271","37.5110917636","가로변시간"
"23213","122000110","삼성2문화센터","127.046512905","37.5108104729","일반차로"
"23214","122000111","선릉역8번출구.선정릉","127.0483328457","37.5062014334","일반차로"
"23215","122000112","선정릉역.국가무형유산전수교육관","127.0441954871","37.5097642558","일반차로"
"23216","122000113","한국토지주택공사앞","127.0432054996","37.5126364282","일반차로"
"23217","122000114","포스코건너편","127.0554269279","37.5066831874","일반차로"
"23218","122000115","선릉역","127.050205","37.505143","일반차로"
"23219","122000116","도곡역2번출구.동부센트레빌","127.0565229085","37.4915855937","가로변전일"
"23220","122000117","도곡역.중대부고","127.0550936879","37.4918872375","일반차로"
"23221","122000118","단대부고.대치아이파크아파트","127.0537770662","37.4946749575","일반차로"
"23222","122000119","한티역3번출구.서울강남고용노동지청","127.0541425059","37.4964463596","일반차로"
"23223","122000120","삼성아파트입구","127.05956007","37.4981982","일반차로"
"23224","122000121","농협대치지점","127.0611545494","37.4979369667","일반차로"
"23225","122000122","대치SKVIEW아파트.서울교회","127.0620556876","37.4962613463","일반차로"
"23226","122000123","대치역1번출구","127.0614984174","37.4938592964","가로변전일"
"23227","122000124","래미안대치팰리스","127.0585796232","37.4925595861","가로변전일"
"23228","122000125","도곡역3번출구","127.0565474837","37.4911818874","가로변전일"
"23229","122000126","대치동우성아파트","127.0596110202","37.4925770923","가로변전일"
"23230","122000127","대치역8번출구","127.0622309495","37.4938624098","가로변전일"
"23231","122000128","대치역7번출구.선경아파트","127.06408","37.492458","일반차로"
"23232","122000129","도곡역.대청중학교","127.0557033053","37.4902578609","일반차로"
"23233","122000130","은마아파트","127.0628615031","37.4955959062","일반차로"
"23234","122000131","은마치안센터","127.0615233829","37.4980989737","일반차로"
"23235","122000132","은마아파트","127.0631318417","37.4994819598","일반차로"
"23236","122000133","대치동은마아파트","127.0684549688","37.4989023513","일반차로"
"23237","122000134","은마아파트","127.0669737834","37.4957666584","가로변전일"
"23238","122000135","대치동미도아파트","127.0677076244","37.4956049426","가로변전일"
"23239","122000136","대치역6번출구.강남구민회관","127.064278","37.492785","일반차로"
"23240","122000137","쌍용아파트","127.0693334711","37.4980841758","가로변시간"
"23241","122000645","선릉역","127.051217","37.505447","일반차로"
"23242","122000139","삼성역2번출구","127.06441","37.507253","가로변시간"
"23243","122000140","강남경찰서.강남운전면허시험장","127.0670284926","37.5097985758","가로변전일"
"23244","122000141","삼성역","127.0636868176","37.5071289459","가로변시간"
"23245","122000142","휘문고교사거리","127.065214","37.504394","가로변전일"
"23246","122000143","래미안하이스턴.대치순복음교회","127.0638660962","37.4999449909","일반차로"
"23247","122000144","대치현대아파트","127.0600625549","37.5008238066","일반차로"
"23248","122000145","휘문중고등학교","127.0618980584","37.5039658555","일반차로"
"23249","122000146","휘문중고등학교","127.0614966158","37.5040741974","일반차로"
"23250","122000147","대치사거리","127.0585776263","37.5036604676","일반차로"
"23251","122000148","한국무역센터.삼성역","127.0605488571","37.5078401374","일반차로"
"23252","122000149","한티역","127.0521475206","37.4981160997","일반차로"
"23253","122000150","도성초등학교","127.0512135652","37.5001223629","일반차로"
"23254","122000151","도성초교사거리","127.0519567662","37.5008208922","일반차로"
"23255","122000152","강남농협.풍림아이원아파트","127.0563510713","37.5021979661","일반차로"
"23256","122000153","강남농협.풍림아이원아파트","127.0568832362","37.5026183817","일반차로"
"23257","122000154","도성초교사거리","127.0516118811","37.5008818613","일반차로"
"23258","122000155","진선여자중고등학교","127.049965539","37.5027442041","일반차로"
"23259","122000156","선릉역","127.050462265","37.5047611955","일반차로"
"23260","122000157","포스코빌딩","127.0548888307","37.5060493833","일반차로"
"23261","122000158","대치사거리","127.058292","37.503405","일반차로"
"23262","122000159","대치동현대아파트","127.0591748622","37.501646012","일반차로"
"23263","122000160","은마아파트입구사거리","127.0600675492","37.4987273789","일반차로"
"23264","122000161","도곡초등학교","127.0566485239","37.4976896078","일반차로"
"23265","122000162","한티역2번출구.서울강남고용노동지청","127.0539289896","37.4967735576","일반차로"
"23266","122000163","신논현역4번출구","127.025813","37.504682","일반차로"
"23267","122000164","삼정호텔앞","127.0311108359","37.5062420273","일반차로"
"23268","122000165","차병원","127.0344860558","37.50553234","일반차로"
"23269","122000166","언주역6번출구.차병원","127.0345489808","37.5063571874","일반차로"
"23270","122000167","언주역5번출구.차병원사거리","127.0353224874","37.5075577236","일반차로"
"23271","122000168","시티프라디움더강남.라움아트센터","127.0389267017","37.5078627567","일반차로"
"23272","122000169","라움아트센터.시티프라디움더강남","127.0396488905","37.5077449631","일반차로"
"23273","122000170","아크로힐스논현","127.0406479555","37.5091077534","일반차로"
"23274","122000171","선정릉역4번출구.시니어플라자","127.0428920405","37.5098413413","일반차로"
"23275","122000172","선정릉역.국가무형유산전수교육관","127.0440935191","37.5092335728","일반차로"
"23276","122000173","선릉역7번출구","127.0481759639","37.5058843866","일반차로"
"23277","122000174","서울상록회관.한국기술센터","127.044057","37.503232","일반차로"
"23278","122000175","KT강남지사","127.0419791463","37.5047549674","일반차로"
"23279","122000176","KT강남지사","127.0414645036","37.5047578524","일반차로"
"23280","122000177","아가방빌딩.하나은행","127.0387713026","37.5016408218","일반차로"
"23281","122000178","역삼역7번출구.GS타워","127.036766173","37.5015046036","일반차로"
"23426","122000319","쟁골마을","127.1043990475","37.4826545844","일반차로"
"23282","122000179","역삼역6번출구","127.0363873327","37.5015407612","일반차로"
"23283","122000180","역삼역4번출구","127.0347356752","37.500428516","일반차로"
"23284","122000181","강남역12번출구","127.0295583305","37.4988103664","일반차로"
"23285","122000182","강남역11번출구","127.027257","37.499338","일반차로"
"23286","122000183","신논현역6번출구","127.0257902121","37.502359976","일반차로"
"23287","122000184","강남역1번출구.역삼세무서","127.0290968277","37.4982974547","일반차로"
"23288","122000185","역삼역.포스코타워역삼","127.0335958701","37.4994895468","일반차로"
"23289","122000186","영동중앙교회","127.0379751499","37.4981539451","일반차로"
"23290","122000666","강남구보건소","127.042151467","37.515333228","일반차로"
"23291","122000187","역삼럭키아파트.역삼월드메르디앙아파트","127.0387194718","37.491838771","일반차로"
"23292","122000188","역삼초등학교","127.0341843565","37.4942184896","일반차로"
"23293","122000189","역삼초등학교","127.0341054359","37.4943308436","일반차로"
"23294","122000190","뱅뱅사거리.역삼동","127.033598088","37.4902625053","일반차로"
"23295","122000191","역삼초등학교","127.0306529668","37.492195273","일반차로"
"23296","122000192","역삼2동주민센터.대림역삼아파트","127.0459926766","37.496245263","일반차로"
"23297","122000193","래미안그레이튼아파트","127.0457084122","37.4960436368","일반차로"
"23298","122000194","역삼자이아파트","127.044319709","37.499810373","일반차로"
"23299","122000195","역삼동성당.역삼자이아파트","127.0437950854","37.4998793449","일반차로"
"23300","122000196","역삼동개나리아파트","127.0475961987","37.4993788675","일반차로"
"23301","122000197","역삼동개나리아파트","127.047567","37.499583","일반차로"
"23302","122000198","총지사","127.0404501731","37.4963226138","일반차로"
"23303","122000199","총지사","127.0408425358","37.4966904984","일반차로"
"23304","122000200","영동중앙교회","127.03857548","37.4977185179","일반차로"
"23305","122000201","대한사회복지회","127.038818","37.501137","일반차로"
"23306","122000202","한국자산신탁.센터필드","127.044247","37.502783","일반차로"
"23307","122000203","진선여자중고등학교","127.0498724735","37.5022648571","일반차로"
"23308","122000204","역삼e-편한세상아파트","127.0512977977","37.4992545645","일반차로"
"23309","122000205","한티역","127.0522475418","37.4972023372","일반차로"
"23310","122000206","한티역7번출구","127.0514784788","37.4960052231","일반차로"
"23311","122000207","역삼중학교.강남세브란스병원","127.0476983171","37.49471181","일반차로"
"23312","122000208","도곡1차아이파크.역삼청소년센터","127.0417858592","37.4928082151","일반차로"
"23313","122000209","총지사","127.0398633221","37.4949426926","일반차로"
"23314","122000210","도곡1동주민센터.역삼럭키아파트","127.0390292015","37.4915800523","일반차로"
"23315","122000211","도곡1차아이파크.도곡중학교","127.0424021052","37.4926349836","일반차로"
"23316","122000212","매봉삼성아파트.SK리더스뷰","127.0489606775","37.4881449495","가로변시간"
"23317","122000213","매봉역.양재최의원","127.0445616798","37.4861642605","가로변전일"
"23318","122000214","양재역말죽거리.강남베드로병원","127.0379686178","37.4852510407","가로변시간"
"23319","122000215","뱅뱅사거리.은광여고","127.032807632","37.4877243166","일반차로"
"23320","122000717","고속철도수서역","127.1037382748","37.4845010698","일반차로"
"23321","122000217","뱅뱅사거리.뱅뱅프라자","127.0328763684","37.4897472768","일반차로"
"23322","122000218","원불교앞","127.0423551365","37.4835581756","일반차로"
"23323","122000219","매봉역","127.0448542288","37.4859166406","일반차로"
"23324","122000220","도곡개포한신아파트","127.049239","37.48791","가로변시간"
"23325","122000221","개포한신.우성4차아파트","127.050372953","37.4870851555","일반차로"
"23326","122000222","우성캐릭터빌아파트","127.0508009097","37.4870096821","일반차로"
"23327","122000223","군인공제회관","127.0520250488","37.4892113897","가로변시간"
"23328","122000657","선정릉역.라마다서울호텔","127.045647","37.510642","일반차로"
"23329","122000225","숙명여고","127.0523674556","37.4897270653","가로변시간"
"23330","122000226","도곡렉슬아파트.강남세브란스병원","127.0481867043","37.4944367753","일반차로"
"23331","122000227","한티역6번출구","127.05194","37.495722","일반차로"
"23332","122000228","도곡렉슬아파트정문","127.053435578","37.4947508051","일반차로"
"23333","122000229","중대부고앞","127.054525","37.492538","일반차로"
"23334","122000230","구룡중학교앞","127.057243","37.485803","일반차로"
"23335","122000231","개포1동주민센터.개포고등학교","127.059951","37.483066","일반차로"
"23336","122000232","개현초등학교","127.062072","37.481319","일반차로"
"23338","122000234","개포파크빌리지","127.057772","37.477328","일반차로"
"23339","122000235","구룡초교사거리","127.0542007012","37.4809034856","일반차로"
"23340","122000236","현대아파트경남아파트","127.0531173735","37.4828745638","일반차로"
"23341","122000237","현대1차.우성3차아파트","127.056549","37.482973","일반차로"
"23342","122000238","개일초등학교앞","127.0572119951","37.4861731624","일반차로"
"23343","122000239","개포고등학교","127.058944","37.484213","일반차로"
"23344","122000240","개포1동주민센터","127.0609693505","37.4825013593","일반차로"
"23345","122000241","래미안블레스티지아파트","127.063217","37.480651","일반차로"
"23346","122000242","개포도서관","127.0638958786","37.4836959018","일반차로"
"23347","122000243","수도전기공고후문","127.0656239958","37.484782057","일반차로"
"23348","122000244","수도전기공고후문","127.065984","37.485273","일반차로"
"23349","122000245","디에이치아너힐즈","127.068697","37.48373","일반차로"
"23350","122000246","개포자이프레지던스","127.069256","37.483766","일반차로"
"23351","122000247","경기여고","127.067244","37.48653","일반차로"
"23352","122000248","개포동역7번출구.개포시장","127.066161548","37.4886501992","일반차로"
"23353","122000249","개포주공5단지경기여고","127.0674711689","37.4867075784","일반차로"
"23354","122000250","개포동역6번출구.개포시장","127.0665798221","37.4885440958","일반차로"
"23355","122000251","개포시장.개포5단지상가","127.0680732652","37.4895230906","일반차로"
"23356","122000252","개포시장.개포5단지상가","127.068631","37.489411","일반차로"
"23357","122000253","양전초등학교","127.070593","37.490243","일반차로"
"23358","122000254","개포6단지앞","127.07042","37.489962","일반차로"
"23359","122000255","디에이치자이개포아파트","127.0755690336","37.4923003831","일반차로"
"23360","122000256","개원중학교.대모산입구역2번출구","127.072156","37.492262","일반차로"
"23361","122000257","개포주공7단지앞","127.0738085758","37.4891592437","일반차로"
"23362","122000258","일원초등학교","127.0746897303","37.488338773","일반차로"
"23363","122000259","현대아파트","127.0528285196","37.4822653767","일반차로"
"23364","122000260","개포래미안포레스트","127.0546102524","37.4799411421","일반차로"
"23365","122000261","능인선원앞","127.0523679256","37.4725527152","일반차로"
"23366","122000262","구룡산입구","127.0617734705","37.4772998668","일반차로"
"23367","122000263","능인선원앞","127.0523276925","37.4720609789","일반차로"
"23368","122000264","구룡사입구","127.0507511248","37.4719206884","일반차로"
"23369","122000265","국악고교사거리","127.0480450265","37.474526919","일반차로"
"23370","122000266","삼호물산","127.0452517449","37.4772430549","일반차로"
"23371","122000267","구룡초등학교","127.05311","37.480828","일반차로"
"23372","122000268","광수빌딩","127.0493324033","37.4790607546","일반차로"
"23373","122000269","국민은행.포이근린공원","127.0468254619","37.4787698164","일반차로"
"23374","122000270","포이사거리.삼호물산","127.045145","37.478451","일반차로"
"23375","122000271","포이사거리.삼호물산","127.045191","37.478296","일반차로"
"23376","122000272","국민은행.포이근린공원","127.0472425588","37.4785641982","일반차로"
"23377","122000273","광수빌딩","127.0493780029","37.4789049887","일반차로"
"23378","122000274","개포지구대","127.0512016967","37.4794240061","일반차로"
"23379","122000275","구룡초등학교","127.052903","37.480467","일반차로"
"23380","122000276","수서삼성아파트앞","127.0909893034","37.4843993977","일반차로"
"23381","122000277","일원본동주민센터","127.0847497652","37.4834885153","일반차로"
"23382","122000278","푸른마을아파트앞","127.0805834065","37.4829129209","일반차로"
"23383","122000279","상록수아파트앞","127.0821222482","37.4828046299","일반차로"
"23384","122000280","일원본동주민센터","127.0859753943","37.4833831017","일반차로"
"23385","122000281","수서119안전센터앞","127.0938503097","37.4842412879","일반차로"
"23386","122000282","삼성서울병원정문","127.0829902821","37.4865445092","일반차로"
"23387","122000283","삼성서울병원정문건너편","127.0824491516","37.4870251768","일반차로"
"23388","122000284","일원역7번출구","127.0833076652","37.484911433","일반차로"
"23389","122000285","삼성서울병원후문","127.0875200547","37.4901997236","일반차로"
"23390","122000716","글래드라이브강남호텔","127.068697","37.48373","일반차로"
"23391","122000739","을지병원.포포인츠강남&호텔선샤인","127.0288547701","37.5201296971","일반차로"
"23392","122000288","삼성서울병원사거리","127.0824473261","37.4891174907","일반차로"
"23393","122000696","강남한양수자인아파트","127.1133506298","37.4781574286","일반차로"
"23394","122000695","강남한양수자인아파트","127.113478","37.477818","일반차로"
"23395","122000291","대치아파트.대모산입구역3번출구","127.0724873208","37.4924140029","일반차로"
"23396","122000742","삼성서초역삼세무서","127.0297942021","37.4984123659","일반차로"
"23397","122000293","대청역6번출구","127.0786043309","37.4932399657","일반차로"
"23398","122000640","마루공원","127.0833130163","37.4948202584","일반차로"
"23399","122000641","대청초등학교","127.0865721019","37.493870617","일반차로"
"23400","122000642","서울일원동우체국","127.0876266147","37.4919969862","일반차로"
"23401","122000294","수서역.현대벤쳐빌","127.1021201028","37.4876807848","일반차로"
"23402","122000295","수서역2번출구","127.1007452609","37.4883076816","일반차로"
"23403","122000296","수서역.KT수서지점","127.0998654903","37.4885476793","일반차로"
"23404","122000297","수서역1번출구","127.1007358421","37.4871885183","일반차로"
"23405","122000719","세곡동주민센터","127.1080981819","37.4696395193","일반차로"
"23406","122000299","궁마을","127.0973286229","37.4854278045","일반차로"
"23407","122000300","궁마을","127.0976066393","37.4852808034","일반차로"
"23408","122000301","수서역6번출구","127.1020425697","37.4867911067","일반차로"
"23409","122000302","수서역5번출구","127.1025969044","37.4868602717","일반차로"
"23410","122000303","수서역.로즈데일빌딩","127.1028677279","37.4873984409","일반차로"
"23411","122000304","세곡동주민센터","127.1076740129","37.469461957","일반차로"
"23412","122000305","은곡마을.LH이편한세상","127.1025352444","37.4653476974","일반차로"
"23413","122000306","강남신동아파밀리에1단지","127.0999208093","37.4654339318","일반차로"
"23414","122000307","대왕초등학교","127.1068384861","37.4646708281","일반차로"
"23415","122000308","세곡동사거리","127.1078294794","37.4635777855","일반차로"
"23416","122000309","세곡동","127.1095067201","37.4646105826","일반차로"
"23417","122000310","광연자동차학원앞","127.1163609853","37.4656909003","일반차로"
"23418","122000311","삼일자동차학원.강남자동차검사소","127.1211804938","37.4679153957","일반차로"
"23419","122000312","삼일자동차학원.강남자동차검사소","127.1207679842","37.4679987199","일반차로"
"23420","122000313","광연자동차학원앞","127.1188445352","37.4670229687","일반차로"
"23421","122000314","세곡동","127.1093969858","37.4649373007","일반차로"
"23422","122000315","세곡동사거리","127.108561756","37.465796284","일반차로"
"23423","122000316","방죽마을","127.107350365","37.4723837769","일반차로"
"23424","122000317","래미안포레아파트","127.1067825531","37.4745489674","일반차로"
"23425","122000318","쟁골마을","127.1050772751","37.4818869624","일반차로"
"23427","122000320","래미안포레아파트","127.1062605211","37.4751350942","일반차로"
"23428","122000321","방죽마을","127.106920465","37.4722247345","일반차로"
"23429","122000322","압구정역3번출구","127.0287139855","37.5260014748","일반차로"
"23430","122000323","국민은행압구정종합금융센터","127.0285130905","37.523272893","일반차로"
"23431","122000324","언주역2번출구.차병원사거리","127.0333616903","37.5079530218","일반차로"
"23432","122000325","영동고교앞","127.0398932882","37.5215035461","일반차로"
"23433","122000326","개포우성6차아파트","127.0578803329","37.4757363339","일반차로"
"23434","122000664","은곡마을진입로","127.0987019628","37.4657576277","일반차로"
"23435","122000327","대치유수지체육공원","127.068123","37.501358","일반차로"
"23436","122000328","우성아파트","127.0684146056","37.501143627","일반차로"
"23437","122000674","세곡푸르지오.은곡삼거리","127.0946994252","37.4649702658","일반차로"
"23438","122000330","삼성역3번출구","127.0637122939","37.5071627199","가로변시간"
"23439","122000673","세곡푸르지오.은곡삼거리","127.096478","37.465062","일반차로"
"23440","122000743","LH수서아파트","127.105708","37.479078","일반차로"
"23441","122000744","LH수서아파트","127.1053468464","37.4786070506","일반차로"
"23442","122000720","세곡2지구3.4단지","127.1100617023","37.4769291284","일반차로"
"23443","122000747","수서역6번출구","127.102526537","37.486361578","일반차로"
"23444","122000748","역삼1동주민센터","127.032341","37.496548","일반차로"
"23445","122000333","개포우성아파트","127.0578638641","37.4765644257","일반차로"
"23446","122000692","래미안강남힐즈","127.0973806587","37.4723483229","일반차로"
"23447","122000691","세곡중학교.세명초등학교","127.0917980067","37.4702479734","일반차로"
"23448","122000690","세곡중학교.세명초등학교","127.0920469065","37.4704122141","일반차로"
"23449","122000337","일원동한솔아파트","127.0793139035","37.4825445295","일반차로"
"23450","122000338","시립수서청소년센터","127.089107","37.483863","일반차로"
"23451","122000756","한강버스압구정선착장A","127.019564","37.527273","일반차로"
"23452","122000757","한강버스압구정선착장B","127.017563","37.526256","일반차로"
"23453","122000340","포스코사거리","127.055736576","37.5080791101","일반차로"
"23454","122000699","대왕초등학교","127.1065571269","37.4650705422","일반차로"
"23456","122000342","도곡역4번출구","127.0556100386","37.4899733606","일반차로"
"23457","122000343","개포중학교","127.063631","37.480019","일반차로"
"23458","122000344","구룡마을","127.064041","37.478975","일반차로"
"23459","122000345","디에이치퍼스티어아이파크","127.056741","37.478381","일반차로"
"23460","122000758","싸리고개공원교차로","127.036127","37.491091","일반차로"
"23462","122000346","영희초등학교","127.0804871277","37.4911914327","일반차로"
"23463","122000686","못골마을.강남자곡아이파크","127.1017217712","37.4732649886","일반차로"
"23464","122000687","못골마을","127.1018882443","37.4731023528","일반차로"
"23465","122000348","태화기독교사회복지관","127.0933527923","37.4845282141","일반차로"
"23466","122000349","개포도서관","127.063564","37.483553","일반차로"
"23467","122000746","강남세곡체육공원","127.112862","37.465565","일반차로"
"23468","122000351","도곡교회.인바디빌딩","127.0554585033","37.4744335616","일반차로"
"23469","122000352","강남세브란스병원","127.0474623305","37.4933489347","일반차로"
"23470","122000353","도곡교회.인바디빌딩.건너","127.0559940835","37.4742753543","일반차로"
"23471","122000693","래미안강남힐즈","127.0952484632","37.4722905356","일반차로"
"23472","122000355","도곡중학교.강남세브란스병원","127.0467216289","37.4936020408","일반차로"
"23473","122000356","강남경찰서.강남운전면허시험장","127.0660087348","37.5095036021","가로변시간"
"23474","122000357","수도공고앞","127.061926","37.487234","일반차로"
"23475","122000358","개포4단지5단지","127.068309","37.486365","일반차로"
"23476","122000359","개포4단지6단지","127.072073511","37.4868514825","일반차로"
"23477","122000360","개포4단지7단지","127.0735755585","37.487918251","일반차로"
"23478","122000749","마루공원","127.082818","37.49485","일반차로"
"23479","122000362","개포동역1번출구","127.0654139271","37.488967804","일반차로"
"23480","122000688","세곡푸르지오","127.093835078","37.4675388365","일반차로"
"23481","122000364","도곡1동주민센터.경남아파트","127.0413200765","37.4889759836","일반차로"
"23482","122000689","강남효성해링턴코트","127.0939126611","37.4676884285","일반차로"
"23483","122000365","구룡역5번출구","127.0591999287","37.4861062927","일반차로"
"23484","122000366","구룡역1번출구","127.058961369","37.4861696665","일반차로"
"23488","122000368","역삼럭키아파트","127.0411232813","37.4916371451","일반차로"
"23489","122000724","래미안개포루체하임아파트","127.0814750981","37.4893028717","일반차로"
"23491","122000370","수도공고","127.062351","37.48755","일반차로"
"23492","122000371","개포4단지6단지","127.0719670062","37.4869928876","일반차로"
"23493","122000372","개포4단지5단지","127.068237","37.486497","일반차로"
"23494","122000745","강남역12번출구A","127.0294748515","37.4987376489","일반차로"
"23500","122000643","학여울역","127.071451","37.497144","일반차로"
"23501","122000644","학여울역","127.0713978002","37.4966786872","일반차로"
"23504","122000381","도곡한신아파트","127.0411576487","37.4868758329","일반차로"
"23505","122000382","현대1차아파트","127.05525","37.482287","일반차로"
"23507","122000384","영동고등학교.현대아파트","127.0395300499","37.5213549869","일반차로"
"23508","122000385","개포4단지7단지","127.0729326014","37.4876526608","일반차로"
"23509","122000386","총회회관.휘문고입구","127.066098","37.504156","가로변시간"
"23510","122000387","예림당아트홀.신한은행전산센터","127.0442961535","37.498222358","일반차로"
"23511","122000388","새마을운동중앙회","127.0673747926","37.5020166731","가로변전일"
"23512","122000389","총지사","127.0395898829","37.4947101031","일반차로"
"23513","122000390","신한은행데이터센터","127.0436967482","37.4981459957","일반차로"
"23514","122000391","포스코사거리","127.0575278976","37.5073192617","일반차로"
"23515","122000392","우성3차아파트","127.0571827363","37.4838187251","일반차로"
"23516","122000393","우성6차아파트","127.0551994825","37.4775486459","일반차로"
"23517","122000394","포이초교","127.0526851839","37.4752206839","일반차로"
"23518","122000395","국악중고교","127.0506448815","37.4756518082","일반차로"
"23519","122000396","풍양빌딩","127.0488173808","37.4773892734","일반차로"
"23520","122000397","코원에너지서비스","127.0760972384","37.4980697598","일반차로"
"23521","122000398","코원에너지서비스","127.076162131","37.4984896319","일반차로"
"23523","122000400","포스코사거리교차로","127.0579066873","37.5070321739","일반차로"
"23524","122000401","국민은행개포남지점","127.0479647043","37.4787861872","일반차로"
"23525","122000402","삼익아파트앞","127.041707484","37.4898912383","일반차로"
"23526","122000403","래미안포레아파트","127.1072950785","37.4756585108","일반차로"
"23527","122000404","디아크리온강남아파트","127.1076846516","37.4760978962","일반차로"
"23528","122000698","세곡2지구3.4단지","127.110393","37.476668","일반차로"
"23529","122000703","도곡한신아파트","127.0414335753","37.4865461779","일반차로"
"23530","122000702","강남더샵라르고오피스텔","127.1048166174","37.4752274507","일반차로"
"23531","122000408","한남대교전망카페","127.0156821849","37.5245524646","일반차로"
"23532","122900035","서울의료원후문","127.0670297734","37.512854221","마을버스"
"23533","122900052","구룡마을","127.061773461","37.477288604","마을버스"
"23536","122900036","학동역","127.0299918634","37.5153752342","마을버스"
"23537","122000675","은곡마을.강남신동아파밀리에","127.102457","37.465026","일반차로"
"23538","122000701","강남현대힐스테이트에코","127.1049627778","37.4750109081","일반차로"
"23543","122900070","대왕초등학교","127.1060868044","37.4647336817","마을버스"
"23544","122900002","수서역5번출구.이마트앞","127.1026711271","37.4867890817","마을버스"
"23545","122900003","개포4복합문화센터.달터공원","127.0496563833","37.4765501377","마을버스"
"23546","122900004","일원역","127.0837487838","37.4842740914","마을버스"
"23547","122000754","수서역.로즈데일빌딩","127.102806","37.487511","마을버스"
"23548","122000755","수서역","127.100588","37.488469","마을버스"
"23552","122900005","삼성서울병원정문","127.0831278825","37.486220916","마을버스"
"23557","122900057","국민은행","127.0477270355","37.4783965969","마을버스"
"23558","122900006","삼성서울병원본관","127.0843625606","37.4880871291","마을버스"
"23562","122900007","한아름아파트.사이룩스오피스텔","127.1043695699","37.4882883158","마을버스"
"23564","122900100","암센터후문.장례식장","127.0877033472","37.489906166","마을버스"
"23569","122900008","암센터정문","127.0877105812","37.4887280795","마을버스"
"23572","122900101","신분당선.강남역4번출구","127.0295651284","37.4945395934","일반차로"
"23573","122900047","영동2교","127.0436209282","37.4824106082","마을버스"
"23575","122900010","강남서초교육지원청","127.0474431396","37.5114525879","마을버스"
"23579","122900061","래미안루체하임.일원동맛의거리","127.0816026028","37.4895038011","마을버스"
"23580","122000654","신논현역","127.0259766968","37.5019598458","일반차로"
"23586","122900062","영희초등학교후문","127.080747403","37.4913516516","마을버스"
"23595","122900053","개포동역8번출구","127.064961","37.488672","일반차로"
"23597","122900065","강남우체국","127.07827","37.493332","마을버스"
"23598","122900012","도성초등학교앞","127.0503202915","37.5004642646","마을버스"
"23600","122900066","개포3일원1동통합주민센터","127.0753812691","37.4923887632","마을버스"
"23629","122900103","LH이-편한세상","127.1018353507","37.4674060713","마을버스"
"23641","122000616","신논현역","127.0265819837","37.5007572469","일반차로"
"23697","122900040","동영문화센터","127.0448218851","37.4980171807","마을버스"
"23698","122000503","도곡2동주민센터.대치중학교","127.0454044309","37.4842540701","일반차로"
"23720","122000524","도곡2동주민센터.대치중학교","127.0453310783","37.484486108","일반차로"
"23728","122900067","대청역","127.0796503721","37.4932933255","마을버스"
"23731","122900051","영동2교","127.0436397429","37.4827748285","마을버스"
"23738","122900041","강남세브란스병원","127.0460354686","37.4941024226","마을버스"
"23741","122900038","삼성역2번출구","127.06441","37.507253","마을버스"
"23749","122000544","매봉역입구","127.046452","37.485055","일반차로"
"23756","122900042","역삼청소년센터.도곡1차아이파크","127.0427156329","37.4931043457","마을버스"
"23766","122000559","ST송은빌딩","127.0440702137","37.5240522735","일반차로"
"23781","122000676","삼성역","127.061674","37.512292","일반차로"
"23801","122000723","코엑스도심공항","127.0588873921","37.5092735748","일반차로"
"23804","122000597","삼성역.그랜드인터컨티넨탈","127.0610024043","37.5084785929","일반차로"
"23806","122000599","포스코사거리","127.0551984022","37.5066283272","일반차로"
"23812","122000605","역삼역","127.0348444801","37.5003770293","일반차로"
"23813","122000606","강남역","127.0300921798","37.4985037086","일반차로"
"23814","122000607","강남역12번출구","127.0293968328","37.4987123716","일반차로"
"23815","122900014","영희초등학교정문","127.0826658438","37.4917702392","마을버스"
"23816","122000741","봉은사역.코엑스인터컨티넨탈","127.0574429913","37.5136126215","일반차로"
"23818","122900015","코엑스동문","127.0608484979","37.5123828691","마을버스"
"23819","122900063","일원지구대","127.0844466897","37.4925024781","마을버스"
"23822","122900109","대청초교삼거리","127.0862704324","37.4933069756","마을버스"
"23823","122900016","대청초교삼거리","127.0863914747","37.4931669875","마을버스"
"23827","121000923","양재역","127.0384964886","37.4849998548","일반차로"
"23828","122000630","도곡동","127.0491445012","37.4879492434","가로변시간"
"23829","122000629","타워펠리스","127.0520250488","37.4892113897","일반차로"
"23830","122000628","대치동","127.0616002918","37.4935766706","가로변전일"
"23831","122000627","학여울역","127.0676293089","37.4956366787","가로변전일"
"23832","122000626","개포동","127.0737651349","37.4888592582","일반차로"
"23838","122000620","학여울역","127.0672656518","37.4958593062","가로변전일"
"23839","122000619","대치동","127.0613687324","37.4938876386","가로변전일"
"23840","122000618","타워펠리스","127.052447","37.489825","가로변시간"
"23841","121000922","양재역","127.0388556909","37.485414201","일반차로"
"23842","122000617","신사동","127.0193598476","37.5176547419","일반차로"
"23843","122000638","미성아파트","127.0215333659","37.5235221474","가로변시간"
"23844","122000637","리베라호텔","127.0546317101","37.5237692203","가로변시간"
"23848","122000633","압구정역","127.0309163621","37.5286017159","가로변시간"
"23851","122000753","청담자이아파트","127.056339","37.522073","일반차로"
"23855","122900037","노블발렌티웨딩홀","127.0648043953","37.5151343457","마을버스"
"23856","122900044","양재전화국","127.0407892731","37.485645559","마을버스"
"23857","122900017","대치2동주민센터.래미안하이스턴","127.066677","37.501732","마을버스"
"23858","122900018","봉은사역.삼성래미안아파트","127.062290678","37.5147161467","마을버스"
"23861","122000750","디에이치퍼스티어아이파크","127.058296","37.47995","일반차로"
"23862","122000751","개포중학교","127.060267","37.481031","일반차로"
"23863","122900087","강남구민체육관","127.053878","37.47599","마을버스"
"23866","122900045","LPG가스충전소","127.035844","37.490756","마을버스"
"23871","122900021","수서역","127.0998006806","37.4887031579","마을버스"
"23872","122900022","서울일원동우체국","127.087654","37.492279","마을버스"
"23874","122900023","일원지구대","127.0841549821","37.4925603569","마을버스"
"23876","122900043","동영문화센터","127.0450698684","37.4982163309","마을버스"
"23877","122900024","영희초등학교정문","127.0824080525","37.4918172767","마을버스"
"23878","122900025","삼성서울병원정문건너편","127.0827108625","37.4864455837","마을버스"
"23880","122900026","일원역","127.0835865217","37.484028248","마을버스"
"23883","122900039","강남더드림병원.도성초등학교","127.050799086","37.5010137322","마을버스"
"23884","122900027","대왕파출소","127.1077413737","37.465202563","마을버스"
"23885","122000722","언주역.삼정&베스트웨스턴강남","127.0311436057","37.5063406555","일반차로"
"23893","122900102","강남신동아파밀리에2단지","127.101712859","37.4646017803","마을버스"
"23896","122900104","한신휴플러스6단지","127.1039561716","37.4689755358","마을버스"
"23911","122900069","중동고등학교","127.0800445003","37.4928867094","마을버스"
"23912","122000721","역삼아르누보&조선팰리스강남","127.0426789882","37.5032714481","일반차로"
"23917","122900028","영희초등학교후문","127.0804796035","37.4915200321","마을버스"
"23918","122900034","양재역4번출구","127.0368399956","37.4850648693","마을버스"
"23920","122900029","양재역.종합복지관","127.0361954353","37.4847100069","마을버스"
"23921","122900030","양재역5번출구","127.0366159066","37.484670255","마을버스"
"23922","122900031","삼성역7번출구","127.061802","37.512051","마을버스"
"23923","122900032","삼성역7번출구","127.061736","37.512172","마을버스"
"23924","122900046","도곡중학교.강남세브란스병원","127.044394","37.493343","마을버스"
"23925","122900033","역삼2동주민센터.래미안그레이튼아파트","127.0466349415","37.4948269156","마을버스"
"23931","122000660","노보텔앰배서더호텔","127.028764","37.505561","일반차로"
"23933","122900105","방죽마을입구","127.1064669403","37.4712200208","마을버스"
"23937","122900106","방죽마을입구","127.106377","37.471284","마을버스"
"23938","122900107","한신휴플러스6단지","127.103892","37.469051","마을버스"
"23940","122900108","LH이-편한세상","127.1017450741","37.467521028","마을버스"
"23941","122900081","은곡마을","127.0976381775","37.4669861388","마을버스"
"23942","122900082","상업지역","127.1009106768","37.4669833895","마을버스"
"23943","122900083","강남신동아파밀리에","127.1013099646","37.4654986324","마을버스"
"23944","122900080","세종고등학교","127.1029015023","37.4878639673","마을버스"
"23946","122900078","세곡푸르지오","127.0945265693","37.4668377495","마을버스"
"23947","122900077","세곡푸르지오","127.094373898","37.4667838109","마을버스"
"23948","122900076","상업지역","127.0999592175","37.4671769696","마을버스"
"23949","122900075","은곡마을","127.0967995753","37.4672323203","마을버스"
"23950","122900086","강남스포츠문화센터","127.1050565277","37.4885775772","마을버스"
"23951","122000694","삼정호텔","127.0310907911","37.5062370429","일반차로"
"23958","122900084","리엔파크3단지","127.1038273014","37.4630389394","마을버스"
"23960","122900088","포스코사거리","127.0555079747","37.5086692856","마을버스"
"23961","122900089","서울요양원.강남구립행복요양병원","127.1034878036","37.4607011121","마을버스"
"23962","122900090","LH이편한세상","127.1018278599","37.4666325065","마을버스"
"23963","122900096","강남데시앙포레정문","127.0890614341","37.4814068182","마을버스"
"23964","122900091","강남데시앙포레상가앞","127.0918528925","37.4813620057","마을버스"
"23965","122900095","강남더샵포레스트아파트","127.0944327655","37.4821279592","마을버스"
"23967","122900099","강남신동아파밀리에1단지","127.1013912358","37.4633952819","마을버스"
"23968","122900094","강남더샵포레스트아파트","127.0942667912","37.4820890986","마을버스"
"23969","122900093","강남데시앙포레상가앞","127.0927451217","37.4814270894","마을버스"
"23970","122900092","강남데시앙포레정문","127.0895874825","37.4818476385","마을버스"
"23971","122900098","수서교회.수서동성당앞","127.0945644992","37.4834861241","마을버스"
"23972","122900097","수서교회.수서동성당앞","127.0946662374","37.4834702749","마을버스"
"23981","122000286","삼성서울병원사거리","127.0826986083","37.4888402553","일반차로"
"23993","122900073","강남신동아파밀리에2단지","127.1022596955","37.4634710379","마을버스"
"23994","122000287","일원주유소.삼성서울병원후문","127.0876822994","37.4906537597","일반차로"
"23995","122900074","리엔파크4단지.강남데시앙파크","127.1018750091","37.4612273528","마을버스"
"24001","123000001","잠실역.잠실대교남단","127.0985638839","37.5155383911","중앙차로"
"24002","123000002","잠실역.잠실대교남단","127.0996446129","37.5137872849","중앙차로"
"24003","123000003","석촌호수.한솔병원","127.1058262006","37.5068001738","중앙차로"
"24004","123000004","석촌호수.한솔병원","127.1052520216","37.507105259","중앙차로"
"24005","123000005","석촌역","127.109062","37.503242","중앙차로"
"24006","123000006","석촌역","127.108318","37.503857","중앙차로"
"24007","123000007","송파역","127.111934","37.500093","중앙차로"
"24008","123000008","송파역","127.111084","37.500836","중앙차로"
"24009","123000009","가락시장.가락시장역","127.117262","37.494271","중앙차로"
"24010","123000010","가락시장.가락시장역","127.116389","37.495024","중앙차로"
"24011","123000011","문정로데오거리입구","127.1214160323","37.488212078","중앙차로"
"24012","123000012","문정로데오거리입구","127.120756","37.489317","중앙차로"
"24013","123000013","문정법조단지.건영아파트","127.124583","37.481955","중앙차로"
"24014","123000014","문정법조단지.건영아파트","127.123821","37.483219","중앙차로"
"24015","123000015","장지역.가든파이브","127.126126","37.478856","중앙차로"
"24016","123000016","장지역.가든파이브","127.12543","37.480076","중앙차로"
"24017","123000579","잠실역.롯데월드몰","127.1005791644","37.5127165509","중앙차로"
"24050","123000611","잠실광역환승센터","127.1007210704","37.5123429607","중앙차로"
"24101","123000017","천호역.풍납시장","127.122573363","37.5370408432","가로변시간"
"24102","123000018","서울풍납동우체국","127.1215873404","37.5342780446","가로변시간"
"24103","123000566","파크데일아파트2단지앞","127.1584215427","37.4979450637","일반차로"
"24104","123000565","파크데일아파트1단지앞","127.1584260863","37.4981356955","일반차로"
"24105","123000019","풍납1동동아한가람아파트","127.1144409964","37.5370174691","일반차로"
"24106","123000020","풍납동신성노바빌","127.1158760068","37.538146277","일반차로"
"24107","123000021","풍납동씨티극동아파트","127.1171232654","37.5392876113","일반차로"
"24108","123000022","풍납토성.천호역10번출구","127.1219626352","37.5389358276","일반차로"
"24109","123000023","영파여고.강동구청역","127.1205104608","37.5312540389","가로변전일"
"24110","123000024","풍납동극동.쌍용아파트","127.1180236157","37.5265632485","가로변시간"
"24111","123000025","풍납중학교","127.1149375554","37.5246379417","일반차로"
"24112","123000026","풍성중학교.잠실올림픽아이파크","127.1135650154","37.5248109306","일반차로"
"24113","123000027","아산생명과학연구원","127.1099764895","37.5248334207","일반차로"
"24114","123000028","서울아산병원동관","127.1071794656","37.5268880703","일반차로"
"24115","123000029","서울아산병원동관","127.1075881058","37.5270255668","일반차로"
"24116","123000030","풍납토성서성벽","127.1107357443","37.5314550714","일반차로"
"24117","123000648","송파두산위브.송파소방서","127.1416513795","37.5001266228","일반차로"
"24118","123000649","송파두산위브.송파소방서","127.1418761558","37.5000316637","일반차로"
"24119","123000031","토성초등학교.현대리버빌아파트","127.114543517","37.5300706557","일반차로"
"24120","123000032","한강극동아파트후문","127.112225803","37.5311067795","일반차로"
"24121","123000033","올림픽대교남단","127.115419","37.526761","일반차로"
"24122","123000654","마천역.송파파크센트럴","127.1513211166","37.4943493151","일반차로"
"24123","123000034","잠실파크리오아파트상가.올림픽회관","127.1146491783","37.521023915","가로변시간"
"24124","123000035","잠실파크리오.잠실래미안아이파크","127.1099150878","37.5196076645","일반차로"
"24125","123000036","잠실파크리오.잠실르엘","127.106058","37.519021","일반차로"
"24126","123000037","잠실래미안아이파크.잠실파크리오","127.11125","37.5196","일반차로"
"24127","123000038","몽촌토성역","127.113109","37.518515","가로변시간"
"24128","123000039","잠실래미안아이파크.잠실르엘","127.109397","37.516665","가로변시간"
"24129","123000040","잠실나루역.더샵스타리버","127.104243","37.518236","일반차로"
"24130","123000041","잠실중학교.장미종합상가","127.10066","37.51715","일반차로"
"24131","123000042","잠실중학교","127.100445","37.516785","일반차로"
"24132","123000043","잠실역8번출구","127.1015366899","37.514013177","일반차로"
"24133","123000044","잠실역7번출구","127.099443484","37.5146065479","일반차로"
"24134","123000045","잠실역1번.11번출구","127.1032419033","37.5140635066","일반차로"
"24135","123000046","잠실역9번출구","127.1042158389","37.5149140996","일반차로"
"24136","123000047","송파구청.방이맛골","127.1072176522","37.5139968944","일반차로"
"24137","123000048","잠실역6번출구","127.0988017918","37.5143926246","일반차로"
"24138","123000049","잠실역.롯데월드","127.0977630619","37.5129509238","일반차로"
"24139","123000050","잠실5단지","127.0939144028","37.5122132454","가로변전일"
"24140","123000051","잠실리센츠아파트앞","127.0913235945","37.5119152103","가로변시간"
"24141","123000052","잠실새내역.잠실2동주민센터","127.0872805398","37.5117722886","가로변시간"
"24142","123000053","잠실엘스아파트앞","127.0833904794","37.5118706155","가로변시간"
"24143","123000054","종합운동장사거리","127.0796844479","37.5120589943","가로변시간"
"24144","123000055","잠실종합운동장","127.0720732937","37.5111175337","가로변전일"
"24145","123000056","잠실트리지움아파트앞","127.091102025","37.5115214003","가로변전일"
"24146","123000057","잠실역.롯데월드","127.0981962498","37.51241161","가로변전일"
"24147","123000058","갤러리아팰리스","127.0929234933","37.511317434","일반차로"
"24148","123000059","잠실트리지움.송파경찰서교통센터","127.0926278344","37.5109779513","일반차로"
"24149","123000060","영동일고.레이크팰리스앞","127.0921466781","37.5088084767","일반차로"
"24150","123000061","영동일고.트리지움동문앞","127.091732","37.509037","일반차로"
"24151","123000670","송파레이크힐아파트","127.143618","37.485173","일반차로"
"24152","123000063","잠실학원사거리.잠실트리지움남문","127.0902574376","37.5076826578","일반차로"
"24153","123000064","잠실119안전센터","127.0947494345","37.5070078199","일반차로"
"24154","123000065","잠실종합운동장","127.073172","37.510665","일반차로"
"24155","123000066","아시아선수촌아파트","127.0784474662","37.5104100042","일반차로"
"24156","123000067","아주중학교","127.0765948239","37.5047809208","일반차로"
"24157","123000068","종합운동장사거리","127.0795554593","37.5116128425","가로변시간"
"24158","123000069","잠실새내역4번출구","127.0843635917","37.5114453148","가로변시간"
"24159","123000070","영빌딩앞","127.089623","37.506535","일반차로"
"24160","123000071","잠실우성4차현대아파트","127.0852075828","37.5052624454","일반차로"
"24161","123000072","잠실우성4차현대아파트","127.0853685093","37.5049573596","일반차로"
"24162","123000073","잠실근린공원.성현교회","127.081873","37.506274","일반차로"
"24163","123000074","아시아선수촌아파트삼거리.성현교회","127.0809929896","37.5061948176","일반차로"
"24164","123000075","아시아선수촌아파트","127.079036654","37.5098569453","일반차로"
"24165","123000076","아주중학교","127.0779320598","37.5053703912","일반차로"
"24166","123000077","삼전역","127.0889637793","37.5039320658","일반차로"
"24167","123000078","삼전역","127.0897903395","37.5039542558","일반차로"
"24168","123000079","송파구민회관.구의회","127.0947575704","37.5027059543","일반차로"
"24169","123000080","송파구민회관.구의회","127.0945601098","37.5024275447","일반차로"
"24170","123000081","삼학사길사거리","127.0969945434","37.5046915991","일반차로"
"24171","123000082","잠실119안전센터","127.0929452929","37.5070038465","일반차로"
"24172","123000083","삼밭나루어린이공원입구","127.0898346017","37.5062807775","일반차로"
"24173","123000084","삼전역.잠실현대아파트","127.0874731559","37.5034263635","일반차로"
"24174","123000085","삼전동현대APT","127.0874664895","37.5004306288","일반차로"
"24175","123000086","삼전동쌍용하이츠빌라","127.0908500813","37.4992253627","일반차로"
"24176","123000087","삼전사회복지관","127.0942398906","37.498093007","일반차로"
"24177","123000088","배명중고교","127.0966612411","37.5001551941","일반차로"
"24178","123000089","석촌고분역","127.0983927355","37.5026705428","일반차로"
"24179","123000090","석촌고분역","127.0986427773","37.5024287111","일반차로"
"24180","123000091","석촌역.잠실한솔아파트","127.1052845803","37.5045154646","일반차로"
"24181","123000092","석촌역.잠실한솔아파트","127.1056431899","37.504393607","일반차로"
"24182","123000671","송파레이크파크호반써밋2차정문","127.143358","37.48504","일반차로"
"24183","123000094","삼학사길사거리","127.0972566454","37.5040381549","일반차로"
"24184","123000095","배명중고교","127.0969106203","37.4997098452","일반차로"
"24185","123000096","석촌동남현교회앞","127.1006951845","37.49902004","일반차로"
"24186","123000097","석촌동남현교회앞","127.1002693019","37.4988052989","일반차로"
"24187","123000098","송파책박물관.헬리오시티","127.1044857249","37.5002341376","일반차로"
"24188","123000099","송파책박물관.헬리오시티","127.1040226991","37.4999173582","일반차로"
"24189","123000100","송파사거리.석촌시장","127.1091779641","37.5015446024","일반차로"
"24190","123000101","송파사거리","127.1087521268","37.5016111846","일반차로"
"24191","123000102","송파역.헬리오시티","127.1110144742","37.5005814149","일반차로"
"24192","123000677","위례포레샤인13단지공원","127.1362423559","37.4831525877","일반차로"
"24193","123000104","송파여성문화회관","127.1094493659","37.5069356421","일반차로"
"24194","123000105","송파여성문화회관","127.1096247621","37.5067280867","일반차로"
"24195","123000106","송파초등학교.송파동성당","127.111297551","37.5091624679","일반차로"
"24196","123000107","송파초등학교.송파동성당","127.111379311","37.5087366131","일반차로"
"24197","123000108","방이사거리","127.1107862085","37.5106676569","일반차로"
"24198","123000680","포레나송파후문","127.146938","37.484588","일반차로"
"24199","123000632","송파나루역","127.1132143042","37.5095628649","일반차로"
"24200","123000111","한양공원","127.1138832242","37.5038731127","일반차로"
"24201","123000112","송파동한양1차아파트","127.1154171073","37.5059567152","일반차로"
"24202","123000113","서울방이동고분군","127.1151707999","37.5084245055","일반차로"
"24203","123000114","송파역","127.1129081285","37.4992928463","가로변전일"
"24204","123000115","잠실더샵루벤","127.1174306486","37.4997831426","일반차로"
"24205","123000116","송파동삼익아파트","127.1219127896","37.5029232975","일반차로"
"24206","123000117","송파미성.가락삼익아파트","127.1203825294","37.5060869823","일반차로"
"24207","123000118","송파한양2차아파트","127.1157233661","37.5059979239","일반차로"
"24208","123000119","한양공원","127.113797","37.503707","일반차로"
"24209","123000120","잠실여고후문","127.112010612","37.5025722156","일반차로"
"24210","123000121","방이중학교","127.114367187","37.5141640145","일반차로"
"24211","123000122","한성백제역4번출구","127.1153631525","37.514991586","일반차로"
"24212","123000123","송파나루역.방이전통시장서문","127.1124463657","37.5110032307","일반차로"
"24213","123000124","송파나루역.방이전통시장서문","127.1129451561","37.5110903245","일반차로"
"24214","123000125","송파나루역","127.1116741986","37.5106794362","일반차로"
"24215","123000126","송파구청.방이맛골","127.1077935895","37.5133521526","일반차로"
"24216","123000127","잠실래미안아이파크.잠실르엘","127.1096189729","37.5161753691","가로변전일"
"24217","123000128","올림픽베어스타운아파트앞","127.1191035641","37.5148280531","일반차로"
"24218","123000129","방이초등학교","127.1191093326","37.5118704957","일반차로"
"24219","123000130","방이전통시장동문","127.1180475372","37.5101122511","일반차로"
"24220","123000131","방이우체국","127.1139245961","37.5095130652","일반차로"
"24221","123000132","서울방이초교.올림픽공원남2문","127.1214072807","37.5140240154","일반차로"
"24222","123000133","올림픽공원장미광장","127.1249201549","37.512651295","일반차로"
"24223","123000134","방이역3번출구.대림아파트","127.1256144074","37.5084180897","일반차로"
"24224","123000135","잠실3차한양아파트","127.1217137999","37.5059143549","일반차로"
"24225","123000136","방이전통시장동문","127.1181178868","37.5098959398","일반차로"
"24226","123000137","방이초등학교","127.1194587268","37.5120164557","일반차로"
"24227","123000138","신구블레스밸리앞","127.1214991808","37.5114130601","일반차로"
"24228","123000139","신구블레스밸리","127.1218814103","37.511617539","일반차로"
"24229","123000140","방이동대림.코오롱아파트","127.1242379509","37.5091863822","일반차로"
"24230","123000141","방이동대림.코오롱아파트","127.1240112053","37.509558775","일반차로"
"24231","123000142","올림픽회관","127.1151501871","37.5209125924","가로변전일"
"24232","123000143","풍납동극동.쌍용아파트","127.1186989404","37.5268432202","가로변전일"
"24233","123000584","한성백제박물관","127.1193031384","37.5155282741","일반차로"
"24234","123000144","서울체육중.고등학교","127.1313779815","37.5222031515","일반차로"
"24235","123000145","둔촌오륜역.서문교회","127.1397435665","37.5184657678","일반차로"
"24236","123000146","서하남IC입구","127.142813844","37.5171037198","일반차로"
"24237","123000147","효죽동입구","127.142062","37.513062","일반차로"
"24238","123000672","포레나송파정문","127.1481048785","37.4871132362","일반차로"
"24239","123000149","올림픽공원장미광장","127.1261589886","37.5128834629","일반차로"
"24240","123000150","올림픽공원남2문","127.1218099465","37.5146224597","일반차로"
"24241","123000151","몽촌토성역.한성백제역","127.1146313009","37.5171997563","일반차로"
"24242","123000152","보성중고등학교","127.1335690395","37.5200225221","일반차로"
"24243","123000153","보성중고등학교","127.1330029301","37.5197348402","일반차로"
"24244","123000154","올림픽공원역","127.1308988886","37.5167177922","일반차로"
"24245","123000155","올림픽공원역","127.1314785378","37.516324269","일반차로"
"24246","123000156","올림픽공원테니스장","127.1285971938","37.5132952952","일반차로"
"24247","123000157","올림픽선수촌아파트","127.1293296238","37.5133215257","일반차로"
"24248","123000158","방이역","127.1264971658","37.5088511089","일반차로"
"24249","123000159","오금역.오금동현대아파트","127.1264326302","37.5032944565","일반차로"
"24250","123000160","오금공원앞","127.1329750231","37.4992235146","일반차로"
"24251","123000161","개롱역.오금동상아아파트","127.1359380431","37.497653816","일반차로"
"24252","123000162","보인고교.오금동삼성아파트","127.138225687","37.4964468948","일반차로"
"24253","123000163","송파사회복지관.성요셉성당","127.1407036537","37.4980789633","일반차로"
"24254","123000164","거여초등학교","127.1402155083","37.502548108","일반차로"
"24255","123000165","거여초등학교","127.140012","37.50241","일반차로"
"24256","123000166","시그니처요양병원","127.1375165211","37.5036199871","일반차로"
"24257","123000167","시그니처요양병원","127.1374117762","37.5038625052","일반차로"
"24258","123000168","신흥운수입구","127.1353925625","37.5043505304","일반차로"
"24259","123000169","신흥운수입구","127.1341530556","37.5050336659","일반차로"
"24260","123000170","송파레미니스후문","127.1354499522","37.5061531582","일반차로"
"24261","123000171","송파레미니스후문","127.135317","37.506195","일반차로"
"24262","123000172","오금공원사거리","127.1310600773","37.506034168","일반차로"
"24263","123000173","오금공원사거리","127.1310586523","37.5063791494","일반차로"
"24264","123000174","오금동대림아파트","127.1279923625","37.5079159405","일반차로"
"24265","123000175","오금동대림아파트","127.1281153138","37.5076510292","일반차로"
"24266","123000176","송파도서관","127.136481","37.500556","일반차로"
"24267","123000177","우창아파트","127.1360639933","37.4997505359","일반차로"
"24268","123000178","오금동사거리","127.1378915552","37.5027436793","일반차로"
"24269","123000179","오금동사거리","127.138162","37.502775","일반차로"
"24270","123000180","거여역1번출구","127.1426661724","37.4940540879","일반차로"
"24271","123000181","거여역8번출구.현대1차아파트","127.1424783113","37.4938176621","일반차로"
"24272","123000182","송파체육문회회관.서울인공지능고","127.1433758342","37.4908038511","일반차로"
"24273","123000183","거여역2번출구","127.1447634037","37.4943119554","일반차로"
"24274","123000184","송파사회복지관.성요셉성당","127.140953","37.498118","일반차로"
"24275","123000185","송파체육문회회관.거여아파트단지","127.1435753484","37.4904638928","일반차로"
"24276","123000186","거여역5번출구","127.145676706","37.492903745","일반차로"
"24277","123000187","거여역4번출구","127.1456917976","37.4931392222","일반차로"
"24278","123000188","송파파크센트럴","127.148924","37.492941","일반차로"
"24279","123000189","거여삼거리","127.152763","37.492768","일반차로"
"24280","123000190","비호아파트","127.1541840407","37.4920054572","일반차로"
"24281","123000640","동현빌딩","127.135","37.50532","일반차로"
"24282","123000192","마천1동주민센터.송파롯데캐슬","127.1496062555","37.4957685389","일반차로"
"24283","123000193","마천2동주민센터.송파롯데캐슬","127.1482313861","37.4967388534","일반차로"
"24284","123000194","거여역3번출구.현대2차아파트","127.1450941869","37.4942807491","일반차로"
"24285","123000195","마천1동주민센터","127.1498825172","37.495710391","일반차로"
"24286","123000196","마천역.송파파크센트럴","127.1522337071","37.4934555292","일반차로"
"24287","123000197","비호아파트","127.15409","37.492178","일반차로"
"24288","123000198","남한산성입구","127.157155","37.490972","일반차로"
"24289","123000199","송파구립마천청소년센터","127.156741","37.4916","일반차로"
"24290","123000200","송파구립마천청소년센터","127.1567901158","37.4918330886","일반차로"
"24291","123000201","송파보훈회관.금호어울림2차","127.1558084636","37.4939681019","일반차로"
"24292","123000202","송파보훈회관.금호어울림2차","127.155567","37.493992","일반차로"
"24293","123000203","마천동금호어울림1차아파트","127.1541947193","37.4971997434","일반차로"
"24294","123000204","마천동금호어울림1차아파트","127.154075","37.497978","일반차로"
"24295","123000205","마천시장.마천동우방아파트앞","127.15151","37.499937","일반차로"
"24296","123000206","남천초교.마천동우방아파트앞","127.1519312753","37.4999186245","일반차로"
"24297","123000207","청암노인요양원","127.148553","37.501352","일반차로"
"24298","123000208","청암노인요양원","127.150052252","37.5010794011","일반차로"
"24299","123000209","마천사거리","127.1466290856","37.4985293494","일반차로"
"24300","123000210","마천사거리","127.1471","37.49872","일반차로"
"24301","123000211","마천2동윤진빌딩.신동아아파트","127.1440592408","37.4996357865","일반차로"
"24302","123000212","마천2동윤진빌딩.신동아아파트","127.1442444466","37.4996759516","일반차로"
"24303","123000213","마천2동주민센터","127.1480088453","37.4970139451","일반차로"
"24304","123000685","성내천공원","127.147632","37.50072","일반차로"
"24305","123000215","복정역1번출구","127.127123","37.472757","일반차로"
"24306","123000684","거여1동주민센터","127.1456268495","37.4963456501","일반차로"
"24307","123000217","건영아파트","127.126677","37.481675","일반차로"
"24308","123000218","문현중학교","127.12675","37.479987","일반차로"
"24309","123000219","문현중학교","127.1269147543","37.4800743082","일반차로"
"24310","123000220","문덕초등학교.문정고등학교","127.126405225","37.483681076","일반차로"
"24311","123000221","문정푸르지오1차아파트","127.12834","37.486465","일반차로"
"24312","123000222","힐스테이트e편한세상문정","127.1319278009","37.488923933","일반차로"
"24313","123000223","문정시영.가락프라자아파트","127.1345693493","37.4912230266","일반차로"
"24314","123000224","문정시영.세양청마루아파트","127.1359635544","37.492386841","일반차로"
"24315","123000225","한림연예예술고교","127.1314174837","37.4853687826","일반차로"
"24316","123000226","한림연예예술고교","127.131745","37.485403","일반차로"
"24317","123000227","문현초등학교","127.128678","37.482985","일반차로"
"24318","123000228","문현초등학교","127.1289699022","37.4833837494","일반차로"
"24319","123000229","문정1동주민센터.로데오거리","127.1245252779","37.4903961143","일반차로"
"24320","123000652","위례포레샤인18단지","127.1526631771","37.4892413416","일반차로"
"24321","123000653","위례포레샤인18단지","127.151796207","37.4890091099","일반차로"
"24322","123000232","문덕초등학교.문정고등학교","127.126295","37.483395","일반차로"
"24323","123000233","문정푸르지오2차아파트","127.127177779","37.4871576085","일반차로"
"24324","123000234","문정푸르지오2차아파트","127.126833","37.486845","일반차로"
"24325","123000235","문정동래미안아파트","127.1293381553","37.492042028","일반차로"
"24326","123000236","문정래미안.현대아파트앞","127.128978","37.491672","일반차로"
"24327","123000237","가락현대1차아파트후문","127.1276179735","37.4906606253","일반차로"
"24328","123000238","가락현대1차아파트후문","127.127615143","37.490326319","일반차로"
"24329","123000239","가락현대1차아파트정문","127.1289549161","37.4927542422","일반차로"
"24330","123000240","문정역2번출구","127.124515454","37.4862512301","일반차로"
"24331","123000241","문정역2번출구","127.1246073352","37.4861229899","일반차로"
"24332","123000242","두데미공원.장지동주민센터","127.1318745943","37.4892100622","일반차로"
"24333","123000243","문정2동주민센터.송파청소년센터","127.1125408941","37.490476805","일반차로"
"24334","123000244","훼미리근린공원","127.114910023","37.4911854953","일반차로"
"24335","123000245","문정로데오거리입구","127.1194204688","37.4910256051","가로변전일"
"24336","123000673","포레나송파정문","127.1485868096","37.4870713137","일반차로"
"24337","123000637","서울위례별초교","127.143837","37.478319","일반차로"
"24338","123000634","오금역2번출구","127.1287989134","37.5018326648","일반차로"
"24339","123000635","오금역3번출구","127.128894031","37.5012913132","일반차로"
"24340","123000249","장지동","127.1263366558","37.4691472156","일반차로"
"24341","123000662","위례포레샤인18단지남문","127.1527658305","37.4869008429","일반차로"
"24342","123000663","힐스테이트센트럴위례","127.153384","37.486908","일반차로"
"24343","123000252","건너말공원입구","127.1253325788","37.4927509283","일반차로"
"24344","123000253","가락동미륭아파트","127.1282354597","37.4926622084","일반차로"
"24345","123000254","가락쌍용1차아파트","127.1304312751","37.4943836148","일반차로"
"24346","123000255","송파중학교","127.1315012297","37.4963729647","일반차로"
"24347","123000256","가락현대5차아파트","127.131703","37.499572","일반차로"
"24348","123000257","개롱역3번출구","127.1353725131","37.4976665567","일반차로"
"24349","123000258","보인고교.가락삼환아파트","127.137465","37.496575","일반차로"
"24350","123000259","송파배드민턴체육관","127.1380346597","37.494463284","일반차로"
"24351","123000260","문정시영.세영청마루아파트","127.1357194046","37.4924556056","일반차로"
"24352","123000261","문정시영.가락프라자아파트","127.133716891","37.4907268695","일반차로"
"24353","123000262","가락프라자아파트정문","127.1340582227","37.4931089642","일반차로"
"24354","123000263","가락프라자아파트정문","127.1342992774","37.4930607661","일반차로"
"24355","123000264","가락극동아파트정문","127.1321418391","37.4948883584","일반차로"
"24356","123000265","가락극동아파트정문","127.1313314941","37.4952844366","일반차로"
"24357","123000266","가락동극동아파트","127.1318312665","37.4962572557","일반차로"
"24358","123000267","가락쌍용1차아파트","127.1298582661","37.4939454088","일반차로"
"24359","123000268","가주초등학교","127.128857243","37.4971454197","일반차로"
"24360","123000269","가동초등학교","127.1286578231","37.497545667","일반차로"
"24361","123000270","가락2동주민센터","127.1268492824","37.4988632917","일반차로"
"24362","123000271","가락2동주민센터","127.1267122675","37.4987661196","일반차로"
"24363","123000272","가락시장.가락시장역","127.1172843207","37.4944478594","일반차로"
"24364","123000273","문정로데오거리입구","127.1204716628","37.4904599734","가로변전일"
"24365","123000274","문정1동주민센터.로데오거리","127.124332183","37.490659852","일반차로"
"24366","123000275","건너말공원입구","127.1250181262","37.4927143163","일반차로"
"24367","123000597","샛별어린이공원입구","127.1208958419","37.4975395069","일반차로"
"24368","123000596","샛별어린이공원입구","127.121253598","37.4975895389","일반차로"
"24369","123000278","송파경찰서.오금역","127.1268712547","37.5026698156","일반차로"
"24370","123000279","가락쌍용2차아파트","127.1221012808","37.5025149139","일반차로"
"24371","123000280","가락대림아파트","127.1179869266","37.4996815135","일반차로"
"24372","123000281","신가초등학교","127.120215","37.498817","일반차로"
"24373","123000282","신가초등학교","127.1201688051","37.4984292292","일반차로"
"24374","123000283","석촌중학교후문","127.1229196393","37.4998335741","일반차로"
"24375","123000284","석촌중학교후문","127.123203452","37.4998583625","일반차로"
"24376","123000664","포레나송파","127.149250645","37.484704625","일반차로"
"24377","123000286","경찰병원.KT가락지사","127.1222432156","37.4959261628","일반차로"
"24378","123000287","경찰병원.KT가락지사","127.1223707692","37.496234994","일반차로"
"24379","123000288","경찰병원.서울동부고용노동지청","127.1223372934","37.4946736667","일반차로"
"24380","123000289","가락시장역4번출구.제일오피스텔","127.1197227845","37.4932167146","일반차로"
"24381","123000665","위례호반써밋","127.14964829","37.484321154","일반차로"
"24382","123000291","경찰병원.서울동부고용노동지청","127.1226224186","37.4944255943","일반차로"
"24383","123000668","북위례입구","127.156522","37.488952","일반차로"
"24384","123000669","북위례입구","127.1567449314","37.4886660152","일반차로"
"24385","123000294","가락시장.가락시장역","127.1171509252","37.4937628733","일반차로"
"24386","123000295","가락시장.가락몰","127.115874","37.491843","일반차로"
"24387","123000296","가락시장남문","127.1122487287","37.4907819227","일반차로"
"24388","123000297","가락시장?헬리오시티","127.1049619108","37.4943840396","일반차로"
"24389","123000298","가락시장.헬리오시티","127.1062542896","37.4951999021","일반차로"
"24390","123000299","가락1동주민센터","127.1098466383","37.4962977643","일반차로"
"24391","123000300","서울방이동고분군","127.116198465","37.5082096607","일반차로"
"24392","123000301","문정푸르지오1차아파트","127.1283056048","37.4866641411","일반차로"
"24393","123000302","토성오거리","127.119083394","37.5320618822","일반차로"
"24394","123000303","풍납토성서성벽","127.1098762971","37.5297957798","일반차로"
"24395","123000609","가락시장동문","127.1160111131","37.4951463191","일반차로"
"24396","123000305","몽촌토성역.한성백제역","127.1136027575","37.5170403874","일반차로"
"24397","123000306","풍납동강변현대아파트","127.1112169853","37.5336350409","일반차로"
"24398","123000667","서울위례별초교.위례별유치원","127.1448746324","37.4780339719","일반차로"
"24399","123000682","송례중학교.송파꿈에그린","127.1414973009","37.4773101292","일반차로"
"24400","123000309","홍이공원","127.1247919705","37.5002054217","일반차로"
"24401","123000310","홍이공원","127.1248261618","37.500414976","일반차로"
"24402","123000311","송파파크센트럴","127.1495066063","37.4926552279","일반차로"
"24403","123000312","거여역7번출구","127.143927","37.492387","일반차로"
"24404","123000313","거여역6번출구","127.1440917844","37.4919573794","일반차로"
"24405","123000678","덕수고등학교","127.1462249529","37.4855576081","일반차로"
"24406","123000315","풍납2동주민센터","127.116059","37.52956","일반차로"
"24407","123000316","복정역환승센터1번승강장","127.1273151082","37.4701247674","일반차로"
"24408","123000317","오륜사거리","127.1392233095","37.5053972109","일반차로"
"24409","123000318","오륜사거리","127.1386561317","37.5045363345","일반차로"
"24410","123000613","위례중앙푸르지오.신안인스빌","127.1433042987","37.4748414391","일반차로"
"24411","123000624","위례신안인스빌.중앙푸르지오","127.1439249265","37.4757124112","일반차로"
"24412","123000615","송파와이즈더샵.위례센트로엘","127.1440806985","37.4771037831","일반차로"
"24413","123000614","송파와이즈더샵.위례센트로엘","127.144389265","37.4776084685","일반차로"
"24414","123000617","위례별초등학교.위례2차아이파크","127.1442346974","37.4795390683","일반차로"
"24415","123000616","위례별초등학교.위례스타힐스","127.1445584544","37.4803383177","일반차로"
"24416","123000618","위례동주민센터.위례스타힐스","127.1436820638","37.4813570555","일반차로"
"24417","123000619","위례동주민센터.위례송파푸르지오","127.1429793251","37.4815613884","일반차로"
"24418","123000620","힐스테이트송파.송파더센트레","127.1419922382","37.4794843685","일반차로"
"24419","123000622","송파더센트레.힐스테이트송파","127.1416454766","37.4794453423","일반차로"
"24420","123000329","복정역2번출구","127.1268694814","37.4692838154","일반차로"
"24421","123000650","세계로병원","127.1418426303","37.4865518064","일반차로"
"24422","123000651","세계로병원","127.141787","37.487287","일반차로"
"24423","123000679","덕수고등학교","127.146286894","37.4854313904","일반차로"
"24424","123000655","송파레이크파크호반써밋1차","127.140415813","37.4838955381","일반차로"
"24425","123000656","송파레이크파크호반써밋2차","127.1406157055","37.4834695741","일반차로"
"24426","123000658","위례포레샤인13단지","127.1386672185","37.4829560499","일반차로"
"24427","123000657","송파레이크파크호반써밋1차정문","127.1380740615","37.4831887542","일반차로"
"24428","123000681","송파위례리슈빌","127.1478419413","37.4841838117","일반차로"
"24429","123000337","남한산성입구","127.157278","37.49096","일반차로"
"24430","123000338","서울아산병원장례식장","127.1074534384","37.524639581","일반차로"
"24431","123000339","갑을.미성아파트","127.1124809949","37.5352961895","일반차로"
"24432","123000340","송파배드민턴체육관","127.1380635927","37.494207337","일반차로"
"24433","123000644","위례31단지정문","127.1327885717","37.4734882637","일반차로"
"24434","123000342","풍납중학교앞","127.1152307919","37.5247728207","일반차로"
"24435","123000343","복정역3번출구","127.1239612069","37.4697320643","일반차로"
"24436","123000344","새마을시장","127.0867330139","37.5088577164","일반차로"
"24437","123000345","잠실학원사거리.잠실트리지움남문","127.0893716473","37.5075860124","일반차로"
"24438","123000346","삼전역.잠실현대아파트","127.087268","37.503762","일반차로"
"24439","123000630","위례포레샤인.위례31단지후문","127.1339747337","37.4748523857","일반차로"
"24440","123000631","위례31단지.위례포레샤인후문","127.1337369645","37.474649928","일반차로"
"24441","123000638","위례송파더센트레.송파푸르지오","127.1384657534","37.4794716366","일반차로"
"24442","123000639","장지역2번출구","127.126673162","37.4782723708","일반차로"
"24443","123000636","위례송파푸르지오.송파더센트레","127.13887","37.480622","일반차로"
"24444","123000352","가락시장역5번출구","127.1195353388","37.4926740479","일반차로"
"24445","123000353","올림픽대교남단교차로","127.11681","37.525152","일반차로"
"24446","123000354","장지공영차고지","127.1358870728","37.4805107902","일반차로"
"24447","123000355","장지공영차고지","127.1356440835","37.4805606249","일반차로"
"24448","123000356","아이코리아","127.1333949101","37.4809686394","일반차로"
"24449","123000357","송파파인타운11.12단지","127.132114","37.479127","일반차로"
"24450","123000602","송파파인타운7단지","127.1316532003","37.479031172","일반차로"
"24451","123000359","송파파인타운10단지.13단지","127.1292369392","37.4775944779","일반차로"
"24452","123000360","송파파인타운8단지.9단지","127.1274733427","37.4780867697","일반차로"
"24453","123000361","송파구립산모건강증진센터","127.1273092136","37.4779844895","일반차로"
"24454","123000362","문정푸르지오3차아파트","127.132886471","37.486694466","일반차로"
"24455","123000363","문정푸르지오3차아파트","127.132993","37.486505","일반차로"
"24456","123000364","잠실여고후문","127.1116190362","37.5025010936","일반차로"
"24457","123000365","건영아파트앞","127.126489","37.481838","일반차로"
"24458","123000366","잠실새내역2번출구","127.0860380725","37.5104224501","일반차로"
"24459","123000367","삼성래미안파크팰리스아파트앞","127.132413","37.499257","일반차로"
"24460","123000586","서울버스종점","127.1369279275","37.4806082049","일반차로"
"24461","123000585","서울버스종점","127.1377801895","37.4803796141","일반차로"
"24462","123000370","송파파인타운2단지.한림예고","127.132647","37.485133","일반차로"
"24463","123000371","송파파인타운3단지.한림예고","127.132645","37.484826","일반차로"
"24464","123000372","송파글마루도서관.버들어린이집","127.131555","37.481607","일반차로"
"24465","123000373","송파글마루도서관.버들어린이집","127.131337","37.481598","일반차로"
"24466","123000374","문현고등학교.송파파인타운5단지","127.129475","37.480632","일반차로"
"24467","123000375","문현고등학교","127.1291235096","37.4806625366","일반차로"
"24468","123000376","풍납현대아파트","127.1193610526","37.5287587812","가로변시간"
"24469","123000377","문정3차푸르지오아파트.송파파인타운1단지","127.1335864078","37.4866738525","일반차로"
"24470","123000378","문정3차푸르지오아파트.송파파인타운1단지","127.1333836546","37.4864839486","일반차로"
"24471","123000379","아이코리아앞","127.13364","37.48096","일반차로"
"24472","123000380","가든파이브웍스동","127.121195","37.478215","일반차로"
"24473","123000381","가든파이브웍스동","127.1212593757","37.4782546079","일반차로"
"24474","123000645","위례31단지정문","127.132278952","37.4725899491","일반차로"
"24475","123000382","장지역.가든파이브라이프동","127.1246144045","37.4790724082","일반차로"
"24476","123000383","장지역.가든파이브라이프동","127.124888","37.479007","일반차로"
"24477","123000384","가든파이프툴동","127.1193612432","37.4791477338","일반차로"
"24478","123000385","가든파이브툴동","127.1193072186","37.4789969804","일반차로"
"24479","123000507","잠실대교전망쉼터","127.0951336442","37.5201071463","일반차로"
"24480","123000508","잠실대교전망쉼터","127.09479","37.519993","일반차로"
"24481","123000522","석촌호수서호사거리","127.0984075632","37.5063212494","일반차로"
"24482","123000521","석촌호수서호사거리","127.099235139","37.5065890171","일반차로"
"24483","123000520","미켈란호수가아파트","127.1026500655","37.5076563193","일반차로"
"24484","123000519","미켈란호수가아파트","127.1031124564","37.5081977473","일반차로"
"24485","123000518","호수임광아파트","127.1067263617","37.5106263397","일반차로"
"24486","123000517","호수임광아파트","127.1072025448","37.5113882396","일반차로"
"24487","123000542","송파파인타운아파트11단지","127.1332433117","37.4783671481","일반차로"
"24488","123000541","송파파인타운아파트11단지","127.1331775188","37.4784596838","일반차로"
"24489","123000583","문정중학교후문","127.1302736326","37.4886487088","일반차로"
"24490","123000582","문정동래미안아파트남문","127.130446385","37.4888309722","일반차로"
"24491","123000567","파크데일아파트입구","127.1548937216","37.4975389586","일반차로"
"24492","123000576","위례아이파크아파트앞","127.1411478405","37.4758687793","일반차로"
"24493","123000574","송파더센트레.송례초앞","127.1391565065","37.4785382811","일반차로"
"24494","123000573","송파더센트레.송례중앞","127.1407082374","37.4782159275","일반차로"
"24495","123000575","송파꿈에그린아파트","127.1407699426","37.4749448409","일반차로"
"24496","123000578","송파푸르지오시티.한화오벨리스크","127.1201781904","37.4810278722","일반차로"
"24497","123000577","송파푸르지오시티.한화오벨리스크","127.1203869879","37.480800155","일반차로"
"24498","123000580","파크데일아파트입구","127.1547623047","37.4977775358","일반차로"
"24499","123000319","복정역","127.1257548303","37.4700651629","일반차로"
"24500","123000659","복정역환승센터2번승강장","127.1274120389","37.4698297575","일반차로"
"24501","123000706","잠실르엘.잠실파크리오아파트","127.106519","37.518852","일반차로"
"24503","123000660","복정역환승센터3번승강장","127.1275897549","37.4699297672","일반차로"
"24505","123900002","송파역","127.1123582001","37.4998736805","마을버스"
"24506","123000661","복정역환승센터4번승강장","127.1276409489","37.4698272579","일반차로"
"24508","123900001","송파역.헬리오시티","127.11185","37.499696","마을버스"
"24509","123000683","송례중학교.위례아이파크","127.1418222785","37.4776912721","일반차로"
"24510","123000610","잠실4동주민센터.파크리오B상가","127.1130749603","37.5201133052","일반차로"
"24511","123900007","송파호반베르디움더퍼스트","127.1409196828","37.5068525741","마을버스"
"24512","123900008","오륜사거리","127.1390323102","37.5076048967","마을버스"
"24513","123900009","세륜중학교","127.1327808841","37.5077359773","마을버스"
"24514","123900010","오금공원","127.1318934673","37.5063719498","마을버스"
"24515","123900011","오금역.오금고교","127.1288453455","37.503023576","마을버스"
"24516","123900012","송파삼성래미안아파트","127.1199757658","37.5046817564","마을버스"
"24517","123900013","송파현대아파트.가락중학교","127.1182081377","37.5029952401","마을버스"
"24518","123900014","가락고등학교","127.1173726287","37.5016524892","마을버스"
"24519","123900015","가락동부센트레빌아파트","127.1173972093","37.4992940827","마을버스"
"24520","123900016","가락중학교","127.1174128987","37.5020916893","마을버스"
"24521","123900017","가락중학교.래미안송파파인탑","127.1185509959","37.5030501232","마을버스"
"24522","123900018","가락삼익맨숀","127.1207656439","37.5053206649","마을버스"
"24523","123900019","오금역.오금고교","127.1290567413","37.5026426706","마을버스"
"24524","123900020","오금공원","127.1316965673","37.5053450242","마을버스"
"24525","123900021","세륜중학교","127.1327851946","37.5069768763","마을버스"
"24526","123900022","송파호반베르디움더퍼스트","127.1408739816","37.5066071049","마을버스"
"24527","123900023","송파파인타운1단지","127.1335563626","37.4859240011","마을버스"
"24528","123900024","송파파인타운2단지","127.1312223337","37.4831672798","마을버스"
"24529","123900025","송파파크하비오푸르지오","127.1221457814","37.481230834","마을버스"
"24530","123900026","서울동부지방법원.검찰청","127.1209227388","37.4835093905","마을버스"
"24531","123900028","문정법조단지","127.1178396471","37.4857852983","마을버스"
"24532","123900029","올림픽훼밀리타운아파트","127.1143350005","37.486396637","마을버스"
"24533","123900030","올림픽훼밀리타운아파트","127.1143068773","37.4861852124","마을버스"
"24534","123900031","문정법조단지","127.1172087865","37.485461563","마을버스"
"24535","123900032","서울동부지방법원.검찰청","127.120423108","37.4839333746","마을버스"
"24536","123900033","송파아이파크오피스텔","127.1223531594","37.480135894","마을버스"
"24537","123900034","송파파인타운3단지","127.1317656182","37.4834955431","마을버스"
"24538","123900035","송파파인타운1단지","127.13362813","37.4856559756","마을버스"
"24540","123900036","석촌역4번출구","127.1082077956","37.5044971537","마을버스"
"24542","123900038","잠실역.롯데호텔","127.1009963581","37.5117453632","마을버스"
"24543","123900037","석촌역5번출구","127.1075771324","37.5043918616","마을버스"
"24546","123900041","송파레이크파크호반써밋1차후문","127.1402122392","37.4853779376","마을버스"
"24547","123900043","문정역테라타워","127.1203282453","37.4847083381","마을버스"
"24548","123900044","서울한방병원","127.1154762459","37.4856051778","마을버스"
"24550","123900046","힐스테이트에코송파","127.1152698905","37.4856008742","마을버스"
"24551","123900047","문정현대지식산업센터","127.1196511155","37.4855041652","마을버스"
"24552","123900042","송파레이크파크호반써밋1차후문","127.1400480883","37.4851045404","마을버스"
"24553","123900053","롯데월드.샤롯데","127.1007138773","37.5108000421","마을버스"
"24554","123900054","잠실롯데월드","127.0986613969","37.5101322868","마을버스"
"24555","123900055","레이크팰리스아파트","127.0972742883","37.5089193339","마을버스"
"24556","123900056","삼전동주민센터","127.091536","37.503537","마을버스"
"24557","123900057","삼전역","127.0890344319","37.5039049824","마을버스"
"24559","123900048","레이크팰리스아파트","127.0975648159","37.5083717341","마을버스"
"24560","123900049","잠실롯데월드","127.0986440577","37.5098484849","마을버스"
"24561","123900050","롯데월드.샤롯데","127.1008816654","37.5105673984","마을버스"
"24562","123900051","잠실르엘아파트.송파구청","127.106224","37.516533","마을버스"
"24565","123000690","잠실역2번출구","127.101458","37.512089","마을버스"
"24566","123000705","잠실르엘.잠실래미안아이파크","127.10827","37.518174","마을버스"
"24567","123000693","글샘공원.송파파크하비오푸르지오","127.123245","37.479108","마을버스"
"24569","123000694","잠실나루역","127.104951","37.52057","마을버스"
"24571","123000695","잠실나루역","127.104677","37.520416","마을버스"
"24573","123000702","장지역.한우물공원","127.125119","37.479268","마을버스"
"24574","123000703","송파위례리슈빌","127.147733","37.484226","마을버스"
"24610","123000536","장미아파트","127.1019710491","37.5173487678","일반차로"
"24611","123000535","잠실파크리오아파트","127.1111728641","37.5195043439","일반차로"
"24614","123000704","효죽동입구","127.142135","37.512488","일반차로"
"24620","123000563","잠실롯데월드호텔.롯데타워","127.1005887227","37.5107355359","일반차로"
"24653","123000603","위례포레샤인.송파꿈에그린서문","127.1372888376","37.4773218515","일반차로"
"24654","123000604","송파꿈에그린서문.위례포레샤인","127.1374571207","37.4766121113","일반차로"
"24658","123000436","복정역환승주차장","127.128144","37.470728","일반차로"
"24662","123000440","잠실새내역","127.08406","37.511957","가로변전일"
"24710","123000487","잠실종합운동장","127.0721954509","37.5111066459","가로변전일"
"24711","123000488","잠실종합운동장","127.073353","37.510689","가로변전일"
"24715","123000492","잠실역","127.096996375","37.5126667117","가로변전일"
"24728","123000504","잠실새내역","127.0836048934","37.5114109026","가로변시간"
"24735","123000529","가락동","127.114656666","37.4912597976","일반차로"
"24736","123000528","경찰병원.서울동부고용노동지청","127.1221696692","37.4941647715","일반차로"
"24740","123000524","경찰병원.서울동부고용노동지청","127.1221914316","37.4944500949","일반차로"
"24741","123000523","가락동","127.115336","37.491693","일반차로"
"24744","123000538","올림픽선수촌아파트","127.1311811146","37.5161644017","일반차로"
"24745","124000353","올림픽선수촌아파트","127.13086206","37.5164463191","일반차로"
"24766","123000558","오금역","127.1276490642","37.5011800665","일반차로"
"24767","123000559","오금역","127.1266415755","37.5006022549","일반차로"
"24768","123000560","오금동","127.1321672517","37.5060990899","일반차로"
"24769","123000561","오금동","127.132089393","37.5066818144","일반차로"
"24770","123000556","방이동","127.1296714627","37.5115033761","일반차로"
"24771","123000557","방이동","127.1287692349","37.5110954671","일반차로"
"24801","123000512","장지역","127.126368963","37.4775131709","일반차로"
"24901","123000641","장미광장","127.1270390731","37.5125528466","일반차로"
"24902","123000642","한성백제박물관","127.1196010139","37.515418852","일반차로"
"24903","123000643","올림픽공원평화의문","127.1150080134","37.5170704843","일반차로"
"24904","123000686","풍납초등학교","127.11855","37.533949","일반차로"
"24907","123000687","풍납백제문화공원","127.114529","37.535097","일반차로"
"24908","123000688","마천터널","127.1502360518","37.5042699797","일반차로"
"24909","123000691","가락근린공원.경찰병원","127.1252211403","37.4970782334","일반차로"
"24910","123000692","가락근린공원.경찰병원","127.1250226569","37.4971633542","일반차로"
"24912","123000627","송파레미니스아파트","127.136912144","37.5078664119","일반차로"
"24913","123000629","송파레미니스아파트","127.137183599","37.5082386325","일반차로"
"24915","123000674","한강극동아파트후문","127.1124924101","37.5307280713","일반차로"
"24916","123000675","토성초등학교.한강극동아파트","127.1144039912","37.5298706007","일반차로"
"24917","123000676","풍납2동주민센터","127.1163442903","37.5289853588","일반차로"
"24918","123000698","잠신고등학교","127.091066","37.516551","일반차로"
"24919","123000697","잠신고등학교","127.090655","37.51646","일반차로"
"24920","123000696","잠일고등학교","127.084768","37.515716","일반차로"
"24921","123000700","잠일고등학교","127.084403","37.515627","일반차로"
"24922","123000699","한강버스잠실선착장","127.085241","37.516437","일반차로"
"24923","123000701","잠실새내역1번출구","127.088213","37.511331","일반차로"
"24998","123000511","잠실역7번출구(광역)","127.0991375288","37.5150672672","일반차로"
"25001","124000361","상일초교","127.1713598368","37.5461252651","중앙차로"
"25002","124000362","상일초교","127.1706308587","37.5457940987","중앙차로"
"25003","124000369","초이동","127.1615969135","37.5421385963","중앙차로"
"25004","124000370","초이동","127.1610838354","37.5418463392","중앙차로"
"25005","124000360","강동자이.프라자아파트","127.1488398094","37.5367333585","중앙차로"
"25006","124000363","강동자이?프라자아파트","127.1477890164","37.5362100889","중앙차로"
"25007","124000359","길동주민센터.둔촌2동주민센터","127.1429328548","37.5342743542","중앙차로"
"25008","124000364","길동주민센터.둔촌2동주민센터","127.142104768","37.533885728","중앙차로"
"25009","124000358","길동사거리.강동세무서","127.1367996291","37.5345204402","중앙차로"
"25010","124000365","길동사거리.강동세무서","127.1358552825","37.5347332654","중앙차로"
"25011","124000357","강동역","127.1324489471","37.5359016775","중앙차로"
"25012","124000366","강동역","127.1315158731","37.5361076979","중앙차로"
"25013","124000453","천호역","127.1270521339","37.5376532944","중앙차로"
"25014","124000454","천호역","127.1255385876","37.5379482005","중앙차로"
"25101","124000001","강동공영차고지","127.1738851475","37.5640659626","일반차로"
"25102","124000002","강동공영차고지","127.1743327049","37.5641768855","일반차로"
"25103","124000003","고덕리엔파크1단지","127.1704714177","37.5611595214","일반차로"
"25104","124000004","고덕리엔파크1단지","127.170696","37.561365","일반차로"
"25105","124000005","해뜨는주유소","127.1708038471","37.559100428","일반차로"
"25106","124000006","해뜨는주유소","127.170989","37.559757","일반차로"
"25107","124000007","고덕천교차로","127.171147352","37.5563241348","일반차로"
"25108","124000008","고덕천교차로","127.171561","37.556043","일반차로"
"25109","124000009","고덕자이.고덕천물놀이장","127.1720516501","37.5534666908","일반차로"
"25110","124000010","강명초등학교.고덕천물놀이장","127.172373","37.553372","일반차로"
"25111","124000011","고덕자이","127.1725023454","37.5516025716","일반차로"
"25112","124000012","고덕리엔파크3단지","127.1727253894","37.55188966","일반차로"
"25113","124000448","상일동산.롯데캐슬베네루체","127.1651954955","37.5499723005","일반차로"
"25114","124000451","상일동산.롯데캐슬베네루체","127.1654359105","37.549944934","일반차로"
"25115","124000449","상일근린공원","127.1670055389","37.5473142929","일반차로"
"25116","124000450","상일근린공원","127.1672436805","37.5473948164","일반차로"
"25117","124000017","GS강동자이아파트.둔촌동프라자아파트","127.1490315784","37.5370016433","가로변전일"
"25118","124000018","둔촌동프라자아파트.GS강동자이아파트","127.1480886874","37.5361286235","일반차로"
"25119","124000019","둔촌푸르지오아파트","127.1441944201","37.5350319702","일반차로"
"25120","124000020","둔촌푸르지오아파트","127.1446715983","37.5346425877","가로변시간"
"25121","124000021","길동주민센터.서울양병원","127.1418251888","37.5341203242","일반차로"
"25122","124000022","둔촌2동주민센터.서울양병원","127.141927","37.533652","일반차로"
"25123","124000023","길동사거리.강동세무서","127.1375233178","37.5344456779","가로변시간"
"25124","124000024","길동사거리.강동세무서","127.1371820569","37.5341240126","가로변시간"
"25125","124000025","강동역1번출구.동신중학교","127.1318584385","37.5362807584","가로변시간"
"25126","124000026","강동역.강풀만화거리입구","127.1309700608","37.5360510195","가로변시간"
"25127","124000027","천호역5번출구","127.127021248","37.5377884776","일반차로"
"25128","124000028","천호역.성내2동주민센터","127.1272890134","37.5372250644","가로변전일"
"25131","124000031","상일동역4번출구.센트럴푸르지오","127.1696338816","37.5572370526","일반차로"
"25132","124000032","상일동역6번출구.고덕아르테온","127.1678730363","37.5568093436","일반차로"
"25133","124000033","상일동역1번출구","127.1639451385","37.5565176079","일반차로"
"25134","124000034","상일동역8번출구","127.1648526809","37.5563907851","일반차로"
"25135","124000035","고덕그라시움","127.160701874","37.5561075345","일반차로"
"25136","124000036","고덕그라시움","127.1602719709","37.5557278909","일반차로"
"25137","124000037","고덕평생학습관.온조대왕체육관","127.1581417355","37.5556884118","일반차로"
"25138","124000038","고덕평생학습관.온조대왕체육관","127.1580919351","37.5555051376","일반차로"
"25139","124000039","고덕역","127.15584924","37.555373079","일반차로"
"25140","124000040","고덕역","127.154997","37.55504","일반차로"
"25141","124000041","배재중고등학교","127.1493253657","37.5548565699","일반차로"
"25142","124000042","배재중고등학교","127.1497180078","37.5545407237","일반차로"
"25143","124000043","서울기술교육원동부.장애인복지관","127.146584873","37.5547923189","일반차로"
"25144","124000044","서울기술교육원동부.장애인복지관","127.1457517147","37.5546166466","일반차로"
"25145","124000045","명일초등학교","127.1434373656","37.5548673708","일반차로"
"25146","124000046","명일초등학교","127.143468","37.554602","일반차로"
"25147","124000047","암사3동주민센터(강동롯데캐슬퍼스트)","127.1391936489","37.5548779586","일반차로"
"25148","124000048","암사3동주민센터.프라이어팰리스","127.1393191473","37.5545587211","일반차로"
"25149","124000049","강일중.선사고","127.1370263647","37.5548602212","일반차로"
"25150","124000050","강일중.선사고","127.1360922644","37.5546247899","일반차로"
"25151","124000051","신암중학교","127.1313639495","37.5548390685","일반차로"
"25152","124000052","신암중학교","127.131345","37.554645","일반차로"
"25153","124000053","삼성광나루아파트","127.128557","37.55338","일반차로"
"25154","124000054","삼성광나루아파트","127.1288157342","37.5532319019","일반차로"
"25155","124000055","암사역.선사현대아파트","127.1275580607","37.5506992115","일반차로"
"25156","124000056","암사역2번출구.암사종합시장","127.127528264","37.5496007079","일반차로"
"25157","124000057","천호동공원","127.1259116562","37.5459692284","일반차로"
"25158","124000058","천호동공원","127.1262318717","37.5460717587","일반차로"
"25159","124000059","서울현대요양병원","127.124789","37.54297","일반차로"
"25160","124000060","서울현대요양병원","127.124856045","37.5420613974","일반차로"
"25161","124000061","천호역2번출구.현대백화점","127.123922439","37.5403483565","일반차로"
"25162","124000062","천호역3번출구.현대백화점","127.1240057241","37.5399531076","일반차로"
"25163","124000063","천호역8번출구","127.1227694856","37.535973076","가로변시간"
"25164","124000064","강동구청역1번출구.영파여고","127.1213543415","37.5321522885","일반차로"
"25165","124000065","상일동역2번출구","127.1651251793","37.5573380664","일반차로"
"25166","124000066","상일동역2번출구","127.1654238958","37.5571801903","일반차로"
"25167","124000067","고덕초등학교","127.165391","37.560169","일반차로"
"25168","124000068","고덕초등학교","127.1656449814","37.5600425618","일반차로"
"25169","124000069","강덕초등학교.고덕그라시움","127.16279594","37.5603785827","일반차로"
"25170","124000070","강덕초등학교.고덕그라시움","127.1628838541","37.5602581374","일반차로"
"25171","124000071","광문고.서울컨벤션고","127.1576291349","37.5605856361","일반차로"
"25172","124000072","광문고.서울컨벤션고","127.1565150315","37.5604492511","일반차로"
"25173","124000073","고덕아이파크아파트","127.1540688553","37.5597406341","일반차로"
"25174","124000074","고덕아이파크아파트","127.1537814711","37.5593688285","일반차로"
"25175","124000075","명일중학교","127.1487291657","37.5582427163","일반차로"
"25176","124000076","명일중학교","127.1488761534","37.5584235613","일반차로"
"25177","124000077","강동경희대병원.명일동이마트","127.1567607504","37.5545494691","일반차로"
"25178","124000078","강동아트센터.강동경희대병원","127.1561087396","37.5523444556","일반차로"
"25179","124000079","강동아트센터.강동경희대병원후문","127.1564472994","37.5510654125","일반차로"
"25180","124000080","한영중고.한영외고","127.155872","37.548057","일반차로"
"25181","124000081","한영중고.한영외고","127.156276817","37.5480044986","일반차로"
"25182","124000082","길동자연생태공원","127.1525922642","37.539039881","일반차로"
"25183","124000083","길동자연생태공원","127.1530135068","37.5391799069","일반차로"
"25184","124000084","일자산입구.둔촌도서관","127.149622018","37.5319956052","일반차로"
"25185","124000085","일자산입구.둔촌도서관","127.149636","37.530986","일반차로"
"25186","124000086","서하남IC입구","127.1433323234","37.5176144108","일반차로"
"25187","124000087","동북고등학교.둔촌오륜역","127.1400431567","37.5189585979","일반차로"
"25188","124000088","오륜교회앞","127.1320753742","37.5224763077","일반차로"
"25190","124000089","농협둔촌동지점","127.1435151543","37.5289127518","일반차로"
"25191","124000090","둔촌하이츠아파트","127.1428079276","37.529879855","일반차로"
"25192","124000091","약수터","127.14163794","37.5323253058","일반차로"
"25193","124000092","약수터","127.1413837195","37.5325058105","일반차로"
"25194","124000093","명일여자고등학교","127.149072066","37.5484260207","일반차로"
"25195","124000094","명일여자고등학교","127.1493031571","37.5483514975","일반차로"
"25196","124000095","길동성당","127.1479777593","37.5444066925","일반차로"
"25197","124000096","길동성당","127.1481898961","37.544390659","일반차로"
"25198","124000097","길동신동아아파트","127.1471322012","37.5413040547","일반차로"
"25199","124000098","길동신동아아파트","127.1473292706","37.5413876109","일반차로"
"25200","124000437","강일리버10단지.미사강변센텀팰리스","127.181785","37.56003","일반차로"
"25201","124000438","강솔초등학교.윤슬중학교","127.181400584","37.5619034578","일반차로"
"25202","124000462","강일리버5단지.미사강변루나리움","127.17919","37.567494","일반차로"
"25203","124000440","강일리버7단지.미사강변17단지","127.18013","37.56425","일반차로"
"25204","124000099","보훈회관","127.1452995611","37.5264562493","일반차로"
"25205","124000100","보훈회관","127.1453852609","37.5262975611","일반차로"
"25206","124000470","신암중.선사고","127.134587","37.55657","일반차로"
"25207","124000471","신암중.선사고","127.133034","37.556546","일반차로"
"25208","124000472","암사역사공원역1번출구","127.138716","37.55731","일반차로"
"25209","124000473","암사역사공원역3번출구","127.137212","37.55711","일반차로"
"25210","124000101","성내동농협입구교차로","127.1312576314","37.5303537171","일반차로"
"25211","124000102","성내동농협입구교차로","127.1309512282","37.5302518225","일반차로"
"25212","124000103","성내종합사회복지관","127.1280340549","37.531255132","일반차로"
"25213","124000104","성내종합사회복지관","127.1281257543","37.5310374848","일반차로"
"25214","124000105","성내삼성.청구아파트","127.1255463243","37.5319215281","일반차로"
"25215","124000106","성내삼성.청구아파트","127.1261519928","37.5315856264","일반차로"
"25216","124000107","성내주유소","127.1220776578","37.5329248061","일반차로"
"25217","124000108","성내주유소","127.1222823858","37.5327031853","일반차로"
"25218","124000109","서울강동농협길일지점","127.1427532477","37.5409643096","일반차로"
"25219","124000110","서울강동농협길일지점","127.1431647199","37.540733131","일반차로"
"25220","124000111","참잘함한방병원","127.1398826123","37.5411335464","일반차로"
"25221","124000112","참잘함한방병원","127.1400389837","37.5409317609","일반차로"
"25222","124000113","천동초등학교.천호도서관","127.136664078","37.5404236471","일반차로"
"25223","124000114","천동초등학교.천호도서관","127.136948","37.540437","일반차로"
"25224","124000115","강동성심병원(동신중학교)","127.1355","37.537458","일반차로"
"25225","124000116","강동성심병원(동신중학교)","127.1352326667","37.5373426452","일반차로"
"25226","124000117","조은마디병원","127.1339143218","37.5341470568","일반차로"
"25227","124000118","조은마디병원","127.1337616896","37.5344721128","일반차로"
"25230","124000119","JYP엔터테인먼트.윤선생영어교실","127.1291706243","37.5247728157","일반차로"
"25231","124000120","JYP엔터테인먼트.윤선생영어교실","127.1294413478","37.5249590467","일반차로"
"25232","124000121","명일역3번출구.래미안솔베뉴","127.1442239125","37.5518873966","일반차로"
"25233","124000122","명일역2번출구","127.1439708949","37.5521499237","일반차로"
"25234","124000123","명일역1번출구.명일전통시장","127.143670283","37.5500246088","일반차로"
"25235","124000124","명일역4번출구.명일전통시장","127.1440658281","37.5503142792","일반차로"
"25236","124000125","굽은다리사거리","127.143327835","37.5479101562","일반차로"
"25237","124000126","굽은다리사거리","127.143558605","37.5472655932","일반차로"
"25238","124000127","십자성마을","127.1419714912","37.5434576822","일반차로"
"25239","124000128","십자성마을","127.1421222263","37.5429790193","일반차로"
"25240","124000129","길동역1번출구","127.1399400757","37.5379724338","일반차로"
"25241","124000130","길동역3번출구","127.1400078708","37.5373136521","일반차로"
"25242","124000131","서울프라임한방병원","127.1389352122","37.5355253414","일반차로"
"25243","124000132","서울프라임한방병원","127.1393639919","37.535436462","일반차로"
"25244","124000133","강동리바트","127.1373320955","37.5313641488","일반차로"
"25245","124000134","동명약국앞","127.137186","37.529719","일반차로"
"25246","124000135","둔촌동역4번출구","127.1361248068","37.5282558591","일반차로"
"25247","124000136","둔촌동역2번출구","127.136444","37.527528","일반차로"
"25248","124000137","한국전력공사강동송파지사","127.13491","37.524796","일반차로"
"25249","124000138","한국전력공사.올림픽파크포레온","127.1353304596","37.5244872348","일반차로"
"25250","124000139","고덕자이.상일여고","127.1712887597","37.5509164233","일반차로"
"25251","124000140","고덕자이.상일여고","127.1721418273","37.550846179","일반차로"
"25252","124000141","상일1동주민센터.고덕사회체육센터","127.1681684889","37.5504652771","일반차로"
"25253","124000142","상일1동주민센터.롯데캐슬베네루체","127.1682562999","37.5502885957","일반차로"
"25254","124000143","고덕숲아이파크","127.1646290433","37.5506341451","일반차로"
"25255","124000144","고덕숲아이파크","127.1647425084","37.550453945","일반차로"
"25256","124000145","강동고등학교","127.1603416661","37.5502212128","일반차로"
"25257","124000146","강동고등학교","127.1606808361","37.5502623446","일반차로"
"25259","124000148","한영중고앞사거리","127.1567382863","37.5492276384","일반차로"
"25260","124000149","고덕현대아파트","127.1532127307","37.5492766686","일반차로"
"25261","124000150","한영중고교앞교차로","127.1556548346","37.5490766847","일반차로"
"25262","124000151","고덕삼환.주공9단지아파트","127.1516086272","37.5492742341","일반차로"
"25263","124000152","고덕삼환.주공9단지아파트","127.1520920996","37.5491249477","일반차로"
"25264","124000153","명일여자고등학교","127.1484178305","37.5494552042","일반차로"
"25265","124000154","명일여자고등학교","127.1488528373","37.5491493481","일반차로"
"25266","124000155","명일1동주민센터","127.1462720633","37.5504780577","일반차로"
"25267","124000156","명일1동주민센터","127.1463681139","37.5501976117","일반차로"
"25268","124000474","강동롯데캐슬퍼스트","127.143043","37.558453","일반차로"
"25269","124000475","강동롯데캐슬퍼스트","127.143034","37.5586","일반차로"
"25270","124000476","래미안힐스테이트고덕","127.150388","37.561812","일반차로"
"25271","124000477","래미안힐스테이트고덕","127.1514603982","37.5620876642","일반차로"
"25272","124000478","샘터근린공원교차로","127.1540143466","37.5622840097","일반차로"
"25273","124000479","샘터근린공원교차로","127.153899","37.56246","일반차로"
"25274","124000480","고덕풍경채어바니티","127.1686082459","37.562326533","일반차로"
"25275","124000481","고덕풍경채어바니티","127.169549","37.562416","일반차로"
"25276","124000484","올림픽파크포레온121동앞","127.140955","37.524908","일반차로"
"25277","124000485","올림픽파크포레온418동앞","127.1409","37.524184","일반차로"
"25278","124000486","동북중학교","127.139261","37.520423","일반차로"
"25279","124000487","동북중학교","127.139267","37.520063","일반차로"
"25281","124000169","강동구청","127.1225423765","37.5302045345","일반차로"
"25282","124000170","강동구청","127.1225673748","37.5299251982","일반차로"
"25283","124000171","강동보건소앞","127.1254928964","37.5288274095","일반차로"
"25284","124000172","강동보건소건너","127.125423019","37.5285596644","일반차로"
"25285","124000173","한양수자인아파트","127.1286297229","37.5273514477","일반차로"
"25286","124000174","한양수자인아파트","127.1285588725","37.5272203296","일반차로"
"25287","124000175","서울장애인복지관","127.1490836595","37.5552000891","일반차로"
"25288","124000176","서울장애인복지관","127.14888648","37.5550804924","일반차로"
"25289","124000177","명일동신동아아파트","127.152321267","37.5549528287","일반차로"
"25290","124000178","명일동신동아아파트","127.1518429396","37.5545613021","일반차로"
"25291","124000498","고덕비즈밸리입구교차로","127.160845","37.563965","일반차로"
"25292","124000497","고덕비즈밸리입구교차로","127.160736","37.563745","일반차로"
"25293","124000496","지식산업센터","127.159377","37.565741","일반차로"
"25294","124000501","강동아이파크더리버","127.157905","37.566005","일반차로"
"25295","124000183","상일동동아아파트","127.167551316","37.5457877308","일반차로"
"25296","124000184","상일동동아아파트","127.1675745452","37.5455480066","일반차로"
"25297","124000185","상일동주몽재활원","127.1633225482","37.5459774785","일반차로"
"25298","124000186","상일동주몽재활원","127.1636849642","37.5457576125","일반차로"
"25299","124000187","상일동빌라단지","127.1591117744","37.545459898","일반차로"
"25300","124000188","상일동빌라단지","127.1595703997","37.5456169539","일반차로"
"25301","124000502","강동아이파크더리버","127.157665","37.565636","일반차로"
"25302","124000190","중앙보훈병원역1번출구","127.1480518756","37.5279919512","일반차로"
"25303","124000191","중앙보훈병원역1번출구","127.148076709","37.5272087335","일반차로"
"25304","124000503","샘터근린공원","127.156808","37.563923","일반차로"
"25305","124000504","샘터근린공원","127.157125","37.563775","일반차로"
"25306","124000505","고덕산생태육교","127.147648","37.561295","일반차로"
"25307","124000506","고덕산생태육교","127.146161","37.560545","일반차로"
"25309","124000192","강동첨단업무단지.상일여고입구","127.1730829007","37.5486425295","일반차로"
"25310","124000193","강동첨단업무단지.상일여고입구","127.1732465045","37.5494046152","일반차로"
"25311","124000194","천동초교입구사거리","127.1410120284","37.5399553721","일반차로"
"25312","124000195","천동초교입구사거리","127.1406623307","37.5399404705","일반차로"
"25313","124000196","강동구청역.농협중앙회","127.1201139304","37.5291461005","가로변시간"
"25314","124000197","성내구립도서관.사회적경제지원센터","127.1332543151","37.5326925318","일반차로"
"25315","124000198","성내구립도서관.사회적경제지원센터","127.1327670107","37.5322659606","일반차로"
"25316","124000444","둔촌습지앞","127.1456203728","37.5219004141","일반차로"
"25317","124000429","강일리버파크6단지","127.1755232692","37.5638687832","일반차로"
"25318","124000201","강일동주민센터","127.173929","37.566015","일반차로"
"25319","124000202","강일동주민센터","127.1738750475","37.5657160096","일반차로"
"25320","124000203","강일리버파크4단지.2단지","127.176556","37.568441","일반차로"
"25321","124000204","강일리버파크2단지.4단지","127.1765456511","37.5686218353","일반차로"
"25322","124000205","강일고등학교.강일리버파크7단지","127.177918","37.565067","일반차로"
"25323","124000206","강일고등학교.강일리버파크7단지","127.1784008104","37.5647110133","일반차로"
"25324","124000207","강일리버파크6단지","127.176236674","37.5628090509","일반차로"
"25326","124000209","강일초등학교","127.175752","37.565095","일반차로"
"25327","124000210","강일초등학교","127.1768636035","37.5658737494","일반차로"
"25328","124000341","강일리버파크9단지.10단지","127.1794626974","37.5595533554","일반차로"
"25329","124000329","강일리버파크10단지.9단지","127.1797196537","37.5595583711","일반차로"
"25330","124000445","중앙보훈병원역2번출구","127.1486791218","37.5295979733","일반차로"
"25331","124000446","중앙보훈병원역3번출구","127.1489407046","37.529322747","일반차로"
"25332","124000211","강일리버파크8단지","127.1777180853","37.5622718862","일반차로"
"25333","124000212","강일리버파크8단지","127.177967","37.562648","일반차로"
"25334","124000213","강일리버파크4단지.5단지","127.177374","37.56656","일반차로"
"25335","124000214","강일리버파크5단지.4단지","127.1774839621","37.567123716","일반차로"
"25336","124000215","강일리버파크1단지.3단지","127.1733008447","37.5670368114","일반차로"
"25337","124000216","강일리버파크3단지.1단지","127.174408","37.568207","일반차로"
"25338","124000447","상일파출소.고덕아르테온","127.1657708619","37.555557676","일반차로"
"25339","124000338","강일리버파크9단지후문","127.18013794","37.5616924212","일반차로"
"25340","124000339","강일리버파크9단지후문","127.1799002887","37.561716212","일반차로"
"25341","124000344","강동공영차고지","127.174627","37.564251","일반차로"
"25342","124000368","강일역.고덕리엔파크2단지.3단지","127.173781","37.557258","일반차로"
"25343","124000367","강일역.고덕리엔파크3단지.2단지","127.1741238123","37.5570976195","일반차로"
"25344","124000402","고덕리엔파크2단지","127.1730237586","37.5568389632","일반차로"
"25345","124000403","강명초등학교.고덕리엔파크3단지","127.1737828521","37.5540437436","일반차로"
"25346","124000404","강명초등학교.고덕리엔파크3단지","127.1733353217","37.5538259097","일반차로"
"25347","124000407","고덕리엔파크2단지","127.1733644426","37.5568348591","일반차로"
"25348","124000405","굽은다리역구민회관.강동홈플러스","127.1427891583","37.545694751","일반차로"
"25349","124000406","굽은다리역구민회관.강동홈플러스","127.143063","37.545612","일반차로"
"25350","124000413","삼성E&A","127.174955829","37.5499109397","일반차로"
"25351","124000428","삼성E&A","127.1747803242","37.5498684022","일반차로"
"25352","124000412","고덕리엔파크3단지서문","127.1738483769","37.5512572809","일반차로"
"25353","124000411","고덕리엔파크3단지서문","127.1738479436","37.5510707551","일반차로"
"25357","124000418","천동초교삼거리","127.1367999069","37.5415666821","일반차로"
"25358","124000419","천동초교삼거리","127.1362376583","37.5419296212","일반차로"
"25359","124000420","동아하이빌","127.1341268185","37.544085363","일반차로"
"25360","124000421","동아하이빌","127.1340840381","37.5438916969","일반차로"
"25361","124000414","천일초교사거리","127.1323090477","37.5446006791","일반차로"
"25362","124000415","천일초교사거리","127.1312462814","37.5445369862","일반차로"
"25363","124000417","천일중.구강사","127.1290082846","37.5451182045","일반차로"
"25364","124000416","천일중.구강사","127.1290018939","37.5449352859","일반차로"
"25365","124000427","고덕센트럴.고덕숲아이파크","127.165386","37.551342","일반차로"
"25366","124000426","고덕숲.고덕센트럴아이파크","127.165146","37.551649","일반차로"
"25367","124000425","고현초등학교.고덕센트럴아이파크","127.165331","37.552914","일반차로"
"25368","124000424","고현초등학교.고덕숲아이파크","127.1650716662","37.5539659708","일반차로"
"25369","124000423","현대토파즈아파트","127.1258610776","37.5253053335","일반차로"
"25370","124000422","성내유수지체육공원","127.1218418512","37.527080206","일반차로"
"25371","124000431","서울기술교육원동부.명덕초교","127.1448067818","37.5562272083","일반차로"
"25372","124000430","아남.대우아파트","127.1447615587","37.5577139082","일반차로"
"25373","124000432","강동롯데캐슬퍼스트아파트","127.1445591127","37.5569077643","일반차로"
"25374","124000452","천호역1번출구.문구거리","127.1222319467","37.5392936965","일반차로"
"25375","124000457","강동리버스트7.6단지","127.1721319634","37.5706447521","일반차로"
"25376","124000456","강동리버스트6.7단지","127.1719505031","37.5704941","일반차로"
"25377","124000458","강동리버스트상가","127.1740030851","37.5720993671","일반차로"
"25378","124000459","힐스테이트리슈빌강일501동","127.1746743791","37.5724769381","일반차로"
"25379","124000460","강동리버스트8단지","127.1770529573","37.5729462716","일반차로"
"25381","124000461","강일역3번출구","127.177015543","37.5576403005","일반차로"
"25382","124000467","상일2동주민센터.고덕어반브릿지","127.1794170581","37.556006698","일반차로"
"25383","124000468","상일2동주민센터.고덕어반브릿지","127.179726","37.556268","일반차로"
"25384","124000466","강동리엔파크11단지","127.179748","37.553478","일반차로"
"25385","124000465","강동리엔파크11단지","127.1798392415","37.553588681","일반차로"
"25386","124000464","강동리엔파크13.14단지","127.1816669472","37.5512590584","일반차로"
"25387","124000463","강동리엔파크13.14단지","127.1817343335","37.5513716529","일반차로"
"25388","124000469","강일역2번출구","127.17737109","37.5579262075","일반차로"
"25501","124900026","가래여울","127.1689220104","37.5765373836","마을버스"
"25505","124900024","신명초교입구교차로","127.1467529825","37.5400880474","마을버스"
"25508","124900102","길동초등학교","127.1464238219","37.5390026354","마을버스"
"25509","124900022","강일리버파크1단지103동","127.1727484509","37.5680002929","마을버스"
"25510","124900100","길동우성아파트.은평교회맞은편","127.1455450213","37.5363256639","마을버스"
"25512","124900106","둔촌푸르지오아파트사거리","127.1449229185","37.5343756009","마을버스"
"25513","124900062","강일고등학교.강일리버파크7단지","127.1779895218","37.5650288184","마을버스"
"25514","124900021","둔촌고앞","127.1437301419","37.5316854362","마을버스"
"25516","124900020","구립둔촌어린이집","127.1430346175","37.5300877341","마을버스"
"25517","124900119","고덕1동주민센터.두레근린공원","127.151465352","37.5581605018","마을버스"
"25518","124900121","고덕역1번출구","127.1531515358","37.5553179348","마을버스"
"25520","124900123","명일신동아아파트","127.152717","37.552739","마을버스"
"25522","124900107","한산초등학교","127.1416277447","37.527451917","마을버스"
"25523","124900017","상일동역3.4번출구","127.1679754044","37.5570366996","마을버스"
"25524","124900016","한산중학교","127.1389985407","37.5281885341","마을버스"
"25525","124900124","시립강동노인종합복지관","127.153233","37.552741","마을버스"
"25526","124900072","고덕리엔파크1단지","127.170520124","37.5612429559","마을버스"
"25527","124900015","둔촌역","127.137631","37.528598","마을버스"
"25528","124900122","고덕역1번출구","127.153287","37.555741","마을버스"
"25529","124900120","고덕1동주민센터.두레근린공원","127.1517169476","37.5582760602","마을버스"
"25530","124900096","우리은행둔촌역지점.발리호텔","127.1360979027","37.5290164166","마을버스"
"25532","124900097","둔촌청구아파트","127.1342126479","37.5295051666","마을버스"
"25533","124900014","고덕중학교","127.1610298468","37.5607702765","마을버스"
"25534","124900093","성내동농협입구교차로","127.1313345271","37.5303284009","마을버스"
"25535","124900116","농협둔촌동지점","127.143696504","37.5290882264","마을버스"
"25536","124900094","성내복지관","127.1280943379","37.5311925076","마을버스"
"25537","124900013","고덕아이파크101동","127.1559730955","37.5605725168","마을버스"
"25538","124900090","성내삼성아파트.공안과","127.1256096517","37.5318998345","마을버스"
"25539","124900118","9호선중앙보훈병원역1번출구","127.147509378","37.5277928417","마을버스"
"25540","124900095","성내주유소","127.1221432471","37.5328991827","마을버스"
"25541","124900012","묘곡초교사거리","127.151627345","37.559319351","마을버스"
"25542","124900117","선린초등학교","127.14446","37.529032","마을버스"
"25543","124900011","아남.대우아파트","127.1445857174","37.5574978845","마을버스"
"25544","124900010","롯데캐슬아파트","127.1444776533","37.5561042049","마을버스"
"25545","124900009","명일동국민은행.래미안솔베뉴","127.1441672987","37.5537289168","마을버스"
"25546","124900068","명일역","127.1439571157","37.5520472158","마을버스"
"25547","124900008","성덕고등학교","127.1433061388","37.5507648497","마을버스"
"25549","124900006","천호우성아파트","127.1397441084","37.5505952077","마을버스"
"25550","124900005","성내주유소","127.1222640082","37.5327089263","마을버스"
"25551","124900004","약국앞","127.1375044877","37.5500706967","마을버스"
"25552","124900091","성내삼성아파트.공안과","127.126183","37.53165","마을버스"
"25553","124900003","강동농협","127.1353709023","37.5480835452","마을버스"
"25554","124900092","성내복지관","127.1280545065","37.5310582873","마을버스"
"25556","124900002","성내동농협입구교차로","127.131262924","37.5301455577","마을버스"
"25557","124900001","고분다리","127.1312860033","37.5426653669","마을버스"
"25558","124900098","둔촌청구아파트","127.1336774558","37.5294985648","마을버스"
"25560","124900099","둔촌시장.발리호텔","127.1359945857","37.5288209974","마을버스"
"25561","124900086","천호동로데오거리","127.1271982797","37.540564881","마을버스"
"25562","124900075","서울.경기양돈농협","127.1334687776","37.547634262","마을버스"
"25563","124900028","둔촌역","127.137231","37.528562","마을버스"
"25564","124000508","한산중학교","127.140128","37.527774","마을버스"
"25565","124900029","브라운스톤","127.130071564","37.5490807055","마을버스"
"25566","124900030","한산초등학교","127.142588","37.527106","마을버스"
"25568","124900076","암사종합시장","127.128379","37.549833","마을버스"
"25570","124900085","천호역5번출구","127.1270531861","37.5377527162","마을버스"
"25571","124900032","암사역","127.1278571069","37.5506330065","마을버스"
"25573","124900142","구립둔촌어린이집","127.143354","37.530511","마을버스"
"25574","124900077","암사삼성.현대아파트","127.1288699863","37.5535201618","마을버스"
"25575","124900033","둔촌고등학교","127.1439441771","37.5317806918","마을버스"
"25576","124900087","천호우체국","127.1253621434","37.5408597005","마을버스"
"25577","124900034","고덕주유소.선사초등학교","127.129569","37.555382","마을버스"
"25578","124900035","둔촌푸르지오아파트사거리","127.1450862778","37.5343357062","마을버스"
"25579","124900088","천호동로데오거리","127.126833","37.540478","마을버스"
"25580","124900036","선사마을","127.1304452986","37.557670789","마을버스"
"25581","124900037","길동은평교회","127.1458326287","37.5364235286","마을버스"
"25582","124900038","천호시장","127.1293711544","37.5406526302","마을버스"
"25583","124900039","서울암사동유적","127.1311704207","37.5593681789","마을버스"
"25584","124900103","길동초등학교","127.1465126841","37.5387294931","마을버스"
"25585","124900082","고분다리","127.1316893468","37.5429343454","마을버스"
"25586","124900040","서원마을","127.1330896356","37.563753054","마을버스"
"25587","124900104","신명초교입구교차로","127.1469372022","37.5403287195","마을버스"
"25589","124900042","서울암사동유적","127.1308364383","37.5593289013","마을버스"
"25591","124900043","강동농협","127.1358971506","37.5484091555","마을버스"
"25592","124900044","선사마을","127.1300088207","37.5572645099","마을버스"
"25593","124000482","고덕아이파크101동","127.156037","37.560448","마을버스"
"25594","124900080","약국앞","127.1375200461","37.5499147893","마을버스"
"25595","124900078","선사초등학교","127.1291908257","37.5550594945","마을버스"
"25596","124000483","광문고.서울컨벤션고","127.157554","37.5605","일반차로"
"25597","124900083","천호우성아파트","127.1391291506","37.5503787701","마을버스"
"25601","124000488","고덕온빛채아파트","127.170216","37.563645","마을버스"
"25602","124900079","암사역","127.1277593685","37.5509557782","마을버스"
"25603","124000433","한영중고교앞교차로","127.1556458569","37.549091216","일반차로"
"25604","124000489","고덕풍경채어바니티","127.170017","37.563582","마을버스"
"25605","124000490","주원교회","127.164756","37.565946","마을버스"
"25606","124000491","주원교회","127.165133","37.565696","마을버스"
"25607","124000492","우진산전.디엠스퀘어","127.160461","37.567118","마을버스"
"25608","124000493","에이스메디칼타워","127.160906","37.56713","마을버스"
"25609","124000494","강동아이파크더리버.이케아","127.158736","37.566649","마을버스"
"25610","124900138","지식산업센터","127.159940671","37.5653235039","마을버스"
"25611","124900139","강동구청고덕별관","127.1565213227","37.557835126","마을버스"
"25612","124900140","강동구청고덕별관","127.1568206916","37.5563795973","마을버스"
"25613","124900141","광문고.컨벤션고","127.156966","37.559787","마을버스"
"25614","124000499","샘터배드민턴장","127.156754","37.562061","마을버스"
"25615","124000500","샘터배드민턴장","127.157098","37.56229","마을버스"
"25616","124000232","천호우체국","127.1254334028","37.5408398008","일반차로"
"25617","124000233","강동구청","127.1218466271","37.5314072721","일반차로"
"25618","124000495","강동아이파크더리버.이케아","127.158778","37.566966","마을버스"
"25619","124000507","광문고.컨벤션고","127.156672","37.559809","마을버스"
"25620","124000236","고분다리시장입구","127.1315503441","37.5430435328","일반차로"
"25621","124000237","고분다리시장입구","127.1317312927","37.5429766501","일반차로"
"25625","124000241","암사1동제1경로당","127.1376865764","37.5500020014","일반차로"
"25643","124000258","성덕중고등학교","127.1426910953","37.5506458538","일반차로"
"25644","124000259","성덕중고등학교","127.1429223457","37.5507022382","일반차로"
"25650","124000265","강동농협","127.1353378591","37.548070466","일반차로"
"25651","124000434","강동농협","127.1359045267","37.5484001176","일반차로"
"25653","124000268","암사1동제1경로당","127.137766155","37.5501947428","일반차로"
"25654","124000269","천호초교입구사거리","127.1342128515","37.5464912979","일반차로"
"25657","124000272","천호3동주민센터","127.1291639456","37.5405825715","일반차로"
"25658","124000273","천호초교입구사거리","127.1336463101","37.5458969151","일반차로"
"25659","124000274","천호3동주민센터","127.129416","37.540876","일반차로"
"25666","124900089","암사종합시장","127.1282504974","37.5496990461","마을버스"
"25674","124900047","명일동국민은행.래미안솔베뉴","127.1443598929","37.553371595","마을버스"
"25675","124900048","브라운스톤","127.1301481597","37.5488715672","마을버스"
"25678","124900133","삼익가든아파트","127.1485399627","37.5463048142","마을버스"
"25679","124900134","삼익가든아파트","127.1487789938","37.5461581277","마을버스"
"25680","124900135","둔촌신성미소지움아파트","127.143581","37.526944","마을버스"
"25681","124900136","둔촌신성미소지움아파트","127.1441698227","37.5266617041","마을버스"
"25682","124900137","9호선중앙보훈병원역1번출구","127.1475394189","37.5279111948","마을버스"
"25709","124000356","상일초등학교","127.171462455","37.5457731057","일반차로"
"25718","124000349","길동LG자이아파트","127.1480886874","37.5361286235","가로변시간"
"25719","124000352","강동구청역","127.121254373","37.5318061667","가로변전일"
"25720","124000351","천호역.성내2동주민센터","127.1270546134","37.5372846491","일반차로"
"25721","124000350","길동사거리","127.1369885559","37.5342003662","가로변시간"
"25722","124000348","상일초등학교","127.1715811881","37.546426778","일반차로"
"25723","124000347","강동자이아파트","127.1491230217","37.5370801291","가로변시간"
"25724","124000346","길동사거리","127.1370912321","37.5346642621","가로변시간"
"25725","124000345","천호역","127.1272955246","37.5377273648","가로변시간"
"25726","123000533","강동구청역","127.1205586271","37.5311797152","가로변전일"
"25727","124000355","둔촌동역","127.136461","37.527526","일반차로"
"25728","124000354","둔촌동역","127.135892873","37.527390066","일반차로"
"25730","124900050","서울.경기양돈농협","127.1332864085","37.5475443585","마을버스"
"25732","124900112","고덕래미안힐스테이트시니어센터","127.1479430795","37.5592945402","마을버스"
"25733","124900052","고덕1동주민센터.고덕래미안힐스테이트","127.1505497145","37.5587067757","마을버스"
"25736","124900053","고덕중학교","127.1606412781","37.5606230267","마을버스"
"25740","124900054","상일동역5번출구","127.168427776","37.5568896432","마을버스"
"25746","124900055","강일리버파크1단지.금화사","127.1733772273","37.5670276893","마을버스"
"25749","124900066","강일리버파크6단지","127.1754976862","37.5639305134","마을버스"
"25753","124900057","강일리버파크1단지정문","127.1728698017","37.5680965321","마을버스"
"25760","124900111","가래여울","127.1690128239","37.5765642585","마을버스"
"25761","124900127","강동리버스트4단지","127.1719948336","37.5737736537","마을버스"
"25762","124900129","힐스테이트리슈빌강일503동","127.176673894","37.5730121616","마을버스"
"25763","124900130","강동리버스트8단지","127.1761086097","37.5725963295","마을버스"
"25764","124900128","강빛초.중학교","127.1728","37.57415","마을버스"
"25781","124000398","굽은다리역","127.1430234065","37.5454038956","일반차로"
"25782","124000399","굽은다리역","127.1427436931","37.5455889387","일반차로"
"25783","124000435","명일동국민은행.래미안솔베뉴","127.1441906691","37.5541445883","일반차로"
"25784","124000436","명일동국민은행.래미안솔베뉴","127.1443598929","37.553371595","일반차로"
"25990","124900108","암사삼성.현대아파트","127.1286195152","37.553596538","마을버스"
"25994","124000335","천호우체국.로데오거리","127.1272740832","37.5405557883","일반차로"
"25995","124000334","천호우성아파트","127.1393385419","37.550385732","일반차로"
"25996","124000333","천호우성아파트","127.1400463819","37.5506426076","일반차로"
"25997","124000332","라움포레아파트","127.123596182","37.533630263","일반차로"
"25998","124000331","성내시장","127.1254968434","37.536154934","일반차로"
"25999","124000330","천호동로데오거리","127.1273370925","37.5403430618","일반차로"